pair,family_type,assessment_id,assessment_family,different,comparable,projects,rate,ci_low,ci_high,cohort
Debian ↔ Fedora,CROSS_FAMILY,AmbientCapabilities,AmbientCapabilities,2,335,178,0.005970149253731343,0.0,0.016877637130801686,C1X
Debian ↔ Fedora,CROSS_FAMILY,CapabilityBoundingSet_CAP_AUDIT,CapabilityBoundingSet,11,335,178,0.03283582089552239,0.012658227848101266,0.06498194945848375,C1X
Debian ↔ Fedora,CROSS_FAMILY,CapabilityBoundingSet_CAP_BLOCK_SUSPEND,CapabilityBoundingSet,10,335,178,0.029850746268656716,0.01162723250418173,0.059480660293857304,C1X
Debian ↔ Fedora,CROSS_FAMILY,CapabilityBoundingSet_CAP_BPF,CapabilityBoundingSet,11,335,178,0.03283582089552239,0.012269938650306749,0.06538461538461539,C1X
Debian ↔ Fedora,CROSS_FAMILY,CapabilityBoundingSet_CAP_CHOWN_FSETID_SETFCAP,CapabilityBoundingSet,7,335,178,0.020895522388059702,0.005796961557831123,0.04593741115308069,C1X
Debian ↔ Fedora,CROSS_FAMILY,CapabilityBoundingSet_CAP_DAC_FOWNER_IPC_OWNER,CapabilityBoundingSet,6,335,178,0.01791044776119403,0.0035967999793713418,0.04230769230769231,C1X
Debian ↔ Fedora,CROSS_FAMILY,CapabilityBoundingSet_CAP_IPC_LOCK,CapabilityBoundingSet,10,335,178,0.029850746268656716,0.010945452752022097,0.05992538900506858,C1X
Debian ↔ Fedora,CROSS_FAMILY,CapabilityBoundingSet_CAP_KILL,CapabilityBoundingSet,12,335,178,0.03582089552238806,0.015526748456819799,0.069108818011257,C1X
Debian ↔ Fedora,CROSS_FAMILY,CapabilityBoundingSet_CAP_LEASE,CapabilityBoundingSet,10,335,178,0.029850746268656716,0.010450973730247084,0.06060606060606061,C1X
Debian ↔ Fedora,CROSS_FAMILY,CapabilityBoundingSet_CAP_LINUX_IMMUTABLE,CapabilityBoundingSet,11,335,178,0.03283582089552239,0.012538694374537016,0.06488673540200256,C1X
Debian ↔ Fedora,CROSS_FAMILY,CapabilityBoundingSet_CAP_MAC,CapabilityBoundingSet,11,335,178,0.03283582089552239,0.012244585907757599,0.06530808477237046,C1X
Debian ↔ Fedora,CROSS_FAMILY,CapabilityBoundingSet_CAP_MKNOD,CapabilityBoundingSet,12,335,178,0.03582089552238806,0.01503702951071372,0.07055414281478775,C1X
Debian ↔ Fedora,CROSS_FAMILY,CapabilityBoundingSet_CAP_NET_ADMIN,CapabilityBoundingSet,9,335,178,0.026865671641791045,0.010452734236406146,0.051284584980237115,C1X
Debian ↔ Fedora,CROSS_FAMILY,CapabilityBoundingSet_CAP_NET_BIND_SERVICE_BROADCAST_RAW),CapabilityBoundingSet,4,335,178,0.011940298507462687,0.0,0.031500914938449524,C1X
Debian ↔ Fedora,CROSS_FAMILY,CapabilityBoundingSet_CAP_SET_UID_GID_PCAP,CapabilityBoundingSet,10,335,178,0.029850746268656716,0.011151383725733169,0.06071464719491035,C1X
Debian ↔ Fedora,CROSS_FAMILY,CapabilityBoundingSet_CAP_SYSLOG,CapabilityBoundingSet,14,335,178,0.041791044776119404,0.01858671370289549,0.08,C1X
Debian ↔ Fedora,CROSS_FAMILY,CapabilityBoundingSet_CAP_SYS_ADMIN,CapabilityBoundingSet,9,335,178,0.026865671641791045,0.009584664536741214,0.056392493330099415,C1X
Debian ↔ Fedora,CROSS_FAMILY,CapabilityBoundingSet_CAP_SYS_BOOT,CapabilityBoundingSet,10,335,178,0.029850746268656716,0.01140641104480456,0.06153846153846154,C1X
Debian ↔ Fedora,CROSS_FAMILY,CapabilityBoundingSet_CAP_SYS_CHROOT,CapabilityBoundingSet,8,335,178,0.023880597014925373,0.0072284812326228,0.051589412360688924,C1X
Debian ↔ Fedora,CROSS_FAMILY,CapabilityBoundingSet_CAP_SYS_MODULE,CapabilityBoundingSet,13,335,178,0.03880597014925373,0.01694915254237288,0.0743801652892562,C1X
Debian ↔ Fedora,CROSS_FAMILY,CapabilityBoundingSet_CAP_SYS_NICE_RESOURCE,CapabilityBoundingSet,10,335,178,0.029850746268656716,0.011538461538461539,0.06060606060606061,C1X
Debian ↔ Fedora,CROSS_FAMILY,CapabilityBoundingSet_CAP_SYS_PACCT,CapabilityBoundingSet,11,335,178,0.03283582089552239,0.012722376762841247,0.06722689075630252,C1X
Debian ↔ Fedora,CROSS_FAMILY,CapabilityBoundingSet_CAP_SYS_PTRACE,CapabilityBoundingSet,11,335,178,0.03283582089552239,0.012460736029782449,0.06461870503597117,C1X
Debian ↔ Fedora,CROSS_FAMILY,CapabilityBoundingSet_CAP_SYS_RAWIO,CapabilityBoundingSet,12,335,178,0.03582089552238806,0.01440206155118436,0.06938917233560088,C1X
Debian ↔ Fedora,CROSS_FAMILY,CapabilityBoundingSet_CAP_SYS_TIME,CapabilityBoundingSet,15,335,178,0.04477611940298507,0.020407008957429123,0.08456023755656107,C1X
Debian ↔ Fedora,CROSS_FAMILY,CapabilityBoundingSet_CAP_SYS_TTY_CONFIG,CapabilityBoundingSet,11,335,178,0.03283582089552239,0.012244398982086721,0.06538461538461539,C1X
Debian ↔ Fedora,CROSS_FAMILY,CapabilityBoundingSet_CAP_WAKE_ALARM,CapabilityBoundingSet,15,335,178,0.04477611940298507,0.021147504361516533,0.084,C1X
Debian ↔ Fedora,CROSS_FAMILY,Delegate,Delegate,0,335,178,0.0,0.0,0.0,C1X
Debian ↔ Fedora,CROSS_FAMILY,DeviceAllow,DeviceAllow,14,335,178,0.041791044776119404,0.021390056778487685,0.07563343519225867,C1X
Debian ↔ Fedora,CROSS_FAMILY,IPAddressDeny,IPAddressDeny,0,335,178,0.0,0.0,0.0,C1X
Debian ↔ Fedora,CROSS_FAMILY,KeyringMode,KeyringMode,0,335,178,0.0,0.0,0.0,C1X
Debian ↔ Fedora,CROSS_FAMILY,LockPersonality,LockPersonality,10,335,178,0.029850746268656716,0.010545906732326405,0.05970297912826304,C1X
Debian ↔ Fedora,CROSS_FAMILY,MemoryDenyWriteExecute,MemoryDenyWriteExecute,14,335,178,0.041791044776119404,0.018823160612207263,0.07817623088162357,C1X
Debian ↔ Fedora,CROSS_FAMILY,NoNewPrivileges,NoNewPrivileges,12,335,178,0.03582089552238806,0.014925373134328358,0.06996084930585576,C1X
Debian ↔ Fedora,CROSS_FAMILY,NotifyAccess,NotifyAccess,1,335,178,0.0029850746268656717,0.0,0.011812190719243082,C1X
Debian ↔ Fedora,CROSS_FAMILY,PrivateDevices,PrivateDevices,11,335,178,0.03283582089552239,0.014748178032274857,0.061224489795918366,C1X
Debian ↔ Fedora,CROSS_FAMILY,PrivateMounts,PrivateMounts,0,335,178,0.0,0.0,0.0,C1X
Debian ↔ Fedora,CROSS_FAMILY,PrivateNetwork,PrivateNetwork,0,335,178,0.0,0.0,0.0,C1X
Debian ↔ Fedora,CROSS_FAMILY,PrivateTmp,PrivateTmp,22,335,178,0.06567164179104477,0.03206950362562608,0.11740929027113237,C1X
Debian ↔ Fedora,CROSS_FAMILY,PrivateUsers,PrivateUsers,2,335,178,0.005970149253731343,0.0,0.02325807619219977,C1X
Debian ↔ Fedora,CROSS_FAMILY,ProcSubset,ProcSubset,1,335,178,0.0029850746268656717,0.0,0.011627906976744186,C1X
Debian ↔ Fedora,CROSS_FAMILY,ProtectClock,ProtectClock,11,335,178,0.03283582089552239,0.012784486386739617,0.06608020533731386,C1X
Debian ↔ Fedora,CROSS_FAMILY,ProtectControlGroups,ProtectControlGroups,17,335,178,0.050746268656716415,0.0273972602739726,0.08889338731443988,C1X
Debian ↔ Fedora,CROSS_FAMILY,ProtectHome,ProtectHome,17,335,178,0.050746268656716415,0.02388049220191179,0.09302325581395349,C1X
Debian ↔ Fedora,CROSS_FAMILY,ProtectHostname,ProtectHostname,10,335,178,0.029850746268656716,0.011160247960604856,0.060085836909871244,C1X
Debian ↔ Fedora,CROSS_FAMILY,ProtectKernelLogs,ProtectKernelLogs,11,335,178,0.03283582089552239,0.014961663006662448,0.06135283616614699,C1X
Debian ↔ Fedora,CROSS_FAMILY,ProtectKernelModules,ProtectKernelModules,16,335,178,0.04776119402985075,0.025192884305982155,0.08403361344537816,C1X
Debian ↔ Fedora,CROSS_FAMILY,ProtectKernelTunables,ProtectKernelTunables,14,335,178,0.041791044776119404,0.018441680076435683,0.08046440489432696,C1X
Debian ↔ Fedora,CROSS_FAMILY,ProtectProc,ProtectProc,4,335,178,0.011940298507462687,0.0,0.028253273355289512,C1X
Debian ↔ Fedora,CROSS_FAMILY,ProtectSystem,ProtectSystem,21,335,178,0.0626865671641791,0.03187226583860636,0.11063829787234042,C1X
Debian ↔ Fedora,CROSS_FAMILY,RemoveIPC,RemoveIPC,25,335,178,0.07462686567164178,0.027272108000990832,0.1572636207772415,C1X
Debian ↔ Fedora,CROSS_FAMILY,RestrictAddressFamilies_AF_INET_INET6,RestrictAddressFamilies,0,335,178,0.0,0.0,0.0,C1X
Debian ↔ Fedora,CROSS_FAMILY,RestrictAddressFamilies_AF_NETLINK,RestrictAddressFamilies,6,335,178,0.01791044776119403,0.003483717733865426,0.04069904133556899,C1X
Debian ↔ Fedora,CROSS_FAMILY,RestrictAddressFamilies_AF_PACKET,RestrictAddressFamilies,7,335,178,0.020895522388059702,0.005713878713878714,0.046875,C1X
Debian ↔ Fedora,CROSS_FAMILY,RestrictAddressFamilies_AF_UNIX,RestrictAddressFamilies,0,335,178,0.0,0.0,0.0,C1X
Debian ↔ Fedora,CROSS_FAMILY,RestrictAddressFamilies_OTHER,RestrictAddressFamilies,6,335,178,0.01791044776119403,0.0035211267605633804,0.04065040650406504,C1X
Debian ↔ Fedora,CROSS_FAMILY,RestrictNamespaces_cgroup,RestrictNamespaces,8,335,178,0.023880597014925373,0.00729882715611934,0.050982478097622,C1X
Debian ↔ Fedora,CROSS_FAMILY,RestrictNamespaces_ipc,RestrictNamespaces,8,335,178,0.023880597014925373,0.00784313725490196,0.05147137717748042,C1X
Debian ↔ Fedora,CROSS_FAMILY,RestrictNamespaces_mnt,RestrictNamespaces,8,335,178,0.023880597014925373,0.007245940282870613,0.05166382440716833,C1X
Debian ↔ Fedora,CROSS_FAMILY,RestrictNamespaces_net,RestrictNamespaces,7,335,178,0.020895522388059702,0.005762999983469344,0.04743083003952569,C1X
Debian ↔ Fedora,CROSS_FAMILY,RestrictNamespaces_pid,RestrictNamespaces,8,335,178,0.023880597014925373,0.007352941176470588,0.05144753641006241,C1X
Debian ↔ Fedora,CROSS_FAMILY,RestrictNamespaces_user,RestrictNamespaces,8,335,178,0.023880597014925373,0.007259199347694574,0.05243938497930212,C1X
Debian ↔ Fedora,CROSS_FAMILY,RestrictNamespaces_uts,RestrictNamespaces,8,335,178,0.023880597014925373,0.007228915662650603,0.051587301587301584,C1X
Debian ↔ Fedora,CROSS_FAMILY,RestrictRealtime,RestrictRealtime,12,335,178,0.03582089552238806,0.014887678926100953,0.06896551724137931,C1X
Debian ↔ Fedora,CROSS_FAMILY,RestrictSUIDSGID,RestrictSUIDSGID,9,335,178,0.026865671641791045,0.008710422663232843,0.05555555555555555,C1X
Debian ↔ Fedora,CROSS_FAMILY,RootDirectoryOrRootImage,RootDirectoryOrRootImage,4,335,178,0.011940298507462687,0.0,0.030770308123249285,C1X
Debian ↔ Fedora,CROSS_FAMILY,SupplementaryGroups,SupplementaryGroups,22,335,178,0.06567164179104477,0.021365248226950354,0.14705882352941177,C1X
Debian ↔ Fedora,CROSS_FAMILY,SystemCallArchitectures,SystemCallArchitectures,11,335,178,0.03283582089552239,0.01524390243902439,0.056392493330099415,C1X
Debian ↔ Fedora,CROSS_FAMILY,SystemCallFilter_clock,SystemCallFilter,9,335,178,0.026865671641791045,0.011172665157525286,0.05128205128205128,C1X
Debian ↔ Fedora,CROSS_FAMILY,SystemCallFilter_cpu_emulation,SystemCallFilter,9,335,178,0.026865671641791045,0.011080076867250667,0.05306212750586959,C1X
Debian ↔ Fedora,CROSS_FAMILY,SystemCallFilter_debug,SystemCallFilter,9,335,178,0.026865671641791045,0.010569711805941916,0.051385578935131335,C1X
Debian ↔ Fedora,CROSS_FAMILY,SystemCallFilter_module,SystemCallFilter,9,335,178,0.026865671641791045,0.010790399938114027,0.05167304265800229,C1X
Debian ↔ Fedora,CROSS_FAMILY,SystemCallFilter_mount,SystemCallFilter,9,335,178,0.026865671641791045,0.01052576293675365,0.050724637681159424,C1X
Debian ↔ Fedora,CROSS_FAMILY,SystemCallFilter_obsolete,SystemCallFilter,9,335,178,0.026865671641791045,0.010898442127709986,0.05263543756752579,C1X
Debian ↔ Fedora,CROSS_FAMILY,SystemCallFilter_privileged,SystemCallFilter,9,335,178,0.026865671641791045,0.010388268062686667,0.051952282245441794,C1X
Debian ↔ Fedora,CROSS_FAMILY,SystemCallFilter_raw_io,SystemCallFilter,10,335,178,0.029850746268656716,0.012538205329153606,0.05581785838250602,C1X
Debian ↔ Fedora,CROSS_FAMILY,SystemCallFilter_reboot,SystemCallFilter,9,335,178,0.026865671641791045,0.011278195488721804,0.05106382978723404,C1X
Debian ↔ Fedora,CROSS_FAMILY,SystemCallFilter_resources,SystemCallFilter,9,335,178,0.026865671641791045,0.01139584915211339,0.052473196881091554,C1X
Debian ↔ Fedora,CROSS_FAMILY,SystemCallFilter_swap,SystemCallFilter,9,335,178,0.026865671641791045,0.010958654134586542,0.05219807802639128,C1X
Debian ↔ Fedora,CROSS_FAMILY,UMask,UMask,4,335,178,0.011940298507462687,0.0,0.031374398816130196,C1X
Debian ↔ Fedora,CROSS_FAMILY,UserOrDynamicUser,UserOrDynamicUser,22,335,178,0.06567164179104477,0.021025896658022215,0.14388555576203244,C1X
Debian ↔ Arch,CROSS_FAMILY,AmbientCapabilities,AmbientCapabilities,7,192,130,0.036458333333333336,0.011428571428571429,0.06779661016949153,C1X
Debian ↔ Arch,CROSS_FAMILY,CapabilityBoundingSet_CAP_AUDIT,CapabilityBoundingSet,20,192,130,0.10416666666666667,0.05201971316392191,0.1693121693121693,C1X
Debian ↔ Arch,CROSS_FAMILY,CapabilityBoundingSet_CAP_BLOCK_SUSPEND,CapabilityBoundingSet,20,192,130,0.10416666666666667,0.05025068263692894,0.1707347714180659,C1X
Debian ↔ Arch,CROSS_FAMILY,CapabilityBoundingSet_CAP_BPF,CapabilityBoundingSet,20,192,130,0.10416666666666667,0.05208182803468208,0.16915614236509757,C1X
Debian ↔ Arch,CROSS_FAMILY,CapabilityBoundingSet_CAP_CHOWN_FSETID_SETFCAP,CapabilityBoundingSet,19,192,130,0.09895833333333333,0.045871559633027525,0.16574585635359115,C1X
Debian ↔ Arch,CROSS_FAMILY,CapabilityBoundingSet_CAP_DAC_FOWNER_IPC_OWNER,CapabilityBoundingSet,17,192,130,0.08854166666666667,0.03723404255319149,0.15084308077281186,C1X
Debian ↔ Arch,CROSS_FAMILY,CapabilityBoundingSet_CAP_IPC_LOCK,CapabilityBoundingSet,20,192,130,0.10416666666666667,0.05101608439986164,0.17156935259310824,C1X
Debian ↔ Arch,CROSS_FAMILY,CapabilityBoundingSet_CAP_KILL,CapabilityBoundingSet,20,192,130,0.10416666666666667,0.05,0.16854095897569896,C1X
Debian ↔ Arch,CROSS_FAMILY,CapabilityBoundingSet_CAP_LEASE,CapabilityBoundingSet,20,192,130,0.10416666666666667,0.051424908424908426,0.17204749103942646,C1X
Debian ↔ Arch,CROSS_FAMILY,CapabilityBoundingSet_CAP_LINUX_IMMUTABLE,CapabilityBoundingSet,20,192,130,0.10416666666666667,0.04901694373401535,0.1682266123808642,C1X
Debian ↔ Arch,CROSS_FAMILY,CapabilityBoundingSet_CAP_MAC,CapabilityBoundingSet,20,192,130,0.10416666666666667,0.05027932960893855,0.1692328042328042,C1X
Debian ↔ Arch,CROSS_FAMILY,CapabilityBoundingSet_CAP_MKNOD,CapabilityBoundingSet,23,192,130,0.11979166666666667,0.06451612903225806,0.1868145743145743,C1X
Debian ↔ Arch,CROSS_FAMILY,CapabilityBoundingSet_CAP_NET_ADMIN,CapabilityBoundingSet,19,192,130,0.09895833333333333,0.04568469971953735,0.1650943396226415,C1X
Debian ↔ Arch,CROSS_FAMILY,CapabilityBoundingSet_CAP_NET_BIND_SERVICE_BROADCAST_RAW),CapabilityBoundingSet,7,192,130,0.036458333333333336,0.01020408163265306,0.06914893617021277,C1X
Debian ↔ Arch,CROSS_FAMILY,CapabilityBoundingSet_CAP_SET_UID_GID_PCAP,CapabilityBoundingSet,17,192,130,0.08854166666666667,0.03827751196172249,0.15217391304347827,C1X
Debian ↔ Arch,CROSS_FAMILY,CapabilityBoundingSet_CAP_SYSLOG,CapabilityBoundingSet,21,192,130,0.109375,0.05583051325437113,0.17544092945128775,C1X
Debian ↔ Arch,CROSS_FAMILY,CapabilityBoundingSet_CAP_SYS_ADMIN,CapabilityBoundingSet,19,192,130,0.09895833333333333,0.04624055135615829,0.1634685672514619,C1X
Debian ↔ Arch,CROSS_FAMILY,CapabilityBoundingSet_CAP_SYS_BOOT,CapabilityBoundingSet,19,192,130,0.09895833333333333,0.04672897196261682,0.16501785714285688,C1X
Debian ↔ Arch,CROSS_FAMILY,CapabilityBoundingSet_CAP_SYS_CHROOT,CapabilityBoundingSet,18,192,130,0.09375,0.041879363001745204,0.15760869565217392,C1X
Debian ↔ Arch,CROSS_FAMILY,CapabilityBoundingSet_CAP_SYS_MODULE,CapabilityBoundingSet,21,192,130,0.109375,0.05493958777540867,0.17708333333333334,C1X
Debian ↔ Arch,CROSS_FAMILY,CapabilityBoundingSet_CAP_SYS_NICE_RESOURCE,CapabilityBoundingSet,19,192,130,0.09895833333333333,0.045191392115787474,0.16439329078455775,C1X
Debian ↔ Arch,CROSS_FAMILY,CapabilityBoundingSet_CAP_SYS_PACCT,CapabilityBoundingSet,20,192,130,0.10416666666666667,0.05116213002114165,0.16756912982346506,C1X
Debian ↔ Arch,CROSS_FAMILY,CapabilityBoundingSet_CAP_SYS_PTRACE,CapabilityBoundingSet,19,192,130,0.09895833333333333,0.045454545454545456,0.1676145519982808,C1X
Debian ↔ Arch,CROSS_FAMILY,CapabilityBoundingSet_CAP_SYS_RAWIO,CapabilityBoundingSet,23,192,130,0.11979166666666667,0.06382363792891403,0.1885741239892183,C1X
Debian ↔ Arch,CROSS_FAMILY,CapabilityBoundingSet_CAP_SYS_TIME,CapabilityBoundingSet,23,192,130,0.11979166666666667,0.06348847231200172,0.18994413407821228,C1X
Debian ↔ Arch,CROSS_FAMILY,CapabilityBoundingSet_CAP_SYS_TTY_CONFIG,CapabilityBoundingSet,20,192,130,0.10416666666666667,0.052083333333333336,0.1708542713567839,C1X
Debian ↔ Arch,CROSS_FAMILY,CapabilityBoundingSet_CAP_WAKE_ALARM,CapabilityBoundingSet,24,192,130,0.125,0.06862229102167183,0.19355661619486492,C1X
Debian ↔ Arch,CROSS_FAMILY,Delegate,Delegate,0,192,130,0.0,0.0,0.0,C1X
Debian ↔ Arch,CROSS_FAMILY,DeviceAllow,DeviceAllow,21,192,130,0.109375,0.060483402100525135,0.1683208674128282,C1X
Debian ↔ Arch,CROSS_FAMILY,IPAddressDeny,IPAddressDeny,0,192,130,0.0,0.0,0.0,C1X
Debian ↔ Arch,CROSS_FAMILY,KeyringMode,KeyringMode,0,192,130,0.0,0.0,0.0,C1X
Debian ↔ Arch,CROSS_FAMILY,LockPersonality,LockPersonality,14,192,130,0.07291666666666667,0.03553299492385787,0.1182864981709344,C1X
Debian ↔ Arch,CROSS_FAMILY,MemoryDenyWriteExecute,MemoryDenyWriteExecute,13,192,130,0.06770833333333333,0.031914893617021274,0.1111111111111111,C1X
Debian ↔ Arch,CROSS_FAMILY,NoNewPrivileges,NoNewPrivileges,24,192,130,0.125,0.07462289615751032,0.18579870377430416,C1X
Debian ↔ Arch,CROSS_FAMILY,NotifyAccess,NotifyAccess,0,192,130,0.0,0.0,0.0,C1X
Debian ↔ Arch,CROSS_FAMILY,PrivateDevices,PrivateDevices,16,192,130,0.08333333333333333,0.04093500797448166,0.1330054910290595,C1X
Debian ↔ Arch,CROSS_FAMILY,PrivateMounts,PrivateMounts,0,192,130,0.0,0.0,0.0,C1X
Debian ↔ Arch,CROSS_FAMILY,PrivateNetwork,PrivateNetwork,0,192,130,0.0,0.0,0.0,C1X
Debian ↔ Arch,CROSS_FAMILY,PrivateTmp,PrivateTmp,25,192,130,0.13020833333333334,0.08406483493190611,0.18497109826589594,C1X
Debian ↔ Arch,CROSS_FAMILY,PrivateUsers,PrivateUsers,6,192,130,0.03125,0.00558659217877095,0.06486486486486487,C1X
Debian ↔ Arch,CROSS_FAMILY,ProcSubset,ProcSubset,2,192,130,0.010416666666666666,0.0,0.027777777777777776,C1X
Debian ↔ Arch,CROSS_FAMILY,ProtectClock,ProtectClock,11,192,130,0.057291666666666664,0.024752475247524754,0.09743902439024386,C1X
Debian ↔ Arch,CROSS_FAMILY,ProtectControlGroups,ProtectControlGroups,14,192,130,0.07291666666666667,0.03614302571109179,0.1183485329103885,C1X
Debian ↔ Arch,CROSS_FAMILY,ProtectHome,ProtectHome,24,192,130,0.125,0.07981220657276995,0.18324607329842932,C1X
Debian ↔ Arch,CROSS_FAMILY,ProtectHostname,ProtectHostname,14,192,130,0.07291666666666667,0.03539711272012157,0.11702257394914373,C1X
Debian ↔ Arch,CROSS_FAMILY,ProtectKernelLogs,ProtectKernelLogs,13,192,130,0.06770833333333333,0.03225806451612903,0.11167654482034993,C1X
Debian ↔ Arch,CROSS_FAMILY,ProtectKernelModules,ProtectKernelModules,15,192,130,0.078125,0.04020100502512563,0.12439365671641768,C1X
Debian ↔ Arch,CROSS_FAMILY,ProtectKernelTunables,ProtectKernelTunables,19,192,130,0.09895833333333333,0.05291005291005291,0.15464059919120576,C1X
Debian ↔ Arch,CROSS_FAMILY,ProtectProc,ProtectProc,8,192,130,0.041666666666666664,0.009477555217741216,0.08571428571428572,C1X
Debian ↔ Arch,CROSS_FAMILY,ProtectSystem,ProtectSystem,29,192,130,0.15104166666666666,0.09940623965574313,0.21250359195402294,C1X
Debian ↔ Arch,CROSS_FAMILY,RemoveIPC,RemoveIPC,27,192,130,0.140625,0.06340821566110398,0.24299065420560748,C1X
Debian ↔ Arch,CROSS_FAMILY,RestrictAddressFamilies_AF_INET_INET6,RestrictAddressFamilies,0,192,130,0.0,0.0,0.0,C1X
Debian ↔ Arch,CROSS_FAMILY,RestrictAddressFamilies_AF_NETLINK,RestrictAddressFamilies,4,192,130,0.020833333333333332,0.0,0.049757462686567076,C1X
Debian ↔ Arch,CROSS_FAMILY,RestrictAddressFamilies_AF_PACKET,RestrictAddressFamilies,6,192,130,0.03125,0.0055248618784530384,0.06417112299465241,C1X
Debian ↔ Arch,CROSS_FAMILY,RestrictAddressFamilies_AF_UNIX,RestrictAddressFamilies,1,192,130,0.005208333333333333,0.0,0.01764705882352941,C1X
Debian ↔ Arch,CROSS_FAMILY,RestrictAddressFamilies_OTHER,RestrictAddressFamilies,7,192,130,0.036458333333333336,0.01015228426395939,0.07017780938833566,C1X
Debian ↔ Arch,CROSS_FAMILY,RestrictNamespaces_cgroup,RestrictNamespaces,10,192,130,0.052083333333333336,0.0213903743315508,0.0913978494623656,C1X
Debian ↔ Arch,CROSS_FAMILY,RestrictNamespaces_ipc,RestrictNamespaces,10,192,130,0.052083333333333336,0.02061591329632567,0.09042553191489362,C1X
Debian ↔ Arch,CROSS_FAMILY,RestrictNamespaces_mnt,RestrictNamespaces,10,192,130,0.052083333333333336,0.0213903743315508,0.0903954802259887,C1X
Debian ↔ Arch,CROSS_FAMILY,RestrictNamespaces_net,RestrictNamespaces,10,192,130,0.052083333333333336,0.02061591329632567,0.09189344516930723,C1X
Debian ↔ Arch,CROSS_FAMILY,RestrictNamespaces_pid,RestrictNamespaces,10,192,130,0.052083333333333336,0.01990049751243781,0.09090909090909091,C1X
Debian ↔ Arch,CROSS_FAMILY,RestrictNamespaces_user,RestrictNamespaces,10,192,130,0.052083333333333336,0.020202020202020204,0.0914294425087108,C1X
Debian ↔ Arch,CROSS_FAMILY,RestrictNamespaces_uts,RestrictNamespaces,10,192,130,0.052083333333333336,0.020942408376963352,0.09230769230769231,C1X
Debian ↔ Arch,CROSS_FAMILY,RestrictRealtime,RestrictRealtime,14,192,130,0.07291666666666667,0.03589285714285714,0.1183485329103885,C1X
Debian ↔ Arch,CROSS_FAMILY,RestrictSUIDSGID,RestrictSUIDSGID,13,192,130,0.06770833333333333,0.03260743174924166,0.11267966775009024,C1X
Debian ↔ Arch,CROSS_FAMILY,RootDirectoryOrRootImage,RootDirectoryOrRootImage,3,192,130,0.015625,0.0,0.03571428571428571,C1X
Debian ↔ Arch,CROSS_FAMILY,SupplementaryGroups,SupplementaryGroups,17,192,130,0.08854166666666667,0.021502501293772645,0.1862893642305405,C1X
Debian ↔ Arch,CROSS_FAMILY,SystemCallArchitectures,SystemCallArchitectures,9,192,130,0.046875,0.016573444134971006,0.08374384236453201,C1X
Debian ↔ Arch,CROSS_FAMILY,SystemCallFilter_clock,SystemCallFilter,9,192,130,0.046875,0.01694915254237288,0.08620908454402237,C1X
Debian ↔ Arch,CROSS_FAMILY,SystemCallFilter_cpu_emulation,SystemCallFilter,9,192,130,0.046875,0.01685157868307074,0.08427135508325434,C1X
Debian ↔ Arch,CROSS_FAMILY,SystemCallFilter_debug,SystemCallFilter,9,192,130,0.046875,0.01595533603512327,0.08715729677832301,C1X
Debian ↔ Arch,CROSS_FAMILY,SystemCallFilter_module,SystemCallFilter,9,192,130,0.046875,0.016129032258064516,0.08333333333333333,C1X
Debian ↔ Arch,CROSS_FAMILY,SystemCallFilter_mount,SystemCallFilter,9,192,130,0.046875,0.016483516483516484,0.08421200473092842,C1X
Debian ↔ Arch,CROSS_FAMILY,SystemCallFilter_obsolete,SystemCallFilter,9,192,130,0.046875,0.016574585635359115,0.08284105397365066,C1X
Debian ↔ Arch,CROSS_FAMILY,SystemCallFilter_privileged,SystemCallFilter,9,192,130,0.046875,0.017341040462427744,0.08421200473092842,C1X
Debian ↔ Arch,CROSS_FAMILY,SystemCallFilter_raw_io,SystemCallFilter,10,192,130,0.052083333333333336,0.02061591329632567,0.09043762088974838,C1X
Debian ↔ Arch,CROSS_FAMILY,SystemCallFilter_reboot,SystemCallFilter,9,192,130,0.046875,0.01657230890656305,0.08485493230174072,C1X
Debian ↔ Arch,CROSS_FAMILY,SystemCallFilter_resources,SystemCallFilter,9,192,130,0.046875,0.016214036617262426,0.0847457627118644,C1X
Debian ↔ Arch,CROSS_FAMILY,SystemCallFilter_swap,SystemCallFilter,9,192,130,0.046875,0.016483516483516484,0.08556531703590521,C1X
Debian ↔ Arch,CROSS_FAMILY,UMask,UMask,3,192,130,0.015625,0.0,0.04301203889489117,C1X
Debian ↔ Arch,CROSS_FAMILY,UserOrDynamicUser,UserOrDynamicUser,22,192,130,0.11458333333333333,0.0425531914893617,0.21951766378650325,C1X
Ubuntu ↔ Fedora,CROSS_FAMILY,AmbientCapabilities,AmbientCapabilities,2,434,239,0.004608294930875576,0.0,0.013158980371721366,C1X
Ubuntu ↔ Fedora,CROSS_FAMILY,CapabilityBoundingSet_CAP_AUDIT,CapabilityBoundingSet,16,434,239,0.03686635944700461,0.01743119336225517,0.06705583801464836,C1X
Ubuntu ↔ Fedora,CROSS_FAMILY,CapabilityBoundingSet_CAP_BLOCK_SUSPEND,CapabilityBoundingSet,15,434,239,0.03456221198156682,0.015800797859314965,0.06358381502890173,C1X
Ubuntu ↔ Fedora,CROSS_FAMILY,CapabilityBoundingSet_CAP_BPF,CapabilityBoundingSet,16,434,239,0.03686635944700461,0.017737734360215803,0.06615996821345145,C1X
Ubuntu ↔ Fedora,CROSS_FAMILY,CapabilityBoundingSet_CAP_CHOWN_FSETID_SETFCAP,CapabilityBoundingSet,12,434,239,0.027649769585253458,0.01136309932978175,0.053477065602169145,C1X
Ubuntu ↔ Fedora,CROSS_FAMILY,CapabilityBoundingSet_CAP_DAC_FOWNER_IPC_OWNER,CapabilityBoundingSet,11,434,239,0.02534562211981567,0.009523432193796696,0.05063469424139773,C1X
Ubuntu ↔ Fedora,CROSS_FAMILY,CapabilityBoundingSet_CAP_IPC_LOCK,CapabilityBoundingSet,15,434,239,0.03456221198156682,0.01520896490597061,0.0630946553537111,C1X
Ubuntu ↔ Fedora,CROSS_FAMILY,CapabilityBoundingSet_CAP_KILL,CapabilityBoundingSet,17,434,239,0.03917050691244239,0.01922993019197208,0.06997084548104957,C1X
Ubuntu ↔ Fedora,CROSS_FAMILY,CapabilityBoundingSet_CAP_LEASE,CapabilityBoundingSet,15,434,239,0.03456221198156682,0.0152370820668693,0.06321839080459771,C1X
Ubuntu ↔ Fedora,CROSS_FAMILY,CapabilityBoundingSet_CAP_LINUX_IMMUTABLE,CapabilityBoundingSet,16,434,239,0.03686635944700461,0.01672707558859975,0.06630251539784007,C1X
Ubuntu ↔ Fedora,CROSS_FAMILY,CapabilityBoundingSet_CAP_MAC,CapabilityBoundingSet,15,434,239,0.03456221198156682,0.015520634593238112,0.06285714285714286,C1X
Ubuntu ↔ Fedora,CROSS_FAMILY,CapabilityBoundingSet_CAP_MKNOD,CapabilityBoundingSet,19,434,239,0.04377880184331797,0.021193653847721695,0.07647058823529412,C1X
Ubuntu ↔ Fedora,CROSS_FAMILY,CapabilityBoundingSet_CAP_NET_ADMIN,CapabilityBoundingSet,12,434,239,0.027649769585253458,0.011075599305477765,0.05240343145183026,C1X
Ubuntu ↔ Fedora,CROSS_FAMILY,CapabilityBoundingSet_CAP_NET_BIND_SERVICE_BROADCAST_RAW),CapabilityBoundingSet,8,434,239,0.018433179723502304,0.00468384074941452,0.03927492447129909,C1X
Ubuntu ↔ Fedora,CROSS_FAMILY,CapabilityBoundingSet_CAP_SET_UID_GID_PCAP,CapabilityBoundingSet,14,434,239,0.03225806451612903,0.01356572723689397,0.058651231180065204,C1X
Ubuntu ↔ Fedora,CROSS_FAMILY,CapabilityBoundingSet_CAP_SYSLOG,CapabilityBoundingSet,20,434,239,0.04608294930875576,0.023677982875091434,0.079755038190621,C1X
Ubuntu ↔ Fedora,CROSS_FAMILY,CapabilityBoundingSet_CAP_SYS_ADMIN,CapabilityBoundingSet,14,434,239,0.03225806451612903,0.014140543364681298,0.060061723115520556,C1X
Ubuntu ↔ Fedora,CROSS_FAMILY,CapabilityBoundingSet_CAP_SYS_BOOT,CapabilityBoundingSet,15,434,239,0.03456221198156682,0.015486404717481727,0.0630378946281525,C1X
Ubuntu ↔ Fedora,CROSS_FAMILY,CapabilityBoundingSet_CAP_SYS_CHROOT,CapabilityBoundingSet,13,434,239,0.029953917050691243,0.01204715947839385,0.057225236052915296,C1X
Ubuntu ↔ Fedora,CROSS_FAMILY,CapabilityBoundingSet_CAP_SYS_MODULE,CapabilityBoundingSet,18,434,239,0.041474654377880185,0.02029344085575687,0.0731722714954422,C1X
Ubuntu ↔ Fedora,CROSS_FAMILY,CapabilityBoundingSet_CAP_SYS_NICE_RESOURCE,CapabilityBoundingSet,15,434,239,0.03456221198156682,0.016042067101832647,0.06284234809070383,C1X
Ubuntu ↔ Fedora,CROSS_FAMILY,CapabilityBoundingSet_CAP_SYS_PACCT,CapabilityBoundingSet,15,434,239,0.03456221198156682,0.015413517118719432,0.06340286354695573,C1X
Ubuntu ↔ Fedora,CROSS_FAMILY,CapabilityBoundingSet_CAP_SYS_PTRACE,CapabilityBoundingSet,16,434,239,0.03686635944700461,0.01759498565950179,0.06686092801066508,C1X
Ubuntu ↔ Fedora,CROSS_FAMILY,CapabilityBoundingSet_CAP_SYS_RAWIO,CapabilityBoundingSet,19,434,239,0.04377880184331797,0.02178217821782178,0.07854984894259819,C1X
Ubuntu ↔ Fedora,CROSS_FAMILY,CapabilityBoundingSet_CAP_SYS_TIME,CapabilityBoundingSet,21,434,239,0.04838709677419355,0.02431019968214505,0.0828919199815232,C1X
Ubuntu ↔ Fedora,CROSS_FAMILY,CapabilityBoundingSet_CAP_SYS_TTY_CONFIG,CapabilityBoundingSet,16,434,239,0.03686635944700461,0.017175367755463095,0.06590790688863095,C1X
Ubuntu ↔ Fedora,CROSS_FAMILY,CapabilityBoundingSet_CAP_WAKE_ALARM,CapabilityBoundingSet,21,434,239,0.04838709677419355,0.025143531306806053,0.0835696245551838,C1X
Ubuntu ↔ Fedora,CROSS_FAMILY,Delegate,Delegate,0,434,239,0.0,0.0,0.0,C1X
Ubuntu ↔ Fedora,CROSS_FAMILY,DeviceAllow,DeviceAllow,18,434,239,0.041474654377880185,0.019919823194783057,0.07580244013651499,C1X
Ubuntu ↔ Fedora,CROSS_FAMILY,IPAddressDeny,IPAddressDeny,0,434,239,0.0,0.0,0.0,C1X
Ubuntu ↔ Fedora,CROSS_FAMILY,KeyringMode,KeyringMode,0,434,239,0.0,0.0,0.0,C1X
Ubuntu ↔ Fedora,CROSS_FAMILY,LockPersonality,LockPersonality,14,434,239,0.03225806451612903,0.013792764051045344,0.06015091453562271,C1X
Ubuntu ↔ Fedora,CROSS_FAMILY,MemoryDenyWriteExecute,MemoryDenyWriteExecute,18,434,239,0.041474654377880185,0.020179210658947285,0.07353166726813422,C1X
Ubuntu ↔ Fedora,CROSS_FAMILY,NoNewPrivileges,NoNewPrivileges,17,434,239,0.03917050691244239,0.019033611636024662,0.0683237675917918,C1X
Ubuntu ↔ Fedora,CROSS_FAMILY,NotifyAccess,NotifyAccess,1,434,239,0.002304147465437788,0.0,0.008571428571428572,C1X
Ubuntu ↔ Fedora,CROSS_FAMILY,PrivateDevices,PrivateDevices,15,434,239,0.03456221198156682,0.01491988586479368,0.06461662817551961,C1X
Ubuntu ↔ Fedora,CROSS_FAMILY,PrivateMounts,PrivateMounts,0,434,239,0.0,0.0,0.0,C1X
Ubuntu ↔ Fedora,CROSS_FAMILY,PrivateNetwork,PrivateNetwork,0,434,239,0.0,0.0,0.0,C1X
Ubuntu ↔ Fedora,CROSS_FAMILY,PrivateTmp,PrivateTmp,32,434,239,0.07373271889400922,0.04147437338428684,0.12138932431991113,C1X
Ubuntu ↔ Fedora,CROSS_FAMILY,PrivateUsers,PrivateUsers,4,434,239,0.009216589861751152,0.0,0.025909826576601843,C1X
Ubuntu ↔ Fedora,CROSS_FAMILY,ProcSubset,ProcSubset,1,434,239,0.002304147465437788,0.0,0.008645533141210375,C1X
Ubuntu ↔ Fedora,CROSS_FAMILY,ProtectClock,ProtectClock,15,434,239,0.03456221198156682,0.015349758324382384,0.06265680519837452,C1X
Ubuntu ↔ Fedora,CROSS_FAMILY,ProtectControlGroups,ProtectControlGroups,22,434,239,0.05069124423963134,0.026185761047463178,0.08588957055214724,C1X
Ubuntu ↔ Fedora,CROSS_FAMILY,ProtectHome,ProtectHome,29,434,239,0.06682027649769585,0.037037037037037035,0.10882446016381235,C1X
Ubuntu ↔ Fedora,CROSS_FAMILY,ProtectHostname,ProtectHostname,14,434,239,0.03225806451612903,0.014056107333314522,0.05993712340659624,C1X
Ubuntu ↔ Fedora,CROSS_FAMILY,ProtectKernelLogs,ProtectKernelLogs,14,434,239,0.03225806451612903,0.013915008792510527,0.05975621848263346,C1X
Ubuntu ↔ Fedora,CROSS_FAMILY,ProtectKernelModules,ProtectKernelModules,20,434,239,0.04608294930875576,0.023635583300819354,0.07960309074098532,C1X
Ubuntu ↔ Fedora,CROSS_FAMILY,ProtectKernelTunables,ProtectKernelTunables,19,434,239,0.04377880184331797,0.021739130434782608,0.07614473703797428,C1X
Ubuntu ↔ Fedora,CROSS_FAMILY,ProtectProc,ProtectProc,5,434,239,0.01152073732718894,0.0,0.029650195557759516,C1X
Ubuntu ↔ Fedora,CROSS_FAMILY,ProtectSystem,ProtectSystem,30,434,239,0.06912442396313365,0.037950304209989835,0.11401477267991832,C1X
Ubuntu ↔ Fedora,CROSS_FAMILY,RemoveIPC,RemoveIPC,29,434,239,0.06682027649769585,0.03687044508068714,0.10946953327571303,C1X
Ubuntu ↔ Fedora,CROSS_FAMILY,RestrictAddressFamilies_AF_INET_INET6,RestrictAddressFamilies,0,434,239,0.0,0.0,0.0,C1X
Ubuntu ↔ Fedora,CROSS_FAMILY,RestrictAddressFamilies_AF_NETLINK,RestrictAddressFamilies,7,434,239,0.016129032258064516,0.0028167035923405605,0.03625377643504532,C1X
Ubuntu ↔ Fedora,CROSS_FAMILY,RestrictAddressFamilies_AF_PACKET,RestrictAddressFamilies,9,434,239,0.020737327188940093,0.006261430493969876,0.043010752688172046,C1X
Ubuntu ↔ Fedora,CROSS_FAMILY,RestrictAddressFamilies_AF_UNIX,RestrictAddressFamilies,0,434,239,0.0,0.0,0.0,C1X
Ubuntu ↔ Fedora,CROSS_FAMILY,RestrictAddressFamilies_OTHER,RestrictAddressFamilies,8,434,239,0.018433179723502304,0.004739056390261392,0.03986777231921961,C1X
Ubuntu ↔ Fedora,CROSS_FAMILY,RestrictNamespaces_cgroup,RestrictNamespaces,12,434,239,0.027649769585253458,0.011086474501108648,0.052288084464555046,C1X
Ubuntu ↔ Fedora,CROSS_FAMILY,RestrictNamespaces_ipc,RestrictNamespaces,12,434,239,0.027649769585253458,0.011259998788025694,0.05341763390903804,C1X
Ubuntu ↔ Fedora,CROSS_FAMILY,RestrictNamespaces_mnt,RestrictNamespaces,12,434,239,0.027649769585253458,0.010752688172043012,0.05397919226044223,C1X
Ubuntu ↔ Fedora,CROSS_FAMILY,RestrictNamespaces_net,RestrictNamespaces,11,434,239,0.02534562211981567,0.009145993429112372,0.04972473881280928,C1X
Ubuntu ↔ Fedora,CROSS_FAMILY,RestrictNamespaces_pid,RestrictNamespaces,12,434,239,0.027649769585253458,0.010987509758001562,0.052478829922695286,C1X
Ubuntu ↔ Fedora,CROSS_FAMILY,RestrictNamespaces_user,RestrictNamespaces,12,434,239,0.027649769585253458,0.010729111007693148,0.053413629322732935,C1X
Ubuntu ↔ Fedora,CROSS_FAMILY,RestrictNamespaces_uts,RestrictNamespaces,12,434,239,0.027649769585253458,0.010613015494104655,0.05246936076017708,C1X
Ubuntu ↔ Fedora,CROSS_FAMILY,RestrictRealtime,RestrictRealtime,16,434,239,0.03686635944700461,0.01682171648712278,0.06628242074927954,C1X
Ubuntu ↔ Fedora,CROSS_FAMILY,RestrictSUIDSGID,RestrictSUIDSGID,15,434,239,0.03456221198156682,0.01609111502642839,0.06280223581676499,C1X
Ubuntu ↔ Fedora,CROSS_FAMILY,RootDirectoryOrRootImage,RootDirectoryOrRootImage,5,434,239,0.01152073732718894,0.002015725806451613,0.02851238500980239,C1X
Ubuntu ↔ Fedora,CROSS_FAMILY,SupplementaryGroups,SupplementaryGroups,23,434,239,0.052995391705069124,0.028247120655836646,0.0896363372935381,C1X
Ubuntu ↔ Fedora,CROSS_FAMILY,SystemCallArchitectures,SystemCallArchitectures,12,434,239,0.027649769585253458,0.011869436201780416,0.04986495844875342,C1X
Ubuntu ↔ Fedora,CROSS_FAMILY,SystemCallFilter_clock,SystemCallFilter,10,434,239,0.02304147465437788,0.007791577354684151,0.04611061848814008,C1X
Ubuntu ↔ Fedora,CROSS_FAMILY,SystemCallFilter_cpu_emulation,SystemCallFilter,10,434,239,0.02304147465437788,0.0072992700729927005,0.046914449660928524,C1X
Ubuntu ↔ Fedora,CROSS_FAMILY,SystemCallFilter_debug,SystemCallFilter,10,434,239,0.02304147465437788,0.007832693871380298,0.04713884124261482,C1X
Ubuntu ↔ Fedora,CROSS_FAMILY,SystemCallFilter_module,SystemCallFilter,10,434,239,0.02304147465437788,0.00811680079555333,0.046783985826635545,C1X
Ubuntu ↔ Fedora,CROSS_FAMILY,SystemCallFilter_mount,SystemCallFilter,10,434,239,0.02304147465437788,0.008047483296573026,0.04703043098427489,C1X
Ubuntu ↔ Fedora,CROSS_FAMILY,SystemCallFilter_obsolete,SystemCallFilter,10,434,239,0.02304147465437788,0.00792066145928577,0.04645510954496696,C1X
Ubuntu ↔ Fedora,CROSS_FAMILY,SystemCallFilter_privileged,SystemCallFilter,10,434,239,0.02304147465437788,0.008196162951713049,0.04664723032069971,C1X
Ubuntu ↔ Fedora,CROSS_FAMILY,SystemCallFilter_raw_io,SystemCallFilter,11,434,239,0.02534562211981567,0.009344707672245163,0.04899446844408708,C1X
Ubuntu ↔ Fedora,CROSS_FAMILY,SystemCallFilter_reboot,SystemCallFilter,10,434,239,0.02304147465437788,0.007546814483175212,0.04678362573099415,C1X
Ubuntu ↔ Fedora,CROSS_FAMILY,SystemCallFilter_resources,SystemCallFilter,10,434,239,0.02304147465437788,0.00760432208692304,0.04717259913466253,C1X
Ubuntu ↔ Fedora,CROSS_FAMILY,SystemCallFilter_swap,SystemCallFilter,10,434,239,0.02304147465437788,0.007920792079207921,0.046513220770946134,C1X
Ubuntu ↔ Fedora,CROSS_FAMILY,UMask,UMask,11,434,239,0.02534562211981567,0.008546552949538025,0.051515151515151514,C1X
Ubuntu ↔ Fedora,CROSS_FAMILY,UserOrDynamicUser,UserOrDynamicUser,24,434,239,0.055299539170506916,0.029787067298072435,0.09365558912386707,C1X
Ubuntu ↔ Arch,CROSS_FAMILY,AmbientCapabilities,AmbientCapabilities,7,238,152,0.029411764705882353,0.008885964912280702,0.05454736440030555,C1X
Ubuntu ↔ Arch,CROSS_FAMILY,CapabilityBoundingSet_CAP_AUDIT,CapabilityBoundingSet,22,238,152,0.09243697478991597,0.04687218974820144,0.1497598111056831,C1X
Ubuntu ↔ Arch,CROSS_FAMILY,CapabilityBoundingSet_CAP_BLOCK_SUSPEND,CapabilityBoundingSet,22,238,152,0.09243697478991597,0.04743040411612375,0.14957729468599026,C1X
Ubuntu ↔ Arch,CROSS_FAMILY,CapabilityBoundingSet_CAP_BPF,CapabilityBoundingSet,22,238,152,0.09243697478991597,0.04878048780487805,0.1520018433179723,C1X
Ubuntu ↔ Arch,CROSS_FAMILY,CapabilityBoundingSet_CAP_CHOWN_FSETID_SETFCAP,CapabilityBoundingSet,21,238,152,0.08823529411764706,0.04494267369869296,0.14414519170333123,C1X
Ubuntu ↔ Arch,CROSS_FAMILY,CapabilityBoundingSet_CAP_DAC_FOWNER_IPC_OWNER,CapabilityBoundingSet,19,238,152,0.07983193277310924,0.0377310193830897,0.13478513650151663,C1X
Ubuntu ↔ Arch,CROSS_FAMILY,CapabilityBoundingSet_CAP_IPC_LOCK,CapabilityBoundingSet,22,238,152,0.09243697478991597,0.046152073732718894,0.1483050847457627,C1X
Ubuntu ↔ Arch,CROSS_FAMILY,CapabilityBoundingSet_CAP_KILL,CapabilityBoundingSet,22,238,152,0.09243697478991597,0.04669260700389105,0.15068665244028356,C1X
Ubuntu ↔ Arch,CROSS_FAMILY,CapabilityBoundingSet_CAP_LEASE,CapabilityBoundingSet,22,238,152,0.09243697478991597,0.04727116660163871,0.1478269328370834,C1X
Ubuntu ↔ Arch,CROSS_FAMILY,CapabilityBoundingSet_CAP_LINUX_IMMUTABLE,CapabilityBoundingSet,22,238,152,0.09243697478991597,0.048235645933014354,0.14876225254660772,C1X
Ubuntu ↔ Arch,CROSS_FAMILY,CapabilityBoundingSet_CAP_MAC,CapabilityBoundingSet,22,238,152,0.09243697478991597,0.047058823529411764,0.1512205369952859,C1X
Ubuntu ↔ Arch,CROSS_FAMILY,CapabilityBoundingSet_CAP_MKNOD,CapabilityBoundingSet,25,238,152,0.10504201680672269,0.05737704918032787,0.1632745825602967,C1X
Ubuntu ↔ Arch,CROSS_FAMILY,CapabilityBoundingSet_CAP_NET_ADMIN,CapabilityBoundingSet,20,238,152,0.08403361344537816,0.04081632653061224,0.14050459783494343,C1X
Ubuntu ↔ Arch,CROSS_FAMILY,CapabilityBoundingSet_CAP_NET_BIND_SERVICE_BROADCAST_RAW),CapabilityBoundingSet,6,238,152,0.025210084033613446,0.004464285714285714,0.05,C1X
Ubuntu ↔ Arch,CROSS_FAMILY,CapabilityBoundingSet_CAP_SET_UID_GID_PCAP,CapabilityBoundingSet,18,238,152,0.07563025210084033,0.0331915915092075,0.13192752355970058,C1X
Ubuntu ↔ Arch,CROSS_FAMILY,CapabilityBoundingSet_CAP_SYSLOG,CapabilityBoundingSet,23,238,152,0.09663865546218488,0.050579570349540595,0.15518199233716462,C1X
Ubuntu ↔ Arch,CROSS_FAMILY,CapabilityBoundingSet_CAP_SYS_ADMIN,CapabilityBoundingSet,21,238,152,0.08823529411764706,0.043824701195219126,0.14672082797082794,C1X
Ubuntu ↔ Arch,CROSS_FAMILY,CapabilityBoundingSet_CAP_SYS_BOOT,CapabilityBoundingSet,21,238,152,0.08823529411764706,0.04405286343612335,0.14418604651162792,C1X
Ubuntu ↔ Arch,CROSS_FAMILY,CapabilityBoundingSet_CAP_SYS_CHROOT,CapabilityBoundingSet,20,238,152,0.08403361344537816,0.04048582995951417,0.1401910149204787,C1X
Ubuntu ↔ Arch,CROSS_FAMILY,CapabilityBoundingSet_CAP_SYS_MODULE,CapabilityBoundingSet,23,238,152,0.09663865546218488,0.052,0.15418502202643172,C1X
Ubuntu ↔ Arch,CROSS_FAMILY,CapabilityBoundingSet_CAP_SYS_NICE_RESOURCE,CapabilityBoundingSet,21,238,152,0.08823529411764706,0.044605534902932675,0.14537858575830898,C1X
Ubuntu ↔ Arch,CROSS_FAMILY,CapabilityBoundingSet_CAP_SYS_PACCT,CapabilityBoundingSet,22,238,152,0.09243697478991597,0.04778974089635854,0.14767932489451477,C1X
Ubuntu ↔ Arch,CROSS_FAMILY,CapabilityBoundingSet_CAP_SYS_PTRACE,CapabilityBoundingSet,21,238,152,0.08823529411764706,0.043478260869565216,0.1422231520223152,C1X
Ubuntu ↔ Arch,CROSS_FAMILY,CapabilityBoundingSet_CAP_SYS_RAWIO,CapabilityBoundingSet,25,238,152,0.10504201680672269,0.05791505791505792,0.1611379303591712,C1X
Ubuntu ↔ Arch,CROSS_FAMILY,CapabilityBoundingSet_CAP_SYS_TIME,CapabilityBoundingSet,26,238,152,0.1092436974789916,0.061224489795918366,0.16810440189197437,C1X
Ubuntu ↔ Arch,CROSS_FAMILY,CapabilityBoundingSet_CAP_SYS_TTY_CONFIG,CapabilityBoundingSet,22,238,152,0.09243697478991597,0.046875,0.1459227467811159,C1X
Ubuntu ↔ Arch,CROSS_FAMILY,CapabilityBoundingSet_CAP_WAKE_ALARM,CapabilityBoundingSet,27,238,152,0.1134453781512605,0.06550218340611354,0.17355759903775264,C1X
Ubuntu ↔ Arch,CROSS_FAMILY,Delegate,Delegate,0,238,152,0.0,0.0,0.0,C1X
Ubuntu ↔ Arch,CROSS_FAMILY,DeviceAllow,DeviceAllow,25,238,152,0.10504201680672269,0.061298891920946,0.15686679630529893,C1X
Ubuntu ↔ Arch,CROSS_FAMILY,IPAddressDeny,IPAddressDeny,0,238,152,0.0,0.0,0.0,C1X
Ubuntu ↔ Arch,CROSS_FAMILY,KeyringMode,KeyringMode,0,238,152,0.0,0.0,0.0,C1X
Ubuntu ↔ Arch,CROSS_FAMILY,LockPersonality,LockPersonality,17,238,152,0.07142857142857142,0.03890757077686838,0.1111111111111111,C1X
Ubuntu ↔ Arch,CROSS_FAMILY,MemoryDenyWriteExecute,MemoryDenyWriteExecute,15,238,152,0.06302521008403361,0.031798922341429094,0.1015625,C1X
Ubuntu ↔ Arch,CROSS_FAMILY,NoNewPrivileges,NoNewPrivileges,25,238,152,0.10504201680672269,0.0625,0.1568649432867317,C1X
Ubuntu ↔ Arch,CROSS_FAMILY,NotifyAccess,NotifyAccess,1,238,152,0.004201680672268907,0.0,0.013392857142857142,C1X
Ubuntu ↔ Arch,CROSS_FAMILY,PrivateDevices,PrivateDevices,18,238,152,0.07563025210084033,0.039425112183557695,0.11894273127753303,C1X
Ubuntu ↔ Arch,CROSS_FAMILY,PrivateMounts,PrivateMounts,0,238,152,0.0,0.0,0.0,C1X
Ubuntu ↔ Arch,CROSS_FAMILY,PrivateNetwork,PrivateNetwork,0,238,152,0.0,0.0,0.0,C1X
Ubuntu ↔ Arch,CROSS_FAMILY,PrivateTmp,PrivateTmp,30,238,152,0.12605042016806722,0.08297979220439769,0.17924845587613158,C1X
Ubuntu ↔ Arch,CROSS_FAMILY,PrivateUsers,PrivateUsers,8,238,152,0.03361344537815126,0.011673151750972763,0.06311283662083196,C1X
Ubuntu ↔ Arch,CROSS_FAMILY,ProcSubset,ProcSubset,2,238,152,0.008403361344537815,0.0,0.021645021645021644,C1X
Ubuntu ↔ Arch,CROSS_FAMILY,ProtectClock,ProtectClock,15,238,152,0.06302521008403361,0.03212805349839726,0.10152714445495993,C1X
Ubuntu ↔ Arch,CROSS_FAMILY,ProtectControlGroups,ProtectControlGroups,16,238,152,0.06722689075630252,0.03614457831325301,0.10648148148148148,C1X
Ubuntu ↔ Arch,CROSS_FAMILY,ProtectHome,ProtectHome,29,238,152,0.12184873949579832,0.07936507936507936,0.17272727272727273,C1X
Ubuntu ↔ Arch,CROSS_FAMILY,ProtectHostname,ProtectHostname,18,238,152,0.07563025210084033,0.041666666666666664,0.11914893617021277,C1X
Ubuntu ↔ Arch,CROSS_FAMILY,ProtectKernelLogs,ProtectKernelLogs,16,238,152,0.06722689075630252,0.03474610974610975,0.10599078341013825,C1X
Ubuntu ↔ Arch,CROSS_FAMILY,ProtectKernelModules,ProtectKernelModules,17,238,152,0.07142857142857142,0.039524391512377785,0.11304347826086956,C1X
Ubuntu ↔ Arch,CROSS_FAMILY,ProtectKernelTunables,ProtectKernelTunables,21,238,152,0.08823529411764706,0.049585846176755266,0.13717241444794706,C1X
Ubuntu ↔ Arch,CROSS_FAMILY,ProtectProc,ProtectProc,10,238,152,0.04201680672268908,0.012396694214876033,0.07936507936507936,C1X
Ubuntu ↔ Arch,CROSS_FAMILY,ProtectSystem,ProtectSystem,34,238,152,0.14285714285714285,0.096,0.2,C1X
Ubuntu ↔ Arch,CROSS_FAMILY,RemoveIPC,RemoveIPC,20,238,152,0.08403361344537816,0.04705563813973243,0.12669683257918551,C1X
Ubuntu ↔ Arch,CROSS_FAMILY,RestrictAddressFamilies_AF_INET_INET6,RestrictAddressFamilies,0,238,152,0.0,0.0,0.0,C1X
Ubuntu ↔ Arch,CROSS_FAMILY,RestrictAddressFamilies_AF_NETLINK,RestrictAddressFamilies,5,238,152,0.02100840336134454,0.003816793893129771,0.04669351612785918,C1X
Ubuntu ↔ Arch,CROSS_FAMILY,RestrictAddressFamilies_AF_PACKET,RestrictAddressFamilies,8,238,152,0.03361344537815126,0.01131969073627465,0.06363636363636363,C1X
Ubuntu ↔ Arch,CROSS_FAMILY,RestrictAddressFamilies_AF_UNIX,RestrictAddressFamilies,1,238,152,0.004201680672268907,0.0,0.0136986301369863,C1X
Ubuntu ↔ Arch,CROSS_FAMILY,RestrictAddressFamilies_OTHER,RestrictAddressFamilies,8,238,152,0.03361344537815126,0.01131969073627465,0.0635593220338983,C1X
Ubuntu ↔ Arch,CROSS_FAMILY,RestrictNamespaces_cgroup,RestrictNamespaces,12,238,152,0.05042016806722689,0.022554278955816506,0.08482353436657679,C1X
Ubuntu ↔ Arch,CROSS_FAMILY,RestrictNamespaces_ipc,RestrictNamespaces,12,238,152,0.05042016806722689,0.022811527825786382,0.08520179372197309,C1X
Ubuntu ↔ Arch,CROSS_FAMILY,RestrictNamespaces_mnt,RestrictNamespaces,12,238,152,0.05042016806722689,0.022725128644939967,0.08520179372197309,C1X
Ubuntu ↔ Arch,CROSS_FAMILY,RestrictNamespaces_net,RestrictNamespaces,12,238,152,0.05042016806722689,0.022724701768819418,0.08444444444444445,C1X
Ubuntu ↔ Arch,CROSS_FAMILY,RestrictNamespaces_pid,RestrictNamespaces,12,238,152,0.05042016806722689,0.02298718759886112,0.08450704225352113,C1X
Ubuntu ↔ Arch,CROSS_FAMILY,RestrictNamespaces_user,RestrictNamespaces,12,238,152,0.05042016806722689,0.022724701768819418,0.08411214953271028,C1X
Ubuntu ↔ Arch,CROSS_FAMILY,RestrictNamespaces_uts,RestrictNamespaces,12,238,152,0.05042016806722689,0.022799452176488006,0.08451301026497962,C1X
Ubuntu ↔ Arch,CROSS_FAMILY,RestrictRealtime,RestrictRealtime,17,238,152,0.07142857142857142,0.03928183229813665,0.1116284714382479,C1X
Ubuntu ↔ Arch,CROSS_FAMILY,RestrictSUIDSGID,RestrictSUIDSGID,16,238,152,0.06722689075630252,0.03433309266910005,0.10697722270073691,C1X
Ubuntu ↔ Arch,CROSS_FAMILY,RootDirectoryOrRootImage,RootDirectoryOrRootImage,3,238,152,0.012605042016806723,0.0,0.027777777777777776,C1X
Ubuntu ↔ Arch,CROSS_FAMILY,SupplementaryGroups,SupplementaryGroups,8,238,152,0.03361344537815126,0.012549697043351448,0.06018518518518518,C1X
Ubuntu ↔ Arch,CROSS_FAMILY,SystemCallArchitectures,SystemCallArchitectures,11,238,152,0.046218487394957986,0.01915209456882933,0.08016877637130802,C1X
Ubuntu ↔ Arch,CROSS_FAMILY,SystemCallFilter_clock,SystemCallFilter,11,238,152,0.046218487394957986,0.019011406844106463,0.08085106382978724,C1X
Ubuntu ↔ Arch,CROSS_FAMILY,SystemCallFilter_cpu_emulation,SystemCallFilter,11,238,152,0.046218487394957986,0.020242914979757085,0.07944071872678213,C1X
Ubuntu ↔ Arch,CROSS_FAMILY,SystemCallFilter_debug,SystemCallFilter,11,238,152,0.046218487394957986,0.019305019305019305,0.08036092615012101,C1X
Ubuntu ↔ Arch,CROSS_FAMILY,SystemCallFilter_module,SystemCallFilter,11,238,152,0.046218487394957986,0.01953125,0.07964601769911504,C1X
Ubuntu ↔ Arch,CROSS_FAMILY,SystemCallFilter_mount,SystemCallFilter,11,238,152,0.046218487394957986,0.01937984496124031,0.08035714285714286,C1X
Ubuntu ↔ Arch,CROSS_FAMILY,SystemCallFilter_obsolete,SystemCallFilter,11,238,152,0.046218487394957986,0.019305019305019305,0.0794979079497908,C1X
Ubuntu ↔ Arch,CROSS_FAMILY,SystemCallFilter_privileged,SystemCallFilter,11,238,152,0.046218487394957986,0.018723110981162024,0.07818930041152264,C1X
Ubuntu ↔ Arch,CROSS_FAMILY,SystemCallFilter_raw_io,SystemCallFilter,12,238,152,0.05042016806722689,0.022058013734128013,0.08407183028699032,C1X
Ubuntu ↔ Arch,CROSS_FAMILY,SystemCallFilter_reboot,SystemCallFilter,11,238,152,0.046218487394957986,0.020918322873082287,0.08056872037914692,C1X
Ubuntu ↔ Arch,CROSS_FAMILY,SystemCallFilter_resources,SystemCallFilter,11,238,152,0.046218487394957986,0.020242914979757085,0.08163729128014835,C1X
Ubuntu ↔ Arch,CROSS_FAMILY,SystemCallFilter_swap,SystemCallFilter,11,238,152,0.046218487394957986,0.01953125,0.08040467166340172,C1X
Ubuntu ↔ Arch,CROSS_FAMILY,UMask,UMask,3,238,152,0.012605042016806723,0.0,0.034482758620689655,C1X
Ubuntu ↔ Arch,CROSS_FAMILY,UserOrDynamicUser,UserOrDynamicUser,14,238,152,0.058823529411764705,0.029737807951609855,0.09375,C1X
Fedora ↔ Arch,CROSS_FAMILY,AmbientCapabilities,AmbientCapabilities,8,258,156,0.031007751937984496,0.011111111111111112,0.05577731990492963,C1X
Fedora ↔ Arch,CROSS_FAMILY,CapabilityBoundingSet_CAP_AUDIT,CapabilityBoundingSet,18,258,156,0.06976744186046512,0.031578947368421054,0.11741486068111447,C1X
Fedora ↔ Arch,CROSS_FAMILY,CapabilityBoundingSet_CAP_BLOCK_SUSPEND,CapabilityBoundingSet,18,258,156,0.06976744186046512,0.031912074280129314,0.12173913043478261,C1X
Fedora ↔ Arch,CROSS_FAMILY,CapabilityBoundingSet_CAP_BPF,CapabilityBoundingSet,17,258,156,0.06589147286821706,0.029519992740911015,0.113450152788388,C1X
Fedora ↔ Arch,CROSS_FAMILY,CapabilityBoundingSet_CAP_CHOWN_FSETID_SETFCAP,CapabilityBoundingSet,17,258,156,0.06589147286821706,0.02966023226616447,0.11454139232311744,C1X
Fedora ↔ Arch,CROSS_FAMILY,CapabilityBoundingSet_CAP_DAC_FOWNER_IPC_OWNER,CapabilityBoundingSet,14,258,156,0.05426356589147287,0.01993322391497134,0.10156408790650404,C1X
Fedora ↔ Arch,CROSS_FAMILY,CapabilityBoundingSet_CAP_IPC_LOCK,CapabilityBoundingSet,19,258,156,0.07364341085271318,0.034721674553102,0.12340556868925662,C1X
Fedora ↔ Arch,CROSS_FAMILY,CapabilityBoundingSet_CAP_KILL,CapabilityBoundingSet,16,258,156,0.06201550387596899,0.026615022169447847,0.11027392878034502,C1X
Fedora ↔ Arch,CROSS_FAMILY,CapabilityBoundingSet_CAP_LEASE,CapabilityBoundingSet,18,258,156,0.06976744186046512,0.03333333333333333,0.12053571428571429,C1X
Fedora ↔ Arch,CROSS_FAMILY,CapabilityBoundingSet_CAP_LINUX_IMMUTABLE,CapabilityBoundingSet,18,258,156,0.06976744186046512,0.033017572050590915,0.11983471074380166,C1X
Fedora ↔ Arch,CROSS_FAMILY,CapabilityBoundingSet_CAP_MAC,CapabilityBoundingSet,18,258,156,0.06976744186046512,0.032371199814342076,0.12162290617613811,C1X
Fedora ↔ Arch,CROSS_FAMILY,CapabilityBoundingSet_CAP_MKNOD,CapabilityBoundingSet,23,258,156,0.08914728682170543,0.04744489483857938,0.1409090909090909,C1X
Fedora ↔ Arch,CROSS_FAMILY,CapabilityBoundingSet_CAP_NET_ADMIN,CapabilityBoundingSet,16,258,156,0.06201550387596899,0.025750678490280232,0.11060049482511142,C1X
Fedora ↔ Arch,CROSS_FAMILY,CapabilityBoundingSet_CAP_NET_BIND_SERVICE_BROADCAST_RAW),CapabilityBoundingSet,12,258,156,0.046511627906976744,0.0190108052173076,0.08064696947779543,C1X
Fedora ↔ Arch,CROSS_FAMILY,CapabilityBoundingSet_CAP_SET_UID_GID_PCAP,CapabilityBoundingSet,15,258,156,0.05813953488372093,0.023995238095238097,0.10548571594472186,C1X
Fedora ↔ Arch,CROSS_FAMILY,CapabilityBoundingSet_CAP_SYSLOG,CapabilityBoundingSet,19,258,156,0.07364341085271318,0.0355833356684507,0.12393162393162394,C1X
Fedora ↔ Arch,CROSS_FAMILY,CapabilityBoundingSet_CAP_SYS_ADMIN,CapabilityBoundingSet,16,258,156,0.06201550387596899,0.026717557251908396,0.10869565217391304,C1X
Fedora ↔ Arch,CROSS_FAMILY,CapabilityBoundingSet_CAP_SYS_BOOT,CapabilityBoundingSet,18,258,156,0.06976744186046512,0.03225547142412613,0.11764705882352941,C1X
Fedora ↔ Arch,CROSS_FAMILY,CapabilityBoundingSet_CAP_SYS_CHROOT,CapabilityBoundingSet,16,258,156,0.06201550387596899,0.027131782945736434,0.10964912280701754,C1X
Fedora ↔ Arch,CROSS_FAMILY,CapabilityBoundingSet_CAP_SYS_MODULE,CapabilityBoundingSet,21,258,156,0.08139534883720931,0.04201680672268908,0.13452914798206278,C1X
Fedora ↔ Arch,CROSS_FAMILY,CapabilityBoundingSet_CAP_SYS_NICE_RESOURCE,CapabilityBoundingSet,18,258,156,0.06976744186046512,0.03167286677516856,0.11885245901639344,C1X
Fedora ↔ Arch,CROSS_FAMILY,CapabilityBoundingSet_CAP_SYS_PACCT,CapabilityBoundingSet,18,258,156,0.06976744186046512,0.03149341478055154,0.1176530368244858,C1X
Fedora ↔ Arch,CROSS_FAMILY,CapabilityBoundingSet_CAP_SYS_PTRACE,CapabilityBoundingSet,17,258,156,0.06589147286821706,0.030040909163974217,0.11610922393519722,C1X
Fedora ↔ Arch,CROSS_FAMILY,CapabilityBoundingSet_CAP_SYS_RAWIO,CapabilityBoundingSet,22,258,156,0.08527131782945736,0.044673539518900345,0.13777777777777778,C1X
Fedora ↔ Arch,CROSS_FAMILY,CapabilityBoundingSet_CAP_SYS_TIME,CapabilityBoundingSet,18,258,156,0.06976744186046512,0.03305785123966942,0.1195675399479747,C1X
Fedora ↔ Arch,CROSS_FAMILY,CapabilityBoundingSet_CAP_SYS_TTY_CONFIG,CapabilityBoundingSet,18,258,156,0.06976744186046512,0.031913834025599726,0.11894535347178514,C1X
Fedora ↔ Arch,CROSS_FAMILY,CapabilityBoundingSet_CAP_WAKE_ALARM,CapabilityBoundingSet,18,258,156,0.06976744186046512,0.032,0.12083741103202841,C1X
Fedora ↔ Arch,CROSS_FAMILY,Delegate,Delegate,0,258,156,0.0,0.0,0.0,C1X
Fedora ↔ Arch,CROSS_FAMILY,DeviceAllow,DeviceAllow,19,258,156,0.07364341085271318,0.04104389330947785,0.11567241272973972,C1X
Fedora ↔ Arch,CROSS_FAMILY,IPAddressDeny,IPAddressDeny,0,258,156,0.0,0.0,0.0,C1X
Fedora ↔ Arch,CROSS_FAMILY,KeyringMode,KeyringMode,0,258,156,0.0,0.0,0.0,C1X
Fedora ↔ Arch,CROSS_FAMILY,LockPersonality,LockPersonality,10,258,156,0.03875968992248062,0.01723989809219102,0.06692954567917504,C1X
Fedora ↔ Arch,CROSS_FAMILY,MemoryDenyWriteExecute,MemoryDenyWriteExecute,8,258,156,0.031007751937984496,0.011626784591900871,0.055793991416309016,C1X
Fedora ↔ Arch,CROSS_FAMILY,NoNewPrivileges,NoNewPrivileges,20,258,156,0.07751937984496124,0.043915836456894855,0.1206896551724138,C1X
Fedora ↔ Arch,CROSS_FAMILY,NotifyAccess,NotifyAccess,1,258,156,0.003875968992248062,0.0,0.01327433628318584,C1X
Fedora ↔ Arch,CROSS_FAMILY,PrivateDevices,PrivateDevices,15,258,156,0.05813953488372093,0.029044139755848217,0.09449084911683332,C1X
Fedora ↔ Arch,CROSS_FAMILY,PrivateMounts,PrivateMounts,0,258,156,0.0,0.0,0.0,C1X
Fedora ↔ Arch,CROSS_FAMILY,PrivateNetwork,PrivateNetwork,2,258,156,0.007751937984496124,0.0,0.02074688796680498,C1X
Fedora ↔ Arch,CROSS_FAMILY,PrivateTmp,PrivateTmp,22,258,156,0.08527131782945736,0.049054678475163656,0.13008508224617127,C1X
Fedora ↔ Arch,CROSS_FAMILY,PrivateUsers,PrivateUsers,4,258,156,0.015503875968992248,0.0033333333333333335,0.03349282296650718,C1X
Fedora ↔ Arch,CROSS_FAMILY,ProcSubset,ProcSubset,2,258,156,0.007751937984496124,0.0,0.020548649867523524,C1X
Fedora ↔ Arch,CROSS_FAMILY,ProtectClock,ProtectClock,9,258,156,0.03488372093023256,0.014544137022397893,0.0625,C1X
Fedora ↔ Arch,CROSS_FAMILY,ProtectControlGroups,ProtectControlGroups,13,258,156,0.050387596899224806,0.02508736559139785,0.08298755186721991,C1X
Fedora ↔ Arch,CROSS_FAMILY,ProtectHome,ProtectHome,24,258,156,0.09302325581395349,0.05454399766899767,0.1398347457627118,C1X
Fedora ↔ Arch,CROSS_FAMILY,ProtectHostname,ProtectHostname,10,258,156,0.03875968992248062,0.016891891891891893,0.06697002046866168,C1X
Fedora ↔ Arch,CROSS_FAMILY,ProtectKernelLogs,ProtectKernelLogs,9,258,156,0.03488372093023256,0.014545454545454545,0.06113759914446124,C1X
Fedora ↔ Arch,CROSS_FAMILY,ProtectKernelModules,ProtectKernelModules,12,258,156,0.046511627906976744,0.02164268920734438,0.07787018309559292,C1X
Fedora ↔ Arch,CROSS_FAMILY,ProtectKernelTunables,ProtectKernelTunables,14,258,156,0.05426356589147287,0.027582826233941853,0.08910987028935449,C1X
Fedora ↔ Arch,CROSS_FAMILY,ProtectProc,ProtectProc,6,258,156,0.023255813953488372,0.0069680361982191255,0.04504596809924677,C1X
Fedora ↔ Arch,CROSS_FAMILY,ProtectSystem,ProtectSystem,28,258,156,0.10852713178294573,0.06716417910447761,0.16101694915254236,C1X
Fedora ↔ Arch,CROSS_FAMILY,RemoveIPC,RemoveIPC,19,258,156,0.07364341085271318,0.04064890648906489,0.11320938974056602,C1X
Fedora ↔ Arch,CROSS_FAMILY,RestrictAddressFamilies_AF_INET_INET6,RestrictAddressFamilies,1,258,156,0.003875968992248062,0.0,0.012988424618859382,C1X
Fedora ↔ Arch,CROSS_FAMILY,RestrictAddressFamilies_AF_NETLINK,RestrictAddressFamilies,8,258,156,0.031007751937984496,0.011673151750972763,0.056038115071677594,C1X
Fedora ↔ Arch,CROSS_FAMILY,RestrictAddressFamilies_AF_PACKET,RestrictAddressFamilies,12,258,156,0.046511627906976744,0.02181818181818182,0.0773019740129934,C1X
Fedora ↔ Arch,CROSS_FAMILY,RestrictAddressFamilies_AF_UNIX,RestrictAddressFamilies,1,258,156,0.003875968992248062,0.0,0.013043478260869565,C1X
Fedora ↔ Arch,CROSS_FAMILY,RestrictAddressFamilies_OTHER,RestrictAddressFamilies,11,258,156,0.04263565891472868,0.019377974319834786,0.0728744939271255,C1X
Fedora ↔ Arch,CROSS_FAMILY,RestrictNamespaces_cgroup,RestrictNamespaces,11,258,156,0.04263565891472868,0.01991834250300386,0.0729638230740588,C1X
Fedora ↔ Arch,CROSS_FAMILY,RestrictNamespaces_ipc,RestrictNamespaces,11,258,156,0.04263565891472868,0.019228927203065137,0.07229043834914123,C1X
Fedora ↔ Arch,CROSS_FAMILY,RestrictNamespaces_mnt,RestrictNamespaces,11,258,156,0.04263565891472868,0.0196078431372549,0.07196969696969698,C1X
Fedora ↔ Arch,CROSS_FAMILY,RestrictNamespaces_net,RestrictNamespaces,11,258,156,0.04263565891472868,0.019083969465648856,0.07083415354330708,C1X
Fedora ↔ Arch,CROSS_FAMILY,RestrictNamespaces_pid,RestrictNamespaces,11,258,156,0.04263565891472868,0.01953125,0.07296215657404216,C1X
Fedora ↔ Arch,CROSS_FAMILY,RestrictNamespaces_user,RestrictNamespaces,11,258,156,0.04263565891472868,0.019684716664515295,0.07112970711297072,C1X
Fedora ↔ Arch,CROSS_FAMILY,RestrictNamespaces_uts,RestrictNamespaces,11,258,156,0.04263565891472868,0.01935359322456097,0.07175439937491498,C1X
Fedora ↔ Arch,CROSS_FAMILY,RestrictRealtime,RestrictRealtime,12,258,156,0.046511627906976744,0.021895536303067516,0.0776293759512937,C1X
Fedora ↔ Arch,CROSS_FAMILY,RestrictSUIDSGID,RestrictSUIDSGID,13,258,156,0.050387596899224806,0.024305555555555556,0.08333333333333333,C1X
Fedora ↔ Arch,CROSS_FAMILY,RootDirectoryOrRootImage,RootDirectoryOrRootImage,2,258,156,0.007751937984496124,0.0,0.020833333333333332,C1X
Fedora ↔ Arch,CROSS_FAMILY,SupplementaryGroups,SupplementaryGroups,12,258,156,0.046511627906976744,0.02109483033719817,0.07749228104525942,C1X
Fedora ↔ Arch,CROSS_FAMILY,SystemCallArchitectures,SystemCallArchitectures,12,258,156,0.046511627906976744,0.021551724137931036,0.07630522088353414,C1X
Fedora ↔ Arch,CROSS_FAMILY,SystemCallFilter_clock,SystemCallFilter,11,258,156,0.04263565891472868,0.0196078431372549,0.07296137339055794,C1X
Fedora ↔ Arch,CROSS_FAMILY,SystemCallFilter_cpu_emulation,SystemCallFilter,11,258,156,0.04263565891472868,0.01915526015618145,0.0720008474576271,C1X
Fedora ↔ Arch,CROSS_FAMILY,SystemCallFilter_debug,SystemCallFilter,11,258,156,0.04263565891472868,0.019230769230769232,0.07229043834914123,C1X
Fedora ↔ Arch,CROSS_FAMILY,SystemCallFilter_module,SystemCallFilter,11,258,156,0.04263565891472868,0.019011406844106463,0.0711304906523749,C1X
Fedora ↔ Arch,CROSS_FAMILY,SystemCallFilter_mount,SystemCallFilter,11,258,156,0.04263565891472868,0.01960624640735773,0.07393030361155258,C1X
Fedora ↔ Arch,CROSS_FAMILY,SystemCallFilter_obsolete,SystemCallFilter,11,258,156,0.04263565891472868,0.01960624640735773,0.07142857142857142,C1X
Fedora ↔ Arch,CROSS_FAMILY,SystemCallFilter_privileged,SystemCallFilter,11,258,156,0.04263565891472868,0.019416534958982462,0.07142857142857142,C1X
Fedora ↔ Arch,CROSS_FAMILY,SystemCallFilter_raw_io,SystemCallFilter,11,258,156,0.04263565891472868,0.01993322391497134,0.07224577299571228,C1X
Fedora ↔ Arch,CROSS_FAMILY,SystemCallFilter_reboot,SystemCallFilter,11,258,156,0.04263565891472868,0.0188032420086003,0.07229043834914123,C1X
Fedora ↔ Arch,CROSS_FAMILY,SystemCallFilter_resources,SystemCallFilter,11,258,156,0.04263565891472868,0.018518518518518517,0.07296215657404216,C1X
Fedora ↔ Arch,CROSS_FAMILY,SystemCallFilter_swap,SystemCallFilter,11,258,156,0.04263565891472868,0.019762195756188893,0.07220562255165522,C1X
Fedora ↔ Arch,CROSS_FAMILY,UMask,UMask,5,258,156,0.01937984496124031,0.0034602076124567475,0.043904878048780446,C1X
Fedora ↔ Arch,CROSS_FAMILY,UserOrDynamicUser,UserOrDynamicUser,16,258,156,0.06201550387596899,0.0327260843731432,0.09745762711864407,C1X
Debian ↔ Ubuntu,DERIVATIVE_FAMILY,AmbientCapabilities,AmbientCapabilities,0,459,256,0.0,0.0,0.0,C1X
Debian ↔ Ubuntu,DERIVATIVE_FAMILY,CapabilityBoundingSet_CAP_AUDIT,CapabilityBoundingSet,1,459,256,0.002178649237472767,0.0,0.007832898172323759,C1X
Debian ↔ Ubuntu,DERIVATIVE_FAMILY,CapabilityBoundingSet_CAP_BLOCK_SUSPEND,CapabilityBoundingSet,1,459,256,0.002178649237472767,0.0,0.007751937984496124,C1X
Debian ↔ Ubuntu,DERIVATIVE_FAMILY,CapabilityBoundingSet_CAP_BPF,CapabilityBoundingSet,1,459,256,0.002178649237472767,0.0,0.008,C1X
Debian ↔ Ubuntu,DERIVATIVE_FAMILY,CapabilityBoundingSet_CAP_CHOWN_FSETID_SETFCAP,CapabilityBoundingSet,1,459,256,0.002178649237472767,0.0,0.007978723404255319,C1X
Debian ↔ Ubuntu,DERIVATIVE_FAMILY,CapabilityBoundingSet_CAP_DAC_FOWNER_IPC_OWNER,CapabilityBoundingSet,1,459,256,0.002178649237472767,0.0,0.007924771004720717,C1X
Debian ↔ Ubuntu,DERIVATIVE_FAMILY,CapabilityBoundingSet_CAP_IPC_LOCK,CapabilityBoundingSet,1,459,256,0.002178649237472767,0.0,0.008064516129032258,C1X
Debian ↔ Ubuntu,DERIVATIVE_FAMILY,CapabilityBoundingSet_CAP_KILL,CapabilityBoundingSet,1,459,256,0.002178649237472767,0.0,0.007957559681697613,C1X
Debian ↔ Ubuntu,DERIVATIVE_FAMILY,CapabilityBoundingSet_CAP_LEASE,CapabilityBoundingSet,1,459,256,0.002178649237472767,0.0,0.00779271509740259,C1X
Debian ↔ Ubuntu,DERIVATIVE_FAMILY,CapabilityBoundingSet_CAP_LINUX_IMMUTABLE,CapabilityBoundingSet,1,459,256,0.002178649237472767,0.0,0.0079155672823219,C1X
Debian ↔ Ubuntu,DERIVATIVE_FAMILY,CapabilityBoundingSet_CAP_MAC,CapabilityBoundingSet,2,459,256,0.004357298474945534,0.0,0.01151642534296859,C1X
Debian ↔ Ubuntu,DERIVATIVE_FAMILY,CapabilityBoundingSet_CAP_MKNOD,CapabilityBoundingSet,2,459,256,0.004357298474945534,0.0,0.012220083757015021,C1X
Debian ↔ Ubuntu,DERIVATIVE_FAMILY,CapabilityBoundingSet_CAP_NET_ADMIN,CapabilityBoundingSet,2,459,256,0.004357298474945534,0.0,0.009724552087734676,C1X
Debian ↔ Ubuntu,DERIVATIVE_FAMILY,CapabilityBoundingSet_CAP_NET_BIND_SERVICE_BROADCAST_RAW),CapabilityBoundingSet,1,459,256,0.002178649237472767,0.0,0.008032397687263796,C1X
Debian ↔ Ubuntu,DERIVATIVE_FAMILY,CapabilityBoundingSet_CAP_SET_UID_GID_PCAP,CapabilityBoundingSet,2,459,256,0.004357298474945534,0.0,0.01157034358738904,C1X
Debian ↔ Ubuntu,DERIVATIVE_FAMILY,CapabilityBoundingSet_CAP_SYSLOG,CapabilityBoundingSet,2,459,256,0.004357298474945534,0.0,0.012259839843027224,C1X
Debian ↔ Ubuntu,DERIVATIVE_FAMILY,CapabilityBoundingSet_CAP_SYS_ADMIN,CapabilityBoundingSet,1,459,256,0.002178649237472767,0.0,0.007979255319148927,C1X
Debian ↔ Ubuntu,DERIVATIVE_FAMILY,CapabilityBoundingSet_CAP_SYS_BOOT,CapabilityBoundingSet,1,459,256,0.002178649237472767,0.0,0.008,C1X
Debian ↔ Ubuntu,DERIVATIVE_FAMILY,CapabilityBoundingSet_CAP_SYS_CHROOT,CapabilityBoundingSet,1,459,256,0.002178649237472767,0.0,0.0078125,C1X
Debian ↔ Ubuntu,DERIVATIVE_FAMILY,CapabilityBoundingSet_CAP_SYS_MODULE,CapabilityBoundingSet,3,459,256,0.006535947712418301,0.0,0.015707394552620733,C1X
Debian ↔ Ubuntu,DERIVATIVE_FAMILY,CapabilityBoundingSet_CAP_SYS_NICE_RESOURCE,CapabilityBoundingSet,1,459,256,0.002178649237472767,0.0,0.008021390374331552,C1X
Debian ↔ Ubuntu,DERIVATIVE_FAMILY,CapabilityBoundingSet_CAP_SYS_PACCT,CapabilityBoundingSet,0,459,256,0.0,0.0,0.0,C1X
Debian ↔ Ubuntu,DERIVATIVE_FAMILY,CapabilityBoundingSet_CAP_SYS_PTRACE,CapabilityBoundingSet,2,459,256,0.004357298474945534,0.0,0.012224633982402786,C1X
Debian ↔ Ubuntu,DERIVATIVE_FAMILY,CapabilityBoundingSet_CAP_SYS_RAWIO,CapabilityBoundingSet,2,459,256,0.004357298474945534,0.0,0.012166191917393616,C1X
Debian ↔ Ubuntu,DERIVATIVE_FAMILY,CapabilityBoundingSet_CAP_SYS_TIME,CapabilityBoundingSet,2,459,256,0.004357298474945534,0.0,0.012564400284249507,C1X
Debian ↔ Ubuntu,DERIVATIVE_FAMILY,CapabilityBoundingSet_CAP_SYS_TTY_CONFIG,CapabilityBoundingSet,1,459,256,0.002178649237472767,0.0,0.008021390374331552,C1X
Debian ↔ Ubuntu,DERIVATIVE_FAMILY,CapabilityBoundingSet_CAP_WAKE_ALARM,CapabilityBoundingSet,2,459,256,0.004357298474945534,0.0,0.012219959266802444,C1X
Debian ↔ Ubuntu,DERIVATIVE_FAMILY,Delegate,Delegate,0,459,256,0.0,0.0,0.0,C1X
Debian ↔ Ubuntu,DERIVATIVE_FAMILY,DeviceAllow,DeviceAllow,3,459,256,0.006535947712418301,0.0,0.013592563238887783,C1X
Debian ↔ Ubuntu,DERIVATIVE_FAMILY,IPAddressDeny,IPAddressDeny,0,459,256,0.0,0.0,0.0,C1X
Debian ↔ Ubuntu,DERIVATIVE_FAMILY,KeyringMode,KeyringMode,0,459,256,0.0,0.0,0.0,C1X
Debian ↔ Ubuntu,DERIVATIVE_FAMILY,LockPersonality,LockPersonality,1,459,256,0.002178649237472767,0.0,0.00806505956003825,C1X
Debian ↔ Ubuntu,DERIVATIVE_FAMILY,MemoryDenyWriteExecute,MemoryDenyWriteExecute,1,459,256,0.002178649237472767,0.0,0.007978723404255319,C1X
Debian ↔ Ubuntu,DERIVATIVE_FAMILY,NoNewPrivileges,NoNewPrivileges,2,459,256,0.004357298474945534,0.0,0.012224938875305624,C1X
Debian ↔ Ubuntu,DERIVATIVE_FAMILY,NotifyAccess,NotifyAccess,1,459,256,0.002178649237472767,0.0,0.007813009954308087,C1X
Debian ↔ Ubuntu,DERIVATIVE_FAMILY,PrivateDevices,PrivateDevices,3,459,256,0.006535947712418301,0.0,0.013400897102964479,C1X
Debian ↔ Ubuntu,DERIVATIVE_FAMILY,PrivateMounts,PrivateMounts,0,459,256,0.0,0.0,0.0,C1X
Debian ↔ Ubuntu,DERIVATIVE_FAMILY,PrivateNetwork,PrivateNetwork,0,459,256,0.0,0.0,0.0,C1X
Debian ↔ Ubuntu,DERIVATIVE_FAMILY,PrivateTmp,PrivateTmp,2,459,256,0.004357298474945534,0.0,0.011835373652475775,C1X
Debian ↔ Ubuntu,DERIVATIVE_FAMILY,PrivateUsers,PrivateUsers,0,459,256,0.0,0.0,0.0,C1X
Debian ↔ Ubuntu,DERIVATIVE_FAMILY,ProcSubset,ProcSubset,1,459,256,0.002178649237472767,0.0,0.007936507936507936,C1X
Debian ↔ Ubuntu,DERIVATIVE_FAMILY,ProtectClock,ProtectClock,1,459,256,0.002178649237472767,0.0,0.007832898172323759,C1X
Debian ↔ Ubuntu,DERIVATIVE_FAMILY,ProtectControlGroups,ProtectControlGroups,4,459,256,0.008714596949891068,0.002183287191635509,0.01750557688869211,C1X
Debian ↔ Ubuntu,DERIVATIVE_FAMILY,ProtectHome,ProtectHome,3,459,256,0.006535947712418301,0.0,0.016043856002064472,C1X
Debian ↔ Ubuntu,DERIVATIVE_FAMILY,ProtectHostname,ProtectHostname,1,459,256,0.002178649237472767,0.0,0.007936507936507936,C1X
Debian ↔ Ubuntu,DERIVATIVE_FAMILY,ProtectKernelLogs,ProtectKernelLogs,2,459,256,0.004357298474945534,0.0,0.009523809523809525,C1X
Debian ↔ Ubuntu,DERIVATIVE_FAMILY,ProtectKernelModules,ProtectKernelModules,4,459,256,0.008714596949891068,0.002150537634408602,0.017391845122215005,C1X
Debian ↔ Ubuntu,DERIVATIVE_FAMILY,ProtectKernelTunables,ProtectKernelTunables,3,459,256,0.006535947712418301,0.0,0.015625764432485312,C1X
Debian ↔ Ubuntu,DERIVATIVE_FAMILY,ProtectProc,ProtectProc,2,459,256,0.004357298474945534,0.0,0.009652742804916714,C1X
Debian ↔ Ubuntu,DERIVATIVE_FAMILY,ProtectSystem,ProtectSystem,4,459,256,0.008714596949891068,0.0017825311942959,0.0199503735670803,C1X
Debian ↔ Ubuntu,DERIVATIVE_FAMILY,RemoveIPC,RemoveIPC,10,459,256,0.02178649237472767,0.0,0.06995224939296019,C1X
Debian ↔ Ubuntu,DERIVATIVE_FAMILY,RestrictAddressFamilies_AF_INET_INET6,RestrictAddressFamilies,0,459,256,0.0,0.0,0.0,C1X
Debian ↔ Ubuntu,DERIVATIVE_FAMILY,RestrictAddressFamilies_AF_NETLINK,RestrictAddressFamilies,0,459,256,0.0,0.0,0.0,C1X
Debian ↔ Ubuntu,DERIVATIVE_FAMILY,RestrictAddressFamilies_AF_PACKET,RestrictAddressFamilies,0,459,256,0.0,0.0,0.0,C1X
Debian ↔ Ubuntu,DERIVATIVE_FAMILY,RestrictAddressFamilies_AF_UNIX,RestrictAddressFamilies,0,459,256,0.0,0.0,0.0,C1X
Debian ↔ Ubuntu,DERIVATIVE_FAMILY,RestrictAddressFamilies_OTHER,RestrictAddressFamilies,0,459,256,0.0,0.0,0.0,C1X
Debian ↔ Ubuntu,DERIVATIVE_FAMILY,RestrictNamespaces_cgroup,RestrictNamespaces,2,459,256,0.004357298474945534,0.0,0.012407719467180217,C1X
Debian ↔ Ubuntu,DERIVATIVE_FAMILY,RestrictNamespaces_ipc,RestrictNamespaces,2,459,256,0.004357298474945534,0.0,0.012469607231920189,C1X
Debian ↔ Ubuntu,DERIVATIVE_FAMILY,RestrictNamespaces_mnt,RestrictNamespaces,2,459,256,0.004357298474945534,0.0,0.01250078320802004,C1X
Debian ↔ Ubuntu,DERIVATIVE_FAMILY,RestrictNamespaces_net,RestrictNamespaces,2,459,256,0.004357298474945534,0.0,0.012022042894280723,C1X
Debian ↔ Ubuntu,DERIVATIVE_FAMILY,RestrictNamespaces_pid,RestrictNamespaces,2,459,256,0.004357298474945534,0.0,0.011737779618889799,C1X
Debian ↔ Ubuntu,DERIVATIVE_FAMILY,RestrictNamespaces_user,RestrictNamespaces,2,459,256,0.004357298474945534,0.0,0.011943723411925828,C1X
Debian ↔ Ubuntu,DERIVATIVE_FAMILY,RestrictNamespaces_uts,RestrictNamespaces,2,459,256,0.004357298474945534,0.0,0.012085140779646378,C1X
Debian ↔ Ubuntu,DERIVATIVE_FAMILY,RestrictRealtime,RestrictRealtime,1,459,256,0.002178649237472767,0.0,0.007894736842105263,C1X
Debian ↔ Ubuntu,DERIVATIVE_FAMILY,RestrictSUIDSGID,RestrictSUIDSGID,1,459,256,0.002178649237472767,0.0,0.007874533775383333,C1X
Debian ↔ Ubuntu,DERIVATIVE_FAMILY,RootDirectoryOrRootImage,RootDirectoryOrRootImage,1,459,256,0.002178649237472767,0.0,0.007673126106629936,C1X
Debian ↔ Ubuntu,DERIVATIVE_FAMILY,SupplementaryGroups,SupplementaryGroups,10,459,256,0.02178649237472767,0.0,0.07161142279538964,C1X
Debian ↔ Ubuntu,DERIVATIVE_FAMILY,SystemCallArchitectures,SystemCallArchitectures,2,459,256,0.004357298474945534,0.0,0.009615384615384616,C1X
Debian ↔ Ubuntu,DERIVATIVE_FAMILY,SystemCallFilter_clock,SystemCallFilter,1,459,256,0.002178649237472767,0.0,0.0050933786078098476,C1X
Debian ↔ Ubuntu,DERIVATIVE_FAMILY,SystemCallFilter_cpu_emulation,SystemCallFilter,1,459,256,0.002178649237472767,0.0,0.005110732538330494,C1X
Debian ↔ Ubuntu,DERIVATIVE_FAMILY,SystemCallFilter_debug,SystemCallFilter,1,459,256,0.002178649237472767,0.0,0.00510204081632653,C1X
Debian ↔ Ubuntu,DERIVATIVE_FAMILY,SystemCallFilter_module,SystemCallFilter,1,459,256,0.002178649237472767,0.0,0.005146018638043533,C1X
Debian ↔ Ubuntu,DERIVATIVE_FAMILY,SystemCallFilter_mount,SystemCallFilter,1,459,256,0.002178649237472767,0.0,0.00510204081632653,C1X
Debian ↔ Ubuntu,DERIVATIVE_FAMILY,SystemCallFilter_obsolete,SystemCallFilter,1,459,256,0.002178649237472767,0.0,0.005137206583801308,C1X
Debian ↔ Ubuntu,DERIVATIVE_FAMILY,SystemCallFilter_privileged,SystemCallFilter,1,459,256,0.002178649237472767,0.0,0.0050933786078098476,C1X
Debian ↔ Ubuntu,DERIVATIVE_FAMILY,SystemCallFilter_raw_io,SystemCallFilter,1,459,256,0.002178649237472767,0.0,0.005128205128205128,C1X
Debian ↔ Ubuntu,DERIVATIVE_FAMILY,SystemCallFilter_reboot,SystemCallFilter,1,459,256,0.002178649237472767,0.0,0.005136986301369863,C1X
Debian ↔ Ubuntu,DERIVATIVE_FAMILY,SystemCallFilter_resources,SystemCallFilter,1,459,256,0.002178649237472767,0.0,0.005154639175257732,C1X
Debian ↔ Ubuntu,DERIVATIVE_FAMILY,SystemCallFilter_swap,SystemCallFilter,1,459,256,0.002178649237472767,0.0,0.005110950572995095,C1X
Debian ↔ Ubuntu,DERIVATIVE_FAMILY,UMask,UMask,0,459,256,0.0,0.0,0.0,C1X
Debian ↔ Ubuntu,DERIVATIVE_FAMILY,UserOrDynamicUser,UserOrDynamicUser,10,459,256,0.02178649237472767,0.0,0.06938051337457106,C1X
