transition,distribution,assessment_id,assessment_family,category,numerator,denominator,projects,proportion,cohort
P_E,arch,AmbientCapabilities,AmbientCapabilities,INHERITED_SAME,351,351,219,1.0,C1X
P_E,arch,CapabilityBoundingSet_CAP_AUDIT,CapabilityBoundingSet,INHERITED_SAME,351,351,219,1.0,C1X
P_E,arch,CapabilityBoundingSet_CAP_BLOCK_SUSPEND,CapabilityBoundingSet,INHERITED_SAME,351,351,219,1.0,C1X
P_E,arch,CapabilityBoundingSet_CAP_BPF,CapabilityBoundingSet,INHERITED_SAME,351,351,219,1.0,C1X
P_E,arch,CapabilityBoundingSet_CAP_CHOWN_FSETID_SETFCAP,CapabilityBoundingSet,INHERITED_SAME,351,351,219,1.0,C1X
P_E,arch,CapabilityBoundingSet_CAP_DAC_FOWNER_IPC_OWNER,CapabilityBoundingSet,INHERITED_SAME,351,351,219,1.0,C1X
P_E,arch,CapabilityBoundingSet_CAP_IPC_LOCK,CapabilityBoundingSet,INHERITED_SAME,351,351,219,1.0,C1X
P_E,arch,CapabilityBoundingSet_CAP_KILL,CapabilityBoundingSet,INHERITED_SAME,351,351,219,1.0,C1X
P_E,arch,CapabilityBoundingSet_CAP_LEASE,CapabilityBoundingSet,INHERITED_SAME,351,351,219,1.0,C1X
P_E,arch,CapabilityBoundingSet_CAP_LINUX_IMMUTABLE,CapabilityBoundingSet,INHERITED_SAME,351,351,219,1.0,C1X
P_E,arch,CapabilityBoundingSet_CAP_MAC,CapabilityBoundingSet,INHERITED_SAME,351,351,219,1.0,C1X
P_E,arch,CapabilityBoundingSet_CAP_MKNOD,CapabilityBoundingSet,INHERITED_SAME,351,351,219,1.0,C1X
P_E,arch,CapabilityBoundingSet_CAP_NET_ADMIN,CapabilityBoundingSet,INHERITED_SAME,351,351,219,1.0,C1X
P_E,arch,CapabilityBoundingSet_CAP_NET_BIND_SERVICE_BROADCAST_RAW),CapabilityBoundingSet,INHERITED_SAME,351,351,219,1.0,C1X
P_E,arch,CapabilityBoundingSet_CAP_SET_UID_GID_PCAP,CapabilityBoundingSet,INHERITED_SAME,351,351,219,1.0,C1X
P_E,arch,CapabilityBoundingSet_CAP_SYSLOG,CapabilityBoundingSet,INHERITED_SAME,351,351,219,1.0,C1X
P_E,arch,CapabilityBoundingSet_CAP_SYS_ADMIN,CapabilityBoundingSet,INHERITED_SAME,351,351,219,1.0,C1X
P_E,arch,CapabilityBoundingSet_CAP_SYS_BOOT,CapabilityBoundingSet,INHERITED_SAME,351,351,219,1.0,C1X
P_E,arch,CapabilityBoundingSet_CAP_SYS_CHROOT,CapabilityBoundingSet,INHERITED_SAME,351,351,219,1.0,C1X
P_E,arch,CapabilityBoundingSet_CAP_SYS_MODULE,CapabilityBoundingSet,INHERITED_SAME,351,351,219,1.0,C1X
P_E,arch,CapabilityBoundingSet_CAP_SYS_NICE_RESOURCE,CapabilityBoundingSet,INHERITED_SAME,351,351,219,1.0,C1X
P_E,arch,CapabilityBoundingSet_CAP_SYS_PACCT,CapabilityBoundingSet,INHERITED_SAME,351,351,219,1.0,C1X
P_E,arch,CapabilityBoundingSet_CAP_SYS_PTRACE,CapabilityBoundingSet,INHERITED_SAME,351,351,219,1.0,C1X
P_E,arch,CapabilityBoundingSet_CAP_SYS_RAWIO,CapabilityBoundingSet,INHERITED_SAME,351,351,219,1.0,C1X
P_E,arch,CapabilityBoundingSet_CAP_SYS_TIME,CapabilityBoundingSet,INHERITED_SAME,351,351,219,1.0,C1X
P_E,arch,CapabilityBoundingSet_CAP_SYS_TTY_CONFIG,CapabilityBoundingSet,INHERITED_SAME,351,351,219,1.0,C1X
P_E,arch,CapabilityBoundingSet_CAP_WAKE_ALARM,CapabilityBoundingSet,INHERITED_SAME,351,351,219,1.0,C1X
P_E,arch,Delegate,Delegate,INHERITED_SAME,351,351,219,1.0,C1X
P_E,arch,DeviceAllow,DeviceAllow,INHERITED_SAME,351,351,219,1.0,C1X
P_E,arch,IPAddressDeny,IPAddressDeny,INHERITED_SAME,351,351,219,1.0,C1X
P_E,arch,KeyringMode,KeyringMode,INHERITED_SAME,351,351,219,1.0,C1X
P_E,arch,LockPersonality,LockPersonality,INHERITED_SAME,351,351,219,1.0,C1X
P_E,arch,MemoryDenyWriteExecute,MemoryDenyWriteExecute,INHERITED_SAME,351,351,219,1.0,C1X
P_E,arch,NoNewPrivileges,NoNewPrivileges,INHERITED_SAME,351,351,219,1.0,C1X
P_E,arch,NotifyAccess,NotifyAccess,INHERITED_SAME,351,351,219,1.0,C1X
P_E,arch,PrivateDevices,PrivateDevices,INHERITED_SAME,351,351,219,1.0,C1X
P_E,arch,PrivateMounts,PrivateMounts,INHERITED_SAME,351,351,219,1.0,C1X
P_E,arch,PrivateNetwork,PrivateNetwork,INHERITED_SAME,351,351,219,1.0,C1X
P_E,arch,PrivateTmp,PrivateTmp,INHERITED_SAME,351,351,219,1.0,C1X
P_E,arch,PrivateUsers,PrivateUsers,INHERITED_SAME,351,351,219,1.0,C1X
P_E,arch,ProcSubset,ProcSubset,INHERITED_SAME,351,351,219,1.0,C1X
P_E,arch,ProtectClock,ProtectClock,INHERITED_SAME,351,351,219,1.0,C1X
P_E,arch,ProtectControlGroups,ProtectControlGroups,INHERITED_SAME,351,351,219,1.0,C1X
P_E,arch,ProtectHome,ProtectHome,INHERITED_SAME,351,351,219,1.0,C1X
P_E,arch,ProtectHostname,ProtectHostname,INHERITED_SAME,351,351,219,1.0,C1X
P_E,arch,ProtectKernelLogs,ProtectKernelLogs,INHERITED_SAME,351,351,219,1.0,C1X
P_E,arch,ProtectKernelModules,ProtectKernelModules,INHERITED_SAME,351,351,219,1.0,C1X
P_E,arch,ProtectKernelTunables,ProtectKernelTunables,INHERITED_SAME,351,351,219,1.0,C1X
P_E,arch,ProtectProc,ProtectProc,INHERITED_SAME,351,351,219,1.0,C1X
P_E,arch,ProtectSystem,ProtectSystem,INHERITED_SAME,351,351,219,1.0,C1X
P_E,arch,RemoveIPC,RemoveIPC,INHERITED_SAME,351,351,219,1.0,C1X
P_E,arch,RestrictAddressFamilies_AF_INET_INET6,RestrictAddressFamilies,INHERITED_SAME,351,351,219,1.0,C1X
P_E,arch,RestrictAddressFamilies_AF_NETLINK,RestrictAddressFamilies,INHERITED_SAME,351,351,219,1.0,C1X
P_E,arch,RestrictAddressFamilies_AF_PACKET,RestrictAddressFamilies,INHERITED_SAME,351,351,219,1.0,C1X
P_E,arch,RestrictAddressFamilies_AF_UNIX,RestrictAddressFamilies,INHERITED_SAME,351,351,219,1.0,C1X
P_E,arch,RestrictAddressFamilies_OTHER,RestrictAddressFamilies,INHERITED_SAME,351,351,219,1.0,C1X
P_E,arch,RestrictNamespaces_cgroup,RestrictNamespaces,INHERITED_SAME,351,351,219,1.0,C1X
P_E,arch,RestrictNamespaces_ipc,RestrictNamespaces,INHERITED_SAME,351,351,219,1.0,C1X
P_E,arch,RestrictNamespaces_mnt,RestrictNamespaces,INHERITED_SAME,351,351,219,1.0,C1X
P_E,arch,RestrictNamespaces_net,RestrictNamespaces,INHERITED_SAME,351,351,219,1.0,C1X
P_E,arch,RestrictNamespaces_pid,RestrictNamespaces,INHERITED_SAME,351,351,219,1.0,C1X
P_E,arch,RestrictNamespaces_user,RestrictNamespaces,INHERITED_SAME,351,351,219,1.0,C1X
P_E,arch,RestrictNamespaces_uts,RestrictNamespaces,INHERITED_SAME,351,351,219,1.0,C1X
P_E,arch,RestrictRealtime,RestrictRealtime,INHERITED_SAME,351,351,219,1.0,C1X
P_E,arch,RestrictSUIDSGID,RestrictSUIDSGID,INHERITED_SAME,351,351,219,1.0,C1X
P_E,arch,RootDirectoryOrRootImage,RootDirectoryOrRootImage,INHERITED_SAME,351,351,219,1.0,C1X
P_E,arch,SupplementaryGroups,SupplementaryGroups,INHERITED_SAME,351,351,219,1.0,C1X
P_E,arch,SystemCallArchitectures,SystemCallArchitectures,INHERITED_SAME,351,351,219,1.0,C1X
P_E,arch,SystemCallFilter_clock,SystemCallFilter,INHERITED_SAME,351,351,219,1.0,C1X
P_E,arch,SystemCallFilter_cpu_emulation,SystemCallFilter,INHERITED_SAME,351,351,219,1.0,C1X
P_E,arch,SystemCallFilter_debug,SystemCallFilter,INHERITED_SAME,351,351,219,1.0,C1X
P_E,arch,SystemCallFilter_module,SystemCallFilter,INHERITED_SAME,351,351,219,1.0,C1X
P_E,arch,SystemCallFilter_mount,SystemCallFilter,INHERITED_SAME,351,351,219,1.0,C1X
P_E,arch,SystemCallFilter_obsolete,SystemCallFilter,INHERITED_SAME,351,351,219,1.0,C1X
P_E,arch,SystemCallFilter_privileged,SystemCallFilter,INHERITED_SAME,351,351,219,1.0,C1X
P_E,arch,SystemCallFilter_raw_io,SystemCallFilter,INHERITED_SAME,351,351,219,1.0,C1X
P_E,arch,SystemCallFilter_reboot,SystemCallFilter,INHERITED_SAME,351,351,219,1.0,C1X
P_E,arch,SystemCallFilter_resources,SystemCallFilter,INHERITED_SAME,351,351,219,1.0,C1X
P_E,arch,SystemCallFilter_swap,SystemCallFilter,INHERITED_SAME,351,351,219,1.0,C1X
P_E,arch,UMask,UMask,INHERITED_SAME,351,351,219,1.0,C1X
P_E,arch,UserOrDynamicUser,UserOrDynamicUser,INHERITED_SAME,351,351,219,1.0,C1X
P_E,debian,AmbientCapabilities,AmbientCapabilities,INHERITED_SAME,410,410,232,1.0,C1X
P_E,debian,CapabilityBoundingSet_CAP_AUDIT,CapabilityBoundingSet,INHERITED_SAME,410,410,232,1.0,C1X
P_E,debian,CapabilityBoundingSet_CAP_BLOCK_SUSPEND,CapabilityBoundingSet,INHERITED_SAME,410,410,232,1.0,C1X
P_E,debian,CapabilityBoundingSet_CAP_BPF,CapabilityBoundingSet,INHERITED_SAME,410,410,232,1.0,C1X
P_E,debian,CapabilityBoundingSet_CAP_CHOWN_FSETID_SETFCAP,CapabilityBoundingSet,INHERITED_SAME,410,410,232,1.0,C1X
P_E,debian,CapabilityBoundingSet_CAP_DAC_FOWNER_IPC_OWNER,CapabilityBoundingSet,INHERITED_SAME,410,410,232,1.0,C1X
P_E,debian,CapabilityBoundingSet_CAP_IPC_LOCK,CapabilityBoundingSet,INHERITED_SAME,410,410,232,1.0,C1X
P_E,debian,CapabilityBoundingSet_CAP_KILL,CapabilityBoundingSet,INHERITED_SAME,410,410,232,1.0,C1X
P_E,debian,CapabilityBoundingSet_CAP_LEASE,CapabilityBoundingSet,INHERITED_SAME,410,410,232,1.0,C1X
P_E,debian,CapabilityBoundingSet_CAP_LINUX_IMMUTABLE,CapabilityBoundingSet,INHERITED_SAME,410,410,232,1.0,C1X
P_E,debian,CapabilityBoundingSet_CAP_MAC,CapabilityBoundingSet,INHERITED_SAME,410,410,232,1.0,C1X
P_E,debian,CapabilityBoundingSet_CAP_MKNOD,CapabilityBoundingSet,INHERITED_SAME,410,410,232,1.0,C1X
P_E,debian,CapabilityBoundingSet_CAP_NET_ADMIN,CapabilityBoundingSet,INHERITED_SAME,410,410,232,1.0,C1X
P_E,debian,CapabilityBoundingSet_CAP_NET_BIND_SERVICE_BROADCAST_RAW),CapabilityBoundingSet,INHERITED_SAME,410,410,232,1.0,C1X
P_E,debian,CapabilityBoundingSet_CAP_SET_UID_GID_PCAP,CapabilityBoundingSet,INHERITED_SAME,410,410,232,1.0,C1X
P_E,debian,CapabilityBoundingSet_CAP_SYSLOG,CapabilityBoundingSet,INHERITED_SAME,410,410,232,1.0,C1X
P_E,debian,CapabilityBoundingSet_CAP_SYS_ADMIN,CapabilityBoundingSet,INHERITED_SAME,410,410,232,1.0,C1X
P_E,debian,CapabilityBoundingSet_CAP_SYS_BOOT,CapabilityBoundingSet,INHERITED_SAME,410,410,232,1.0,C1X
P_E,debian,CapabilityBoundingSet_CAP_SYS_CHROOT,CapabilityBoundingSet,INHERITED_SAME,410,410,232,1.0,C1X
P_E,debian,CapabilityBoundingSet_CAP_SYS_MODULE,CapabilityBoundingSet,INHERITED_SAME,410,410,232,1.0,C1X
P_E,debian,CapabilityBoundingSet_CAP_SYS_NICE_RESOURCE,CapabilityBoundingSet,INHERITED_SAME,410,410,232,1.0,C1X
P_E,debian,CapabilityBoundingSet_CAP_SYS_PACCT,CapabilityBoundingSet,INHERITED_SAME,410,410,232,1.0,C1X
P_E,debian,CapabilityBoundingSet_CAP_SYS_PTRACE,CapabilityBoundingSet,INHERITED_SAME,410,410,232,1.0,C1X
P_E,debian,CapabilityBoundingSet_CAP_SYS_RAWIO,CapabilityBoundingSet,INHERITED_SAME,410,410,232,1.0,C1X
P_E,debian,CapabilityBoundingSet_CAP_SYS_TIME,CapabilityBoundingSet,INHERITED_SAME,410,410,232,1.0,C1X
P_E,debian,CapabilityBoundingSet_CAP_SYS_TTY_CONFIG,CapabilityBoundingSet,INHERITED_SAME,410,410,232,1.0,C1X
P_E,debian,CapabilityBoundingSet_CAP_WAKE_ALARM,CapabilityBoundingSet,INHERITED_SAME,410,410,232,1.0,C1X
P_E,debian,Delegate,Delegate,INHERITED_SAME,410,410,232,1.0,C1X
P_E,debian,DeviceAllow,DeviceAllow,INHERITED_SAME,410,410,232,1.0,C1X
P_E,debian,IPAddressDeny,IPAddressDeny,INHERITED_SAME,410,410,232,1.0,C1X
P_E,debian,KeyringMode,KeyringMode,INHERITED_SAME,410,410,232,1.0,C1X
P_E,debian,LockPersonality,LockPersonality,INHERITED_SAME,410,410,232,1.0,C1X
P_E,debian,MemoryDenyWriteExecute,MemoryDenyWriteExecute,INHERITED_SAME,410,410,232,1.0,C1X
P_E,debian,NoNewPrivileges,NoNewPrivileges,INHERITED_SAME,410,410,232,1.0,C1X
P_E,debian,NotifyAccess,NotifyAccess,INHERITED_SAME,410,410,232,1.0,C1X
P_E,debian,PrivateDevices,PrivateDevices,INHERITED_SAME,410,410,232,1.0,C1X
P_E,debian,PrivateMounts,PrivateMounts,INHERITED_SAME,410,410,232,1.0,C1X
P_E,debian,PrivateNetwork,PrivateNetwork,INHERITED_SAME,410,410,232,1.0,C1X
P_E,debian,PrivateTmp,PrivateTmp,INHERITED_SAME,410,410,232,1.0,C1X
P_E,debian,PrivateUsers,PrivateUsers,INHERITED_SAME,410,410,232,1.0,C1X
P_E,debian,ProcSubset,ProcSubset,INHERITED_SAME,410,410,232,1.0,C1X
P_E,debian,ProtectClock,ProtectClock,INHERITED_SAME,410,410,232,1.0,C1X
P_E,debian,ProtectControlGroups,ProtectControlGroups,INHERITED_SAME,410,410,232,1.0,C1X
P_E,debian,ProtectHome,ProtectHome,INHERITED_SAME,410,410,232,1.0,C1X
P_E,debian,ProtectHostname,ProtectHostname,INHERITED_SAME,410,410,232,1.0,C1X
P_E,debian,ProtectKernelLogs,ProtectKernelLogs,INHERITED_SAME,410,410,232,1.0,C1X
P_E,debian,ProtectKernelModules,ProtectKernelModules,INHERITED_SAME,410,410,232,1.0,C1X
P_E,debian,ProtectKernelTunables,ProtectKernelTunables,INHERITED_SAME,410,410,232,1.0,C1X
P_E,debian,ProtectProc,ProtectProc,INHERITED_SAME,410,410,232,1.0,C1X
P_E,debian,ProtectSystem,ProtectSystem,INHERITED_SAME,410,410,232,1.0,C1X
P_E,debian,RemoveIPC,RemoveIPC,INHERITED_SAME,410,410,232,1.0,C1X
P_E,debian,RestrictAddressFamilies_AF_INET_INET6,RestrictAddressFamilies,INHERITED_SAME,410,410,232,1.0,C1X
P_E,debian,RestrictAddressFamilies_AF_NETLINK,RestrictAddressFamilies,INHERITED_SAME,410,410,232,1.0,C1X
P_E,debian,RestrictAddressFamilies_AF_PACKET,RestrictAddressFamilies,INHERITED_SAME,410,410,232,1.0,C1X
P_E,debian,RestrictAddressFamilies_AF_UNIX,RestrictAddressFamilies,INHERITED_SAME,410,410,232,1.0,C1X
P_E,debian,RestrictAddressFamilies_OTHER,RestrictAddressFamilies,INHERITED_SAME,410,410,232,1.0,C1X
P_E,debian,RestrictNamespaces_cgroup,RestrictNamespaces,INHERITED_SAME,410,410,232,1.0,C1X
P_E,debian,RestrictNamespaces_ipc,RestrictNamespaces,INHERITED_SAME,410,410,232,1.0,C1X
P_E,debian,RestrictNamespaces_mnt,RestrictNamespaces,INHERITED_SAME,410,410,232,1.0,C1X
P_E,debian,RestrictNamespaces_net,RestrictNamespaces,INHERITED_SAME,410,410,232,1.0,C1X
P_E,debian,RestrictNamespaces_pid,RestrictNamespaces,INHERITED_SAME,410,410,232,1.0,C1X
P_E,debian,RestrictNamespaces_user,RestrictNamespaces,INHERITED_SAME,410,410,232,1.0,C1X
P_E,debian,RestrictNamespaces_uts,RestrictNamespaces,INHERITED_SAME,410,410,232,1.0,C1X
P_E,debian,RestrictRealtime,RestrictRealtime,INHERITED_SAME,410,410,232,1.0,C1X
P_E,debian,RestrictSUIDSGID,RestrictSUIDSGID,INHERITED_SAME,410,410,232,1.0,C1X
P_E,debian,RootDirectoryOrRootImage,RootDirectoryOrRootImage,INHERITED_SAME,410,410,232,1.0,C1X
P_E,debian,SupplementaryGroups,SupplementaryGroups,INHERITED_SAME,410,410,232,1.0,C1X
P_E,debian,SystemCallArchitectures,SystemCallArchitectures,INHERITED_SAME,410,410,232,1.0,C1X
P_E,debian,SystemCallFilter_clock,SystemCallFilter,INHERITED_SAME,410,410,232,1.0,C1X
P_E,debian,SystemCallFilter_cpu_emulation,SystemCallFilter,INHERITED_SAME,410,410,232,1.0,C1X
P_E,debian,SystemCallFilter_debug,SystemCallFilter,INHERITED_SAME,410,410,232,1.0,C1X
P_E,debian,SystemCallFilter_module,SystemCallFilter,INHERITED_SAME,410,410,232,1.0,C1X
P_E,debian,SystemCallFilter_mount,SystemCallFilter,INHERITED_SAME,410,410,232,1.0,C1X
P_E,debian,SystemCallFilter_obsolete,SystemCallFilter,INHERITED_SAME,410,410,232,1.0,C1X
P_E,debian,SystemCallFilter_privileged,SystemCallFilter,INHERITED_SAME,410,410,232,1.0,C1X
P_E,debian,SystemCallFilter_raw_io,SystemCallFilter,INHERITED_SAME,410,410,232,1.0,C1X
P_E,debian,SystemCallFilter_reboot,SystemCallFilter,INHERITED_SAME,410,410,232,1.0,C1X
P_E,debian,SystemCallFilter_resources,SystemCallFilter,INHERITED_SAME,410,410,232,1.0,C1X
P_E,debian,SystemCallFilter_swap,SystemCallFilter,INHERITED_SAME,410,410,232,1.0,C1X
P_E,debian,UMask,UMask,INHERITED_SAME,410,410,232,1.0,C1X
P_E,debian,UserOrDynamicUser,UserOrDynamicUser,INHERITED_SAME,410,410,232,1.0,C1X
P_E,fedora,AmbientCapabilities,AmbientCapabilities,INHERITED_SAME,556,556,313,1.0,C1X
P_E,fedora,CapabilityBoundingSet_CAP_AUDIT,CapabilityBoundingSet,INHERITED_SAME,556,556,313,1.0,C1X
P_E,fedora,CapabilityBoundingSet_CAP_BLOCK_SUSPEND,CapabilityBoundingSet,INHERITED_SAME,556,556,313,1.0,C1X
P_E,fedora,CapabilityBoundingSet_CAP_BPF,CapabilityBoundingSet,INHERITED_SAME,556,556,313,1.0,C1X
P_E,fedora,CapabilityBoundingSet_CAP_CHOWN_FSETID_SETFCAP,CapabilityBoundingSet,INHERITED_SAME,556,556,313,1.0,C1X
P_E,fedora,CapabilityBoundingSet_CAP_DAC_FOWNER_IPC_OWNER,CapabilityBoundingSet,INHERITED_SAME,556,556,313,1.0,C1X
P_E,fedora,CapabilityBoundingSet_CAP_IPC_LOCK,CapabilityBoundingSet,INHERITED_SAME,556,556,313,1.0,C1X
P_E,fedora,CapabilityBoundingSet_CAP_KILL,CapabilityBoundingSet,INHERITED_SAME,556,556,313,1.0,C1X
P_E,fedora,CapabilityBoundingSet_CAP_LEASE,CapabilityBoundingSet,INHERITED_SAME,556,556,313,1.0,C1X
P_E,fedora,CapabilityBoundingSet_CAP_LINUX_IMMUTABLE,CapabilityBoundingSet,INHERITED_SAME,556,556,313,1.0,C1X
P_E,fedora,CapabilityBoundingSet_CAP_MAC,CapabilityBoundingSet,INHERITED_SAME,556,556,313,1.0,C1X
P_E,fedora,CapabilityBoundingSet_CAP_MKNOD,CapabilityBoundingSet,INHERITED_SAME,556,556,313,1.0,C1X
P_E,fedora,CapabilityBoundingSet_CAP_NET_ADMIN,CapabilityBoundingSet,INHERITED_SAME,556,556,313,1.0,C1X
P_E,fedora,CapabilityBoundingSet_CAP_NET_BIND_SERVICE_BROADCAST_RAW),CapabilityBoundingSet,INHERITED_SAME,556,556,313,1.0,C1X
P_E,fedora,CapabilityBoundingSet_CAP_SET_UID_GID_PCAP,CapabilityBoundingSet,INHERITED_SAME,556,556,313,1.0,C1X
P_E,fedora,CapabilityBoundingSet_CAP_SYSLOG,CapabilityBoundingSet,INHERITED_SAME,556,556,313,1.0,C1X
P_E,fedora,CapabilityBoundingSet_CAP_SYS_ADMIN,CapabilityBoundingSet,INHERITED_SAME,556,556,313,1.0,C1X
P_E,fedora,CapabilityBoundingSet_CAP_SYS_BOOT,CapabilityBoundingSet,INHERITED_SAME,556,556,313,1.0,C1X
P_E,fedora,CapabilityBoundingSet_CAP_SYS_CHROOT,CapabilityBoundingSet,INHERITED_SAME,556,556,313,1.0,C1X
P_E,fedora,CapabilityBoundingSet_CAP_SYS_MODULE,CapabilityBoundingSet,INHERITED_SAME,556,556,313,1.0,C1X
P_E,fedora,CapabilityBoundingSet_CAP_SYS_NICE_RESOURCE,CapabilityBoundingSet,INHERITED_SAME,556,556,313,1.0,C1X
P_E,fedora,CapabilityBoundingSet_CAP_SYS_PACCT,CapabilityBoundingSet,INHERITED_SAME,556,556,313,1.0,C1X
P_E,fedora,CapabilityBoundingSet_CAP_SYS_PTRACE,CapabilityBoundingSet,INHERITED_SAME,556,556,313,1.0,C1X
P_E,fedora,CapabilityBoundingSet_CAP_SYS_RAWIO,CapabilityBoundingSet,INHERITED_SAME,556,556,313,1.0,C1X
P_E,fedora,CapabilityBoundingSet_CAP_SYS_TIME,CapabilityBoundingSet,INHERITED_SAME,556,556,313,1.0,C1X
P_E,fedora,CapabilityBoundingSet_CAP_SYS_TTY_CONFIG,CapabilityBoundingSet,INHERITED_SAME,556,556,313,1.0,C1X
P_E,fedora,CapabilityBoundingSet_CAP_WAKE_ALARM,CapabilityBoundingSet,INHERITED_SAME,556,556,313,1.0,C1X
P_E,fedora,Delegate,Delegate,INHERITED_SAME,556,556,313,1.0,C1X
P_E,fedora,DeviceAllow,DeviceAllow,INHERITED_SAME,556,556,313,1.0,C1X
P_E,fedora,IPAddressDeny,IPAddressDeny,INHERITED_SAME,556,556,313,1.0,C1X
P_E,fedora,KeyringMode,KeyringMode,INHERITED_SAME,556,556,313,1.0,C1X
P_E,fedora,LockPersonality,LockPersonality,INHERITED_SAME,556,556,313,1.0,C1X
P_E,fedora,MemoryDenyWriteExecute,MemoryDenyWriteExecute,INHERITED_SAME,556,556,313,1.0,C1X
P_E,fedora,NoNewPrivileges,NoNewPrivileges,INHERITED_SAME,556,556,313,1.0,C1X
P_E,fedora,NotifyAccess,NotifyAccess,INHERITED_SAME,556,556,313,1.0,C1X
P_E,fedora,PrivateDevices,PrivateDevices,INHERITED_SAME,556,556,313,1.0,C1X
P_E,fedora,PrivateMounts,PrivateMounts,INHERITED_SAME,556,556,313,1.0,C1X
P_E,fedora,PrivateNetwork,PrivateNetwork,INHERITED_SAME,556,556,313,1.0,C1X
P_E,fedora,PrivateTmp,PrivateTmp,INHERITED_SAME,556,556,313,1.0,C1X
P_E,fedora,PrivateUsers,PrivateUsers,INHERITED_SAME,556,556,313,1.0,C1X
P_E,fedora,ProcSubset,ProcSubset,INHERITED_SAME,556,556,313,1.0,C1X
P_E,fedora,ProtectClock,ProtectClock,INHERITED_SAME,556,556,313,1.0,C1X
P_E,fedora,ProtectControlGroups,ProtectControlGroups,INHERITED_SAME,556,556,313,1.0,C1X
P_E,fedora,ProtectHome,ProtectHome,INHERITED_SAME,556,556,313,1.0,C1X
P_E,fedora,ProtectHostname,ProtectHostname,INHERITED_SAME,556,556,313,1.0,C1X
P_E,fedora,ProtectKernelLogs,ProtectKernelLogs,INHERITED_SAME,556,556,313,1.0,C1X
P_E,fedora,ProtectKernelModules,ProtectKernelModules,INHERITED_SAME,556,556,313,1.0,C1X
P_E,fedora,ProtectKernelTunables,ProtectKernelTunables,INHERITED_SAME,556,556,313,1.0,C1X
P_E,fedora,ProtectProc,ProtectProc,INHERITED_SAME,556,556,313,1.0,C1X
P_E,fedora,ProtectSystem,ProtectSystem,INHERITED_SAME,556,556,313,1.0,C1X
P_E,fedora,RemoveIPC,RemoveIPC,INHERITED_SAME,556,556,313,1.0,C1X
P_E,fedora,RestrictAddressFamilies_AF_INET_INET6,RestrictAddressFamilies,INHERITED_SAME,556,556,313,1.0,C1X
P_E,fedora,RestrictAddressFamilies_AF_NETLINK,RestrictAddressFamilies,INHERITED_SAME,556,556,313,1.0,C1X
P_E,fedora,RestrictAddressFamilies_AF_PACKET,RestrictAddressFamilies,INHERITED_SAME,556,556,313,1.0,C1X
P_E,fedora,RestrictAddressFamilies_AF_UNIX,RestrictAddressFamilies,INHERITED_SAME,556,556,313,1.0,C1X
P_E,fedora,RestrictAddressFamilies_OTHER,RestrictAddressFamilies,INHERITED_SAME,556,556,313,1.0,C1X
P_E,fedora,RestrictNamespaces_cgroup,RestrictNamespaces,INHERITED_SAME,556,556,313,1.0,C1X
P_E,fedora,RestrictNamespaces_ipc,RestrictNamespaces,INHERITED_SAME,556,556,313,1.0,C1X
P_E,fedora,RestrictNamespaces_mnt,RestrictNamespaces,INHERITED_SAME,556,556,313,1.0,C1X
P_E,fedora,RestrictNamespaces_net,RestrictNamespaces,INHERITED_SAME,556,556,313,1.0,C1X
P_E,fedora,RestrictNamespaces_pid,RestrictNamespaces,INHERITED_SAME,556,556,313,1.0,C1X
P_E,fedora,RestrictNamespaces_user,RestrictNamespaces,INHERITED_SAME,556,556,313,1.0,C1X
P_E,fedora,RestrictNamespaces_uts,RestrictNamespaces,INHERITED_SAME,556,556,313,1.0,C1X
P_E,fedora,RestrictRealtime,RestrictRealtime,INHERITED_SAME,556,556,313,1.0,C1X
P_E,fedora,RestrictSUIDSGID,RestrictSUIDSGID,INHERITED_SAME,556,556,313,1.0,C1X
P_E,fedora,RootDirectoryOrRootImage,RootDirectoryOrRootImage,INHERITED_SAME,556,556,313,1.0,C1X
P_E,fedora,SupplementaryGroups,SupplementaryGroups,INHERITED_SAME,556,556,313,1.0,C1X
P_E,fedora,SystemCallArchitectures,SystemCallArchitectures,INHERITED_SAME,556,556,313,1.0,C1X
P_E,fedora,SystemCallFilter_clock,SystemCallFilter,INHERITED_SAME,556,556,313,1.0,C1X
P_E,fedora,SystemCallFilter_cpu_emulation,SystemCallFilter,INHERITED_SAME,556,556,313,1.0,C1X
P_E,fedora,SystemCallFilter_debug,SystemCallFilter,INHERITED_SAME,556,556,313,1.0,C1X
P_E,fedora,SystemCallFilter_module,SystemCallFilter,INHERITED_SAME,556,556,313,1.0,C1X
P_E,fedora,SystemCallFilter_mount,SystemCallFilter,INHERITED_SAME,556,556,313,1.0,C1X
P_E,fedora,SystemCallFilter_obsolete,SystemCallFilter,INHERITED_SAME,556,556,313,1.0,C1X
P_E,fedora,SystemCallFilter_privileged,SystemCallFilter,INHERITED_SAME,556,556,313,1.0,C1X
P_E,fedora,SystemCallFilter_raw_io,SystemCallFilter,INHERITED_SAME,556,556,313,1.0,C1X
P_E,fedora,SystemCallFilter_reboot,SystemCallFilter,INHERITED_SAME,556,556,313,1.0,C1X
P_E,fedora,SystemCallFilter_resources,SystemCallFilter,INHERITED_SAME,556,556,313,1.0,C1X
P_E,fedora,SystemCallFilter_swap,SystemCallFilter,INHERITED_SAME,556,556,313,1.0,C1X
P_E,fedora,UMask,UMask,INHERITED_SAME,556,556,313,1.0,C1X
P_E,fedora,UserOrDynamicUser,UserOrDynamicUser,INHERITED_SAME,556,556,313,1.0,C1X
P_E,ubuntu,AmbientCapabilities,AmbientCapabilities,INHERITED_SAME,525,525,302,1.0,C1X
P_E,ubuntu,CapabilityBoundingSet_CAP_AUDIT,CapabilityBoundingSet,INHERITED_SAME,525,525,302,1.0,C1X
P_E,ubuntu,CapabilityBoundingSet_CAP_BLOCK_SUSPEND,CapabilityBoundingSet,INHERITED_SAME,525,525,302,1.0,C1X
P_E,ubuntu,CapabilityBoundingSet_CAP_BPF,CapabilityBoundingSet,INHERITED_SAME,525,525,302,1.0,C1X
P_E,ubuntu,CapabilityBoundingSet_CAP_CHOWN_FSETID_SETFCAP,CapabilityBoundingSet,INHERITED_SAME,525,525,302,1.0,C1X
P_E,ubuntu,CapabilityBoundingSet_CAP_DAC_FOWNER_IPC_OWNER,CapabilityBoundingSet,INHERITED_SAME,525,525,302,1.0,C1X
P_E,ubuntu,CapabilityBoundingSet_CAP_IPC_LOCK,CapabilityBoundingSet,INHERITED_SAME,525,525,302,1.0,C1X
P_E,ubuntu,CapabilityBoundingSet_CAP_KILL,CapabilityBoundingSet,INHERITED_SAME,525,525,302,1.0,C1X
P_E,ubuntu,CapabilityBoundingSet_CAP_LEASE,CapabilityBoundingSet,INHERITED_SAME,525,525,302,1.0,C1X
P_E,ubuntu,CapabilityBoundingSet_CAP_LINUX_IMMUTABLE,CapabilityBoundingSet,INHERITED_SAME,525,525,302,1.0,C1X
P_E,ubuntu,CapabilityBoundingSet_CAP_MAC,CapabilityBoundingSet,INHERITED_SAME,525,525,302,1.0,C1X
P_E,ubuntu,CapabilityBoundingSet_CAP_MKNOD,CapabilityBoundingSet,INHERITED_SAME,525,525,302,1.0,C1X
P_E,ubuntu,CapabilityBoundingSet_CAP_NET_ADMIN,CapabilityBoundingSet,INHERITED_SAME,525,525,302,1.0,C1X
P_E,ubuntu,CapabilityBoundingSet_CAP_NET_BIND_SERVICE_BROADCAST_RAW),CapabilityBoundingSet,INHERITED_SAME,525,525,302,1.0,C1X
P_E,ubuntu,CapabilityBoundingSet_CAP_SET_UID_GID_PCAP,CapabilityBoundingSet,INHERITED_SAME,525,525,302,1.0,C1X
P_E,ubuntu,CapabilityBoundingSet_CAP_SYSLOG,CapabilityBoundingSet,INHERITED_SAME,525,525,302,1.0,C1X
P_E,ubuntu,CapabilityBoundingSet_CAP_SYS_ADMIN,CapabilityBoundingSet,INHERITED_SAME,525,525,302,1.0,C1X
P_E,ubuntu,CapabilityBoundingSet_CAP_SYS_BOOT,CapabilityBoundingSet,INHERITED_SAME,525,525,302,1.0,C1X
P_E,ubuntu,CapabilityBoundingSet_CAP_SYS_CHROOT,CapabilityBoundingSet,INHERITED_SAME,525,525,302,1.0,C1X
P_E,ubuntu,CapabilityBoundingSet_CAP_SYS_MODULE,CapabilityBoundingSet,INHERITED_SAME,525,525,302,1.0,C1X
P_E,ubuntu,CapabilityBoundingSet_CAP_SYS_NICE_RESOURCE,CapabilityBoundingSet,INHERITED_SAME,525,525,302,1.0,C1X
P_E,ubuntu,CapabilityBoundingSet_CAP_SYS_PACCT,CapabilityBoundingSet,INHERITED_SAME,525,525,302,1.0,C1X
P_E,ubuntu,CapabilityBoundingSet_CAP_SYS_PTRACE,CapabilityBoundingSet,INHERITED_SAME,525,525,302,1.0,C1X
P_E,ubuntu,CapabilityBoundingSet_CAP_SYS_RAWIO,CapabilityBoundingSet,INHERITED_SAME,525,525,302,1.0,C1X
P_E,ubuntu,CapabilityBoundingSet_CAP_SYS_TIME,CapabilityBoundingSet,INHERITED_SAME,525,525,302,1.0,C1X
P_E,ubuntu,CapabilityBoundingSet_CAP_SYS_TTY_CONFIG,CapabilityBoundingSet,INHERITED_SAME,525,525,302,1.0,C1X
P_E,ubuntu,CapabilityBoundingSet_CAP_WAKE_ALARM,CapabilityBoundingSet,INHERITED_SAME,525,525,302,1.0,C1X
P_E,ubuntu,Delegate,Delegate,INHERITED_SAME,525,525,302,1.0,C1X
P_E,ubuntu,DeviceAllow,DeviceAllow,INHERITED_SAME,525,525,302,1.0,C1X
P_E,ubuntu,IPAddressDeny,IPAddressDeny,INHERITED_SAME,525,525,302,1.0,C1X
P_E,ubuntu,KeyringMode,KeyringMode,INHERITED_SAME,525,525,302,1.0,C1X
P_E,ubuntu,LockPersonality,LockPersonality,INHERITED_SAME,525,525,302,1.0,C1X
P_E,ubuntu,MemoryDenyWriteExecute,MemoryDenyWriteExecute,INHERITED_SAME,525,525,302,1.0,C1X
P_E,ubuntu,NoNewPrivileges,NoNewPrivileges,INHERITED_SAME,525,525,302,1.0,C1X
P_E,ubuntu,NotifyAccess,NotifyAccess,INHERITED_SAME,525,525,302,1.0,C1X
P_E,ubuntu,PrivateDevices,PrivateDevices,INHERITED_SAME,525,525,302,1.0,C1X
P_E,ubuntu,PrivateMounts,PrivateMounts,INHERITED_SAME,525,525,302,1.0,C1X
P_E,ubuntu,PrivateNetwork,PrivateNetwork,INHERITED_SAME,525,525,302,1.0,C1X
P_E,ubuntu,PrivateTmp,PrivateTmp,INHERITED_SAME,525,525,302,1.0,C1X
P_E,ubuntu,PrivateUsers,PrivateUsers,INHERITED_SAME,525,525,302,1.0,C1X
P_E,ubuntu,ProcSubset,ProcSubset,INHERITED_SAME,525,525,302,1.0,C1X
P_E,ubuntu,ProtectClock,ProtectClock,INHERITED_SAME,525,525,302,1.0,C1X
P_E,ubuntu,ProtectControlGroups,ProtectControlGroups,INHERITED_SAME,525,525,302,1.0,C1X
P_E,ubuntu,ProtectHome,ProtectHome,INHERITED_SAME,525,525,302,1.0,C1X
P_E,ubuntu,ProtectHostname,ProtectHostname,INHERITED_SAME,525,525,302,1.0,C1X
P_E,ubuntu,ProtectKernelLogs,ProtectKernelLogs,INHERITED_SAME,525,525,302,1.0,C1X
P_E,ubuntu,ProtectKernelModules,ProtectKernelModules,INHERITED_SAME,525,525,302,1.0,C1X
P_E,ubuntu,ProtectKernelTunables,ProtectKernelTunables,INHERITED_SAME,525,525,302,1.0,C1X
P_E,ubuntu,ProtectProc,ProtectProc,INHERITED_SAME,525,525,302,1.0,C1X
P_E,ubuntu,ProtectSystem,ProtectSystem,INHERITED_SAME,525,525,302,1.0,C1X
P_E,ubuntu,RemoveIPC,RemoveIPC,INHERITED_SAME,525,525,302,1.0,C1X
P_E,ubuntu,RestrictAddressFamilies_AF_INET_INET6,RestrictAddressFamilies,INHERITED_SAME,525,525,302,1.0,C1X
P_E,ubuntu,RestrictAddressFamilies_AF_NETLINK,RestrictAddressFamilies,INHERITED_SAME,525,525,302,1.0,C1X
P_E,ubuntu,RestrictAddressFamilies_AF_PACKET,RestrictAddressFamilies,INHERITED_SAME,525,525,302,1.0,C1X
P_E,ubuntu,RestrictAddressFamilies_AF_UNIX,RestrictAddressFamilies,INHERITED_SAME,525,525,302,1.0,C1X
P_E,ubuntu,RestrictAddressFamilies_OTHER,RestrictAddressFamilies,INHERITED_SAME,525,525,302,1.0,C1X
P_E,ubuntu,RestrictNamespaces_cgroup,RestrictNamespaces,INHERITED_SAME,525,525,302,1.0,C1X
P_E,ubuntu,RestrictNamespaces_ipc,RestrictNamespaces,INHERITED_SAME,525,525,302,1.0,C1X
P_E,ubuntu,RestrictNamespaces_mnt,RestrictNamespaces,INHERITED_SAME,525,525,302,1.0,C1X
P_E,ubuntu,RestrictNamespaces_net,RestrictNamespaces,INHERITED_SAME,525,525,302,1.0,C1X
P_E,ubuntu,RestrictNamespaces_pid,RestrictNamespaces,INHERITED_SAME,525,525,302,1.0,C1X
P_E,ubuntu,RestrictNamespaces_user,RestrictNamespaces,INHERITED_SAME,525,525,302,1.0,C1X
P_E,ubuntu,RestrictNamespaces_uts,RestrictNamespaces,INHERITED_SAME,525,525,302,1.0,C1X
P_E,ubuntu,RestrictRealtime,RestrictRealtime,INHERITED_SAME,525,525,302,1.0,C1X
P_E,ubuntu,RestrictSUIDSGID,RestrictSUIDSGID,INHERITED_SAME,525,525,302,1.0,C1X
P_E,ubuntu,RootDirectoryOrRootImage,RootDirectoryOrRootImage,INHERITED_SAME,525,525,302,1.0,C1X
P_E,ubuntu,SupplementaryGroups,SupplementaryGroups,INHERITED_SAME,525,525,302,1.0,C1X
P_E,ubuntu,SystemCallArchitectures,SystemCallArchitectures,INHERITED_SAME,525,525,302,1.0,C1X
P_E,ubuntu,SystemCallFilter_clock,SystemCallFilter,INHERITED_SAME,525,525,302,1.0,C1X
P_E,ubuntu,SystemCallFilter_cpu_emulation,SystemCallFilter,INHERITED_SAME,525,525,302,1.0,C1X
P_E,ubuntu,SystemCallFilter_debug,SystemCallFilter,INHERITED_SAME,525,525,302,1.0,C1X
P_E,ubuntu,SystemCallFilter_module,SystemCallFilter,INHERITED_SAME,525,525,302,1.0,C1X
P_E,ubuntu,SystemCallFilter_mount,SystemCallFilter,INHERITED_SAME,525,525,302,1.0,C1X
P_E,ubuntu,SystemCallFilter_obsolete,SystemCallFilter,INHERITED_SAME,525,525,302,1.0,C1X
P_E,ubuntu,SystemCallFilter_privileged,SystemCallFilter,INHERITED_SAME,525,525,302,1.0,C1X
P_E,ubuntu,SystemCallFilter_raw_io,SystemCallFilter,INHERITED_SAME,525,525,302,1.0,C1X
P_E,ubuntu,SystemCallFilter_reboot,SystemCallFilter,INHERITED_SAME,525,525,302,1.0,C1X
P_E,ubuntu,SystemCallFilter_resources,SystemCallFilter,INHERITED_SAME,525,525,302,1.0,C1X
P_E,ubuntu,SystemCallFilter_swap,SystemCallFilter,INHERITED_SAME,525,525,302,1.0,C1X
P_E,ubuntu,UMask,UMask,INHERITED_SAME,525,525,302,1.0,C1X
P_E,ubuntu,UserOrDynamicUser,UserOrDynamicUser,INHERITED_SAME,525,525,302,1.0,C1X
U_P,arch,AmbientCapabilities,AmbientCapabilities,INHERITED_SAME,195,196,114,0.9948979591836735,C3X
U_P,arch,AmbientCapabilities,AmbientCapabilities,REMOVED,1,196,114,0.00510204081632653,C3X
U_P,arch,CapabilityBoundingSet_CAP_AUDIT,CapabilityBoundingSet,ADDED,3,204,115,0.014705882352941176,C3X
U_P,arch,CapabilityBoundingSet_CAP_AUDIT,CapabilityBoundingSet,INHERITED_SAME,201,204,115,0.9852941176470589,C3X
U_P,arch,CapabilityBoundingSet_CAP_BLOCK_SUSPEND,CapabilityBoundingSet,ADDED,3,204,115,0.014705882352941176,C3X
U_P,arch,CapabilityBoundingSet_CAP_BLOCK_SUSPEND,CapabilityBoundingSet,INHERITED_SAME,201,204,115,0.9852941176470589,C3X
U_P,arch,CapabilityBoundingSet_CAP_BPF,CapabilityBoundingSet,ADDED,3,204,115,0.014705882352941176,C3X
U_P,arch,CapabilityBoundingSet_CAP_BPF,CapabilityBoundingSet,INHERITED_SAME,201,204,115,0.9852941176470589,C3X
U_P,arch,CapabilityBoundingSet_CAP_CHOWN_FSETID_SETFCAP,CapabilityBoundingSet,ADDED,3,204,115,0.014705882352941176,C3X
U_P,arch,CapabilityBoundingSet_CAP_CHOWN_FSETID_SETFCAP,CapabilityBoundingSet,INHERITED_SAME,201,204,115,0.9852941176470589,C3X
U_P,arch,CapabilityBoundingSet_CAP_DAC_FOWNER_IPC_OWNER,CapabilityBoundingSet,ADDED,2,204,115,0.00980392156862745,C3X
U_P,arch,CapabilityBoundingSet_CAP_DAC_FOWNER_IPC_OWNER,CapabilityBoundingSet,INHERITED_SAME,202,204,115,0.9901960784313726,C3X
U_P,arch,CapabilityBoundingSet_CAP_IPC_LOCK,CapabilityBoundingSet,ADDED,3,204,115,0.014705882352941176,C3X
U_P,arch,CapabilityBoundingSet_CAP_IPC_LOCK,CapabilityBoundingSet,INHERITED_SAME,201,204,115,0.9852941176470589,C3X
U_P,arch,CapabilityBoundingSet_CAP_KILL,CapabilityBoundingSet,ADDED,3,204,115,0.014705882352941176,C3X
U_P,arch,CapabilityBoundingSet_CAP_KILL,CapabilityBoundingSet,INHERITED_SAME,201,204,115,0.9852941176470589,C3X
U_P,arch,CapabilityBoundingSet_CAP_LEASE,CapabilityBoundingSet,ADDED,3,204,115,0.014705882352941176,C3X
U_P,arch,CapabilityBoundingSet_CAP_LEASE,CapabilityBoundingSet,INHERITED_SAME,201,204,115,0.9852941176470589,C3X
U_P,arch,CapabilityBoundingSet_CAP_LINUX_IMMUTABLE,CapabilityBoundingSet,ADDED,3,204,115,0.014705882352941176,C3X
U_P,arch,CapabilityBoundingSet_CAP_LINUX_IMMUTABLE,CapabilityBoundingSet,INHERITED_SAME,201,204,115,0.9852941176470589,C3X
U_P,arch,CapabilityBoundingSet_CAP_MAC,CapabilityBoundingSet,ADDED,3,204,115,0.014705882352941176,C3X
U_P,arch,CapabilityBoundingSet_CAP_MAC,CapabilityBoundingSet,INHERITED_SAME,201,204,115,0.9852941176470589,C3X
U_P,arch,CapabilityBoundingSet_CAP_MKNOD,CapabilityBoundingSet,ADDED,4,204,115,0.0196078431372549,C3X
U_P,arch,CapabilityBoundingSet_CAP_MKNOD,CapabilityBoundingSet,INHERITED_SAME,200,204,115,0.9803921568627451,C3X
U_P,arch,CapabilityBoundingSet_CAP_NET_ADMIN,CapabilityBoundingSet,ADDED,3,204,115,0.014705882352941176,C3X
U_P,arch,CapabilityBoundingSet_CAP_NET_ADMIN,CapabilityBoundingSet,INHERITED_SAME,201,204,115,0.9852941176470589,C3X
U_P,arch,CapabilityBoundingSet_CAP_NET_BIND_SERVICE_BROADCAST_RAW),CapabilityBoundingSet,ADDED,2,204,115,0.00980392156862745,C3X
U_P,arch,CapabilityBoundingSet_CAP_NET_BIND_SERVICE_BROADCAST_RAW),CapabilityBoundingSet,INHERITED_SAME,202,204,115,0.9901960784313726,C3X
U_P,arch,CapabilityBoundingSet_CAP_SET_UID_GID_PCAP,CapabilityBoundingSet,ADDED,2,204,115,0.00980392156862745,C3X
U_P,arch,CapabilityBoundingSet_CAP_SET_UID_GID_PCAP,CapabilityBoundingSet,INHERITED_SAME,202,204,115,0.9901960784313726,C3X
U_P,arch,CapabilityBoundingSet_CAP_SYSLOG,CapabilityBoundingSet,ADDED,4,204,115,0.0196078431372549,C3X
U_P,arch,CapabilityBoundingSet_CAP_SYSLOG,CapabilityBoundingSet,INHERITED_SAME,200,204,115,0.9803921568627451,C3X
U_P,arch,CapabilityBoundingSet_CAP_SYS_ADMIN,CapabilityBoundingSet,ADDED,3,204,115,0.014705882352941176,C3X
U_P,arch,CapabilityBoundingSet_CAP_SYS_ADMIN,CapabilityBoundingSet,INHERITED_SAME,201,204,115,0.9852941176470589,C3X
U_P,arch,CapabilityBoundingSet_CAP_SYS_BOOT,CapabilityBoundingSet,ADDED,3,204,115,0.014705882352941176,C3X
U_P,arch,CapabilityBoundingSet_CAP_SYS_BOOT,CapabilityBoundingSet,INHERITED_SAME,201,204,115,0.9852941176470589,C3X
U_P,arch,CapabilityBoundingSet_CAP_SYS_CHROOT,CapabilityBoundingSet,ADDED,3,204,115,0.014705882352941176,C3X
U_P,arch,CapabilityBoundingSet_CAP_SYS_CHROOT,CapabilityBoundingSet,INHERITED_SAME,201,204,115,0.9852941176470589,C3X
U_P,arch,CapabilityBoundingSet_CAP_SYS_MODULE,CapabilityBoundingSet,ADDED,4,204,115,0.0196078431372549,C3X
U_P,arch,CapabilityBoundingSet_CAP_SYS_MODULE,CapabilityBoundingSet,INHERITED_SAME,200,204,115,0.9803921568627451,C3X
U_P,arch,CapabilityBoundingSet_CAP_SYS_NICE_RESOURCE,CapabilityBoundingSet,ADDED,3,204,115,0.014705882352941176,C3X
U_P,arch,CapabilityBoundingSet_CAP_SYS_NICE_RESOURCE,CapabilityBoundingSet,INHERITED_SAME,201,204,115,0.9852941176470589,C3X
U_P,arch,CapabilityBoundingSet_CAP_SYS_PACCT,CapabilityBoundingSet,ADDED,3,204,115,0.014705882352941176,C3X
U_P,arch,CapabilityBoundingSet_CAP_SYS_PACCT,CapabilityBoundingSet,INHERITED_SAME,201,204,115,0.9852941176470589,C3X
U_P,arch,CapabilityBoundingSet_CAP_SYS_PTRACE,CapabilityBoundingSet,ADDED,3,204,115,0.014705882352941176,C3X
U_P,arch,CapabilityBoundingSet_CAP_SYS_PTRACE,CapabilityBoundingSet,INHERITED_SAME,201,204,115,0.9852941176470589,C3X
U_P,arch,CapabilityBoundingSet_CAP_SYS_RAWIO,CapabilityBoundingSet,ADDED,4,204,115,0.0196078431372549,C3X
U_P,arch,CapabilityBoundingSet_CAP_SYS_RAWIO,CapabilityBoundingSet,INHERITED_SAME,200,204,115,0.9803921568627451,C3X
U_P,arch,CapabilityBoundingSet_CAP_SYS_TIME,CapabilityBoundingSet,ADDED,3,204,115,0.014705882352941176,C3X
U_P,arch,CapabilityBoundingSet_CAP_SYS_TIME,CapabilityBoundingSet,INHERITED_SAME,201,204,115,0.9852941176470589,C3X
U_P,arch,CapabilityBoundingSet_CAP_SYS_TTY_CONFIG,CapabilityBoundingSet,ADDED,3,204,115,0.014705882352941176,C3X
U_P,arch,CapabilityBoundingSet_CAP_SYS_TTY_CONFIG,CapabilityBoundingSet,INHERITED_SAME,201,204,115,0.9852941176470589,C3X
U_P,arch,CapabilityBoundingSet_CAP_WAKE_ALARM,CapabilityBoundingSet,ADDED,3,204,115,0.014705882352941176,C3X
U_P,arch,CapabilityBoundingSet_CAP_WAKE_ALARM,CapabilityBoundingSet,INHERITED_SAME,201,204,115,0.9852941176470589,C3X
U_P,arch,Delegate,Delegate,INHERITED_SAME,196,196,114,1.0,C3X
U_P,arch,DeviceAllow,DeviceAllow,ADDED,1,196,114,0.00510204081632653,C3X
U_P,arch,DeviceAllow,DeviceAllow,INHERITED_SAME,193,196,114,0.9846938775510204,C3X
U_P,arch,DeviceAllow,DeviceAllow,MODIFIED,2,196,114,0.01020408163265306,C3X
U_P,arch,IPAddressDeny,IPAddressDeny,INHERITED_SAME,196,196,114,1.0,C3X
U_P,arch,KeyringMode,KeyringMode,INHERITED_SAME,197,197,115,1.0,C3X
U_P,arch,LockPersonality,LockPersonality,ADDED,4,197,115,0.02030456852791878,C3X
U_P,arch,LockPersonality,LockPersonality,INHERITED_SAME,193,197,115,0.9796954314720813,C3X
U_P,arch,MemoryDenyWriteExecute,MemoryDenyWriteExecute,ADDED,3,197,115,0.015228426395939087,C3X
U_P,arch,MemoryDenyWriteExecute,MemoryDenyWriteExecute,INHERITED_SAME,194,197,115,0.9847715736040609,C3X
U_P,arch,NoNewPrivileges,NoNewPrivileges,ADDED,4,197,115,0.02030456852791878,C3X
U_P,arch,NoNewPrivileges,NoNewPrivileges,INHERITED_SAME,193,197,115,0.9796954314720813,C3X
U_P,arch,NotifyAccess,NotifyAccess,INHERITED_SAME,197,197,115,1.0,C3X
U_P,arch,PrivateDevices,PrivateDevices,ADDED,3,197,115,0.015228426395939087,C3X
U_P,arch,PrivateDevices,PrivateDevices,INHERITED_SAME,194,197,115,0.9847715736040609,C3X
U_P,arch,PrivateMounts,PrivateMounts,INHERITED_SAME,196,196,114,1.0,C3X
U_P,arch,PrivateNetwork,PrivateNetwork,ADDED,1,196,114,0.00510204081632653,C3X
U_P,arch,PrivateNetwork,PrivateNetwork,INHERITED_SAME,195,196,114,0.9948979591836735,C3X
U_P,arch,PrivateTmp,PrivateTmp,ADDED,2,197,115,0.01015228426395939,C3X
U_P,arch,PrivateTmp,PrivateTmp,INHERITED_SAME,193,197,115,0.9796954314720813,C3X
U_P,arch,PrivateTmp,PrivateTmp,MODIFIED,1,197,115,0.005076142131979695,C3X
U_P,arch,PrivateTmp,PrivateTmp,REMOVED,1,197,115,0.005076142131979695,C3X
U_P,arch,PrivateUsers,PrivateUsers,ADDED,1,196,114,0.00510204081632653,C3X
U_P,arch,PrivateUsers,PrivateUsers,INHERITED_SAME,195,196,114,0.9948979591836735,C3X
U_P,arch,ProcSubset,ProcSubset,INHERITED_SAME,196,196,114,1.0,C3X
U_P,arch,ProtectClock,ProtectClock,ADDED,2,197,115,0.01015228426395939,C3X
U_P,arch,ProtectClock,ProtectClock,INHERITED_SAME,195,197,115,0.9898477157360406,C3X
U_P,arch,ProtectControlGroups,ProtectControlGroups,ADDED,4,198,115,0.020202020202020204,C3X
U_P,arch,ProtectControlGroups,ProtectControlGroups,INHERITED_SAME,194,198,115,0.9797979797979798,C3X
U_P,arch,ProtectHome,ProtectHome,ADDED,4,198,115,0.020202020202020204,C3X
U_P,arch,ProtectHome,ProtectHome,INHERITED_SAME,193,198,115,0.9747474747474747,C3X
U_P,arch,ProtectHome,ProtectHome,MODIFIED,1,198,115,0.005050505050505051,C3X
U_P,arch,ProtectHostname,ProtectHostname,ADDED,4,198,115,0.020202020202020204,C3X
U_P,arch,ProtectHostname,ProtectHostname,INHERITED_SAME,194,198,115,0.9797979797979798,C3X
U_P,arch,ProtectKernelLogs,ProtectKernelLogs,ADDED,3,198,115,0.015151515151515152,C3X
U_P,arch,ProtectKernelLogs,ProtectKernelLogs,INHERITED_SAME,195,198,115,0.9848484848484849,C3X
U_P,arch,ProtectKernelModules,ProtectKernelModules,ADDED,4,198,115,0.020202020202020204,C3X
U_P,arch,ProtectKernelModules,ProtectKernelModules,INHERITED_SAME,194,198,115,0.9797979797979798,C3X
U_P,arch,ProtectKernelTunables,ProtectKernelTunables,ADDED,4,198,115,0.020202020202020204,C3X
U_P,arch,ProtectKernelTunables,ProtectKernelTunables,INHERITED_SAME,194,198,115,0.9797979797979798,C3X
U_P,arch,ProtectProc,ProtectProc,INHERITED_SAME,197,197,115,1.0,C3X
U_P,arch,ProtectSystem,ProtectSystem,ADDED,3,198,115,0.015151515151515152,C3X
U_P,arch,ProtectSystem,ProtectSystem,INHERITED_SAME,193,198,115,0.9747474747474747,C3X
U_P,arch,ProtectSystem,ProtectSystem,MODIFIED,2,198,115,0.010101010101010102,C3X
U_P,arch,RemoveIPC,RemoveIPC,ADDED,2,175,108,0.011428571428571429,C3X
U_P,arch,RemoveIPC,RemoveIPC,INHERITED_SAME,171,175,108,0.9771428571428571,C3X
U_P,arch,RemoveIPC,RemoveIPC,MODIFIED,2,175,108,0.011428571428571429,C3X
U_P,arch,RestrictAddressFamilies_AF_INET_INET6,RestrictAddressFamilies,INHERITED_SAME,198,198,115,1.0,C3X
U_P,arch,RestrictAddressFamilies_AF_NETLINK,RestrictAddressFamilies,ADDED,1,198,115,0.005050505050505051,C3X
U_P,arch,RestrictAddressFamilies_AF_NETLINK,RestrictAddressFamilies,INHERITED_SAME,197,198,115,0.9949494949494949,C3X
U_P,arch,RestrictAddressFamilies_AF_PACKET,RestrictAddressFamilies,ADDED,2,198,115,0.010101010101010102,C3X
U_P,arch,RestrictAddressFamilies_AF_PACKET,RestrictAddressFamilies,INHERITED_SAME,196,198,115,0.98989898989899,C3X
U_P,arch,RestrictAddressFamilies_AF_UNIX,RestrictAddressFamilies,INHERITED_SAME,198,198,115,1.0,C3X
U_P,arch,RestrictAddressFamilies_OTHER,RestrictAddressFamilies,ADDED,2,198,115,0.010101010101010102,C3X
U_P,arch,RestrictAddressFamilies_OTHER,RestrictAddressFamilies,INHERITED_SAME,196,198,115,0.98989898989899,C3X
U_P,arch,RestrictNamespaces_cgroup,RestrictNamespaces,ADDED,3,197,115,0.015228426395939087,C3X
U_P,arch,RestrictNamespaces_cgroup,RestrictNamespaces,INHERITED_SAME,194,197,115,0.9847715736040609,C3X
U_P,arch,RestrictNamespaces_ipc,RestrictNamespaces,ADDED,3,197,115,0.015228426395939087,C3X
U_P,arch,RestrictNamespaces_ipc,RestrictNamespaces,INHERITED_SAME,194,197,115,0.9847715736040609,C3X
U_P,arch,RestrictNamespaces_mnt,RestrictNamespaces,ADDED,3,197,115,0.015228426395939087,C3X
U_P,arch,RestrictNamespaces_mnt,RestrictNamespaces,INHERITED_SAME,194,197,115,0.9847715736040609,C3X
U_P,arch,RestrictNamespaces_net,RestrictNamespaces,ADDED,3,197,115,0.015228426395939087,C3X
U_P,arch,RestrictNamespaces_net,RestrictNamespaces,INHERITED_SAME,194,197,115,0.9847715736040609,C3X
U_P,arch,RestrictNamespaces_pid,RestrictNamespaces,ADDED,3,197,115,0.015228426395939087,C3X
U_P,arch,RestrictNamespaces_pid,RestrictNamespaces,INHERITED_SAME,194,197,115,0.9847715736040609,C3X
U_P,arch,RestrictNamespaces_user,RestrictNamespaces,ADDED,3,197,115,0.015228426395939087,C3X
U_P,arch,RestrictNamespaces_user,RestrictNamespaces,INHERITED_SAME,194,197,115,0.9847715736040609,C3X
U_P,arch,RestrictNamespaces_uts,RestrictNamespaces,ADDED,3,197,115,0.015228426395939087,C3X
U_P,arch,RestrictNamespaces_uts,RestrictNamespaces,INHERITED_SAME,194,197,115,0.9847715736040609,C3X
U_P,arch,RestrictRealtime,RestrictRealtime,ADDED,4,198,115,0.020202020202020204,C3X
U_P,arch,RestrictRealtime,RestrictRealtime,INHERITED_SAME,194,198,115,0.9797979797979798,C3X
U_P,arch,RestrictSUIDSGID,RestrictSUIDSGID,ADDED,3,197,115,0.015228426395939087,C3X
U_P,arch,RestrictSUIDSGID,RestrictSUIDSGID,INHERITED_SAME,194,197,115,0.9847715736040609,C3X
U_P,arch,RootDirectoryOrRootImage,RootDirectoryOrRootImage,INHERITED_SAME,195,196,114,0.9948979591836735,C3X
U_P,arch,RootDirectoryOrRootImage,RootDirectoryOrRootImage,MODIFIED,1,196,114,0.00510204081632653,C3X
U_P,arch,SupplementaryGroups,SupplementaryGroups,ADDED,3,175,108,0.017142857142857144,C3X
U_P,arch,SupplementaryGroups,SupplementaryGroups,INHERITED_SAME,171,175,108,0.9771428571428571,C3X
U_P,arch,SupplementaryGroups,SupplementaryGroups,REMOVED,1,175,108,0.005714285714285714,C3X
U_P,arch,SystemCallArchitectures,SystemCallArchitectures,ADDED,3,197,115,0.015228426395939087,C3X
U_P,arch,SystemCallArchitectures,SystemCallArchitectures,INHERITED_SAME,194,197,115,0.9847715736040609,C3X
U_P,arch,SystemCallFilter_clock,SystemCallFilter,ADDED,4,197,115,0.02030456852791878,C3X
U_P,arch,SystemCallFilter_clock,SystemCallFilter,INHERITED_SAME,193,197,115,0.9796954314720813,C3X
U_P,arch,SystemCallFilter_cpu_emulation,SystemCallFilter,ADDED,4,197,115,0.02030456852791878,C3X
U_P,arch,SystemCallFilter_cpu_emulation,SystemCallFilter,INHERITED_SAME,193,197,115,0.9796954314720813,C3X
U_P,arch,SystemCallFilter_debug,SystemCallFilter,ADDED,4,197,115,0.02030456852791878,C3X
U_P,arch,SystemCallFilter_debug,SystemCallFilter,INHERITED_SAME,193,197,115,0.9796954314720813,C3X
U_P,arch,SystemCallFilter_module,SystemCallFilter,ADDED,4,197,115,0.02030456852791878,C3X
U_P,arch,SystemCallFilter_module,SystemCallFilter,INHERITED_SAME,193,197,115,0.9796954314720813,C3X
U_P,arch,SystemCallFilter_mount,SystemCallFilter,ADDED,4,197,115,0.02030456852791878,C3X
U_P,arch,SystemCallFilter_mount,SystemCallFilter,INHERITED_SAME,193,197,115,0.9796954314720813,C3X
U_P,arch,SystemCallFilter_obsolete,SystemCallFilter,ADDED,4,197,115,0.02030456852791878,C3X
U_P,arch,SystemCallFilter_obsolete,SystemCallFilter,INHERITED_SAME,193,197,115,0.9796954314720813,C3X
U_P,arch,SystemCallFilter_privileged,SystemCallFilter,ADDED,1,197,115,0.005076142131979695,C3X
U_P,arch,SystemCallFilter_privileged,SystemCallFilter,INHERITED_SAME,193,197,115,0.9796954314720813,C3X
U_P,arch,SystemCallFilter_privileged,SystemCallFilter,MODIFIED,3,197,115,0.015228426395939087,C3X
U_P,arch,SystemCallFilter_raw_io,SystemCallFilter,ADDED,4,197,115,0.02030456852791878,C3X
U_P,arch,SystemCallFilter_raw_io,SystemCallFilter,INHERITED_SAME,193,197,115,0.9796954314720813,C3X
U_P,arch,SystemCallFilter_reboot,SystemCallFilter,ADDED,4,197,115,0.02030456852791878,C3X
U_P,arch,SystemCallFilter_reboot,SystemCallFilter,INHERITED_SAME,193,197,115,0.9796954314720813,C3X
U_P,arch,SystemCallFilter_resources,SystemCallFilter,ADDED,2,197,115,0.01015228426395939,C3X
U_P,arch,SystemCallFilter_resources,SystemCallFilter,INHERITED_SAME,193,197,115,0.9796954314720813,C3X
U_P,arch,SystemCallFilter_resources,SystemCallFilter,MODIFIED,2,197,115,0.01015228426395939,C3X
U_P,arch,SystemCallFilter_swap,SystemCallFilter,ADDED,4,197,115,0.02030456852791878,C3X
U_P,arch,SystemCallFilter_swap,SystemCallFilter,INHERITED_SAME,193,197,115,0.9796954314720813,C3X
U_P,arch,UMask,UMask,INHERITED_SAME,195,196,114,0.9948979591836735,C3X
U_P,arch,UMask,UMask,REMOVED,1,196,114,0.00510204081632653,C3X
U_P,arch,UserOrDynamicUser,UserOrDynamicUser,ADDED,3,175,108,0.017142857142857144,C3X
U_P,arch,UserOrDynamicUser,UserOrDynamicUser,INHERITED_SAME,171,175,108,0.9771428571428571,C3X
U_P,arch,UserOrDynamicUser,UserOrDynamicUser,MODIFIED,1,175,108,0.005714285714285714,C3X
U_P,debian,AmbientCapabilities,AmbientCapabilities,ADDED,1,239,143,0.0041841004184100415,C3X
U_P,debian,AmbientCapabilities,AmbientCapabilities,INHERITED_SAME,238,239,143,0.99581589958159,C3X
U_P,debian,CapabilityBoundingSet_CAP_AUDIT,CapabilityBoundingSet,INHERITED_SAME,246,247,144,0.9959514170040485,C3X
U_P,debian,CapabilityBoundingSet_CAP_AUDIT,CapabilityBoundingSet,REMOVED,1,247,144,0.004048582995951417,C3X
U_P,debian,CapabilityBoundingSet_CAP_BLOCK_SUSPEND,CapabilityBoundingSet,INHERITED_SAME,246,247,144,0.9959514170040485,C3X
U_P,debian,CapabilityBoundingSet_CAP_BLOCK_SUSPEND,CapabilityBoundingSet,REMOVED,1,247,144,0.004048582995951417,C3X
U_P,debian,CapabilityBoundingSet_CAP_BPF,CapabilityBoundingSet,INHERITED_SAME,246,247,144,0.9959514170040485,C3X
U_P,debian,CapabilityBoundingSet_CAP_BPF,CapabilityBoundingSet,REMOVED,1,247,144,0.004048582995951417,C3X
U_P,debian,CapabilityBoundingSet_CAP_CHOWN_FSETID_SETFCAP,CapabilityBoundingSet,INHERITED_SAME,246,247,144,0.9959514170040485,C3X
U_P,debian,CapabilityBoundingSet_CAP_CHOWN_FSETID_SETFCAP,CapabilityBoundingSet,REMOVED,1,247,144,0.004048582995951417,C3X
U_P,debian,CapabilityBoundingSet_CAP_DAC_FOWNER_IPC_OWNER,CapabilityBoundingSet,INHERITED_SAME,246,247,144,0.9959514170040485,C3X
U_P,debian,CapabilityBoundingSet_CAP_DAC_FOWNER_IPC_OWNER,CapabilityBoundingSet,REMOVED,1,247,144,0.004048582995951417,C3X
U_P,debian,CapabilityBoundingSet_CAP_IPC_LOCK,CapabilityBoundingSet,INHERITED_SAME,246,247,144,0.9959514170040485,C3X
U_P,debian,CapabilityBoundingSet_CAP_IPC_LOCK,CapabilityBoundingSet,REMOVED,1,247,144,0.004048582995951417,C3X
U_P,debian,CapabilityBoundingSet_CAP_KILL,CapabilityBoundingSet,INHERITED_SAME,246,247,144,0.9959514170040485,C3X
U_P,debian,CapabilityBoundingSet_CAP_KILL,CapabilityBoundingSet,REMOVED,1,247,144,0.004048582995951417,C3X
U_P,debian,CapabilityBoundingSet_CAP_LEASE,CapabilityBoundingSet,INHERITED_SAME,246,247,144,0.9959514170040485,C3X
U_P,debian,CapabilityBoundingSet_CAP_LEASE,CapabilityBoundingSet,REMOVED,1,247,144,0.004048582995951417,C3X
U_P,debian,CapabilityBoundingSet_CAP_LINUX_IMMUTABLE,CapabilityBoundingSet,INHERITED_SAME,246,247,144,0.9959514170040485,C3X
U_P,debian,CapabilityBoundingSet_CAP_LINUX_IMMUTABLE,CapabilityBoundingSet,REMOVED,1,247,144,0.004048582995951417,C3X
U_P,debian,CapabilityBoundingSet_CAP_MAC,CapabilityBoundingSet,INHERITED_SAME,246,247,144,0.9959514170040485,C3X
U_P,debian,CapabilityBoundingSet_CAP_MAC,CapabilityBoundingSet,REMOVED,1,247,144,0.004048582995951417,C3X
U_P,debian,CapabilityBoundingSet_CAP_MKNOD,CapabilityBoundingSet,INHERITED_SAME,246,247,144,0.9959514170040485,C3X
U_P,debian,CapabilityBoundingSet_CAP_MKNOD,CapabilityBoundingSet,REMOVED,1,247,144,0.004048582995951417,C3X
U_P,debian,CapabilityBoundingSet_CAP_NET_ADMIN,CapabilityBoundingSet,INHERITED_SAME,246,247,144,0.9959514170040485,C3X
U_P,debian,CapabilityBoundingSet_CAP_NET_ADMIN,CapabilityBoundingSet,REMOVED,1,247,144,0.004048582995951417,C3X
U_P,debian,CapabilityBoundingSet_CAP_NET_BIND_SERVICE_BROADCAST_RAW),CapabilityBoundingSet,INHERITED_SAME,246,247,144,0.9959514170040485,C3X
U_P,debian,CapabilityBoundingSet_CAP_NET_BIND_SERVICE_BROADCAST_RAW),CapabilityBoundingSet,REMOVED,1,247,144,0.004048582995951417,C3X
U_P,debian,CapabilityBoundingSet_CAP_SET_UID_GID_PCAP,CapabilityBoundingSet,INHERITED_SAME,245,247,144,0.9919028340080972,C3X
U_P,debian,CapabilityBoundingSet_CAP_SET_UID_GID_PCAP,CapabilityBoundingSet,REMOVED,2,247,144,0.008097165991902834,C3X
U_P,debian,CapabilityBoundingSet_CAP_SYSLOG,CapabilityBoundingSet,INHERITED_SAME,246,247,144,0.9959514170040485,C3X
U_P,debian,CapabilityBoundingSet_CAP_SYSLOG,CapabilityBoundingSet,REMOVED,1,247,144,0.004048582995951417,C3X
U_P,debian,CapabilityBoundingSet_CAP_SYS_ADMIN,CapabilityBoundingSet,INHERITED_SAME,246,247,144,0.9959514170040485,C3X
U_P,debian,CapabilityBoundingSet_CAP_SYS_ADMIN,CapabilityBoundingSet,REMOVED,1,247,144,0.004048582995951417,C3X
U_P,debian,CapabilityBoundingSet_CAP_SYS_BOOT,CapabilityBoundingSet,INHERITED_SAME,246,247,144,0.9959514170040485,C3X
U_P,debian,CapabilityBoundingSet_CAP_SYS_BOOT,CapabilityBoundingSet,REMOVED,1,247,144,0.004048582995951417,C3X
U_P,debian,CapabilityBoundingSet_CAP_SYS_CHROOT,CapabilityBoundingSet,INHERITED_SAME,246,247,144,0.9959514170040485,C3X
U_P,debian,CapabilityBoundingSet_CAP_SYS_CHROOT,CapabilityBoundingSet,REMOVED,1,247,144,0.004048582995951417,C3X
U_P,debian,CapabilityBoundingSet_CAP_SYS_MODULE,CapabilityBoundingSet,INHERITED_SAME,246,247,144,0.9959514170040485,C3X
U_P,debian,CapabilityBoundingSet_CAP_SYS_MODULE,CapabilityBoundingSet,REMOVED,1,247,144,0.004048582995951417,C3X
U_P,debian,CapabilityBoundingSet_CAP_SYS_NICE_RESOURCE,CapabilityBoundingSet,INHERITED_SAME,246,247,144,0.9959514170040485,C3X
U_P,debian,CapabilityBoundingSet_CAP_SYS_NICE_RESOURCE,CapabilityBoundingSet,REMOVED,1,247,144,0.004048582995951417,C3X
U_P,debian,CapabilityBoundingSet_CAP_SYS_PACCT,CapabilityBoundingSet,INHERITED_SAME,246,247,144,0.9959514170040485,C3X
U_P,debian,CapabilityBoundingSet_CAP_SYS_PACCT,CapabilityBoundingSet,REMOVED,1,247,144,0.004048582995951417,C3X
U_P,debian,CapabilityBoundingSet_CAP_SYS_PTRACE,CapabilityBoundingSet,INHERITED_SAME,246,247,144,0.9959514170040485,C3X
U_P,debian,CapabilityBoundingSet_CAP_SYS_PTRACE,CapabilityBoundingSet,REMOVED,1,247,144,0.004048582995951417,C3X
U_P,debian,CapabilityBoundingSet_CAP_SYS_RAWIO,CapabilityBoundingSet,INHERITED_SAME,246,247,144,0.9959514170040485,C3X
U_P,debian,CapabilityBoundingSet_CAP_SYS_RAWIO,CapabilityBoundingSet,REMOVED,1,247,144,0.004048582995951417,C3X
U_P,debian,CapabilityBoundingSet_CAP_SYS_TIME,CapabilityBoundingSet,INHERITED_SAME,246,247,144,0.9959514170040485,C3X
U_P,debian,CapabilityBoundingSet_CAP_SYS_TIME,CapabilityBoundingSet,REMOVED,1,247,144,0.004048582995951417,C3X
U_P,debian,CapabilityBoundingSet_CAP_SYS_TTY_CONFIG,CapabilityBoundingSet,INHERITED_SAME,246,247,144,0.9959514170040485,C3X
U_P,debian,CapabilityBoundingSet_CAP_SYS_TTY_CONFIG,CapabilityBoundingSet,REMOVED,1,247,144,0.004048582995951417,C3X
U_P,debian,CapabilityBoundingSet_CAP_WAKE_ALARM,CapabilityBoundingSet,INHERITED_SAME,246,247,144,0.9959514170040485,C3X
U_P,debian,CapabilityBoundingSet_CAP_WAKE_ALARM,CapabilityBoundingSet,REMOVED,1,247,144,0.004048582995951417,C3X
U_P,debian,Delegate,Delegate,INHERITED_SAME,240,240,143,1.0,C3X
U_P,debian,DeviceAllow,DeviceAllow,INHERITED_SAME,239,239,143,1.0,C3X
U_P,debian,IPAddressDeny,IPAddressDeny,INHERITED_SAME,239,239,143,1.0,C3X
U_P,debian,KeyringMode,KeyringMode,INHERITED_SAME,240,240,144,1.0,C3X
U_P,debian,LockPersonality,LockPersonality,INHERITED_SAME,240,240,144,1.0,C3X
U_P,debian,MemoryDenyWriteExecute,MemoryDenyWriteExecute,INHERITED_SAME,239,240,144,0.9958333333333333,C3X
U_P,debian,MemoryDenyWriteExecute,MemoryDenyWriteExecute,REMOVED,1,240,144,0.004166666666666667,C3X
U_P,debian,NoNewPrivileges,NoNewPrivileges,INHERITED_SAME,239,240,144,0.9958333333333333,C3X
U_P,debian,NoNewPrivileges,NoNewPrivileges,REMOVED,1,240,144,0.004166666666666667,C3X
U_P,debian,NotifyAccess,NotifyAccess,INHERITED_SAME,240,240,144,1.0,C3X
U_P,debian,PrivateDevices,PrivateDevices,INHERITED_SAME,240,240,144,1.0,C3X
U_P,debian,PrivateMounts,PrivateMounts,INHERITED_SAME,239,239,143,1.0,C3X
U_P,debian,PrivateNetwork,PrivateNetwork,INHERITED_SAME,239,239,143,1.0,C3X
U_P,debian,PrivateTmp,PrivateTmp,ADDED,5,240,144,0.020833333333333332,C3X
U_P,debian,PrivateTmp,PrivateTmp,INHERITED_SAME,233,240,144,0.9708333333333333,C3X
U_P,debian,PrivateTmp,PrivateTmp,MODIFIED,1,240,144,0.004166666666666667,C3X
U_P,debian,PrivateTmp,PrivateTmp,REMOVED,1,240,144,0.004166666666666667,C3X
U_P,debian,PrivateUsers,PrivateUsers,INHERITED_SAME,239,239,143,1.0,C3X
U_P,debian,ProcSubset,ProcSubset,INHERITED_SAME,239,239,143,1.0,C3X
U_P,debian,ProtectClock,ProtectClock,INHERITED_SAME,240,240,144,1.0,C3X
U_P,debian,ProtectControlGroups,ProtectControlGroups,INHERITED_SAME,240,241,144,0.995850622406639,C3X
U_P,debian,ProtectControlGroups,ProtectControlGroups,REMOVED,1,241,144,0.004149377593360996,C3X
U_P,debian,ProtectHome,ProtectHome,ADDED,1,241,144,0.004149377593360996,C3X
U_P,debian,ProtectHome,ProtectHome,INHERITED_SAME,237,241,144,0.983402489626556,C3X
U_P,debian,ProtectHome,ProtectHome,MODIFIED,2,241,144,0.008298755186721992,C3X
U_P,debian,ProtectHome,ProtectHome,REMOVED,1,241,144,0.004149377593360996,C3X
U_P,debian,ProtectHostname,ProtectHostname,INHERITED_SAME,241,241,144,1.0,C3X
U_P,debian,ProtectKernelLogs,ProtectKernelLogs,INHERITED_SAME,241,241,144,1.0,C3X
U_P,debian,ProtectKernelModules,ProtectKernelModules,INHERITED_SAME,240,241,144,0.995850622406639,C3X
U_P,debian,ProtectKernelModules,ProtectKernelModules,REMOVED,1,241,144,0.004149377593360996,C3X
U_P,debian,ProtectKernelTunables,ProtectKernelTunables,INHERITED_SAME,239,241,144,0.991701244813278,C3X
U_P,debian,ProtectKernelTunables,ProtectKernelTunables,REMOVED,2,241,144,0.008298755186721992,C3X
U_P,debian,ProtectProc,ProtectProc,INHERITED_SAME,240,240,144,1.0,C3X
U_P,debian,ProtectSystem,ProtectSystem,INHERITED_SAME,237,241,144,0.983402489626556,C3X
U_P,debian,ProtectSystem,ProtectSystem,MODIFIED,2,241,144,0.008298755186721992,C3X
U_P,debian,ProtectSystem,ProtectSystem,REMOVED,2,241,144,0.008298755186721992,C3X
U_P,debian,RemoveIPC,RemoveIPC,INHERITED_SAME,214,222,136,0.963963963963964,C3X
U_P,debian,RemoveIPC,RemoveIPC,MODIFIED,7,222,136,0.03153153153153153,C3X
U_P,debian,RemoveIPC,RemoveIPC,REMOVED,1,222,136,0.0045045045045045045,C3X
U_P,debian,RestrictAddressFamilies_AF_INET_INET6,RestrictAddressFamilies,INHERITED_SAME,240,241,144,0.995850622406639,C3X
U_P,debian,RestrictAddressFamilies_AF_INET_INET6,RestrictAddressFamilies,REMOVED,1,241,144,0.004149377593360996,C3X
U_P,debian,RestrictAddressFamilies_AF_NETLINK,RestrictAddressFamilies,INHERITED_SAME,239,241,144,0.991701244813278,C3X
U_P,debian,RestrictAddressFamilies_AF_NETLINK,RestrictAddressFamilies,REMOVED,2,241,144,0.008298755186721992,C3X
U_P,debian,RestrictAddressFamilies_AF_PACKET,RestrictAddressFamilies,INHERITED_SAME,239,241,144,0.991701244813278,C3X
U_P,debian,RestrictAddressFamilies_AF_PACKET,RestrictAddressFamilies,REMOVED,2,241,144,0.008298755186721992,C3X
U_P,debian,RestrictAddressFamilies_AF_UNIX,RestrictAddressFamilies,INHERITED_SAME,241,241,144,1.0,C3X
U_P,debian,RestrictAddressFamilies_OTHER,RestrictAddressFamilies,INHERITED_SAME,239,241,144,0.991701244813278,C3X
U_P,debian,RestrictAddressFamilies_OTHER,RestrictAddressFamilies,REMOVED,2,241,144,0.008298755186721992,C3X
U_P,debian,RestrictNamespaces_cgroup,RestrictNamespaces,INHERITED_SAME,240,240,144,1.0,C3X
U_P,debian,RestrictNamespaces_ipc,RestrictNamespaces,INHERITED_SAME,240,240,144,1.0,C3X
U_P,debian,RestrictNamespaces_mnt,RestrictNamespaces,INHERITED_SAME,240,240,144,1.0,C3X
U_P,debian,RestrictNamespaces_net,RestrictNamespaces,INHERITED_SAME,240,240,144,1.0,C3X
U_P,debian,RestrictNamespaces_pid,RestrictNamespaces,INHERITED_SAME,240,240,144,1.0,C3X
U_P,debian,RestrictNamespaces_user,RestrictNamespaces,INHERITED_SAME,240,240,144,1.0,C3X
U_P,debian,RestrictNamespaces_uts,RestrictNamespaces,INHERITED_SAME,240,240,144,1.0,C3X
U_P,debian,RestrictRealtime,RestrictRealtime,INHERITED_SAME,240,241,144,0.995850622406639,C3X
U_P,debian,RestrictRealtime,RestrictRealtime,REMOVED,1,241,144,0.004149377593360996,C3X
U_P,debian,RestrictSUIDSGID,RestrictSUIDSGID,INHERITED_SAME,239,240,144,0.9958333333333333,C3X
U_P,debian,RestrictSUIDSGID,RestrictSUIDSGID,REMOVED,1,240,144,0.004166666666666667,C3X
U_P,debian,RootDirectoryOrRootImage,RootDirectoryOrRootImage,INHERITED_SAME,238,239,143,0.99581589958159,C3X
U_P,debian,RootDirectoryOrRootImage,RootDirectoryOrRootImage,MODIFIED,1,239,143,0.0041841004184100415,C3X
U_P,debian,SupplementaryGroups,SupplementaryGroups,ADDED,4,222,136,0.018018018018018018,C3X
U_P,debian,SupplementaryGroups,SupplementaryGroups,INHERITED_SAME,214,222,136,0.963963963963964,C3X
U_P,debian,SupplementaryGroups,SupplementaryGroups,MODIFIED,1,222,136,0.0045045045045045045,C3X
U_P,debian,SupplementaryGroups,SupplementaryGroups,REMOVED,3,222,136,0.013513513513513514,C3X
U_P,debian,SystemCallArchitectures,SystemCallArchitectures,INHERITED_SAME,240,240,144,1.0,C3X
U_P,debian,SystemCallFilter_clock,SystemCallFilter,INHERITED_SAME,240,240,144,1.0,C3X
U_P,debian,SystemCallFilter_cpu_emulation,SystemCallFilter,INHERITED_SAME,240,240,144,1.0,C3X
U_P,debian,SystemCallFilter_debug,SystemCallFilter,INHERITED_SAME,240,240,144,1.0,C3X
U_P,debian,SystemCallFilter_module,SystemCallFilter,INHERITED_SAME,240,240,144,1.0,C3X
U_P,debian,SystemCallFilter_mount,SystemCallFilter,INHERITED_SAME,240,240,144,1.0,C3X
U_P,debian,SystemCallFilter_obsolete,SystemCallFilter,INHERITED_SAME,240,240,144,1.0,C3X
U_P,debian,SystemCallFilter_privileged,SystemCallFilter,INHERITED_SAME,240,240,144,1.0,C3X
U_P,debian,SystemCallFilter_raw_io,SystemCallFilter,INHERITED_SAME,240,240,144,1.0,C3X
U_P,debian,SystemCallFilter_reboot,SystemCallFilter,INHERITED_SAME,240,240,144,1.0,C3X
U_P,debian,SystemCallFilter_resources,SystemCallFilter,INHERITED_SAME,240,240,144,1.0,C3X
U_P,debian,SystemCallFilter_swap,SystemCallFilter,INHERITED_SAME,240,240,144,1.0,C3X
U_P,debian,UMask,UMask,INHERITED_SAME,239,239,143,1.0,C3X
U_P,debian,UserOrDynamicUser,UserOrDynamicUser,ADDED,4,224,136,0.017857142857142856,C3X
U_P,debian,UserOrDynamicUser,UserOrDynamicUser,INHERITED_SAME,216,224,136,0.9642857142857143,C3X
U_P,debian,UserOrDynamicUser,UserOrDynamicUser,MODIFIED,1,224,136,0.004464285714285714,C3X
U_P,debian,UserOrDynamicUser,UserOrDynamicUser,REMOVED,3,224,136,0.013392857142857142,C3X
U_P,fedora,AmbientCapabilities,AmbientCapabilities,ADDED,1,347,201,0.002881844380403458,C3X
U_P,fedora,AmbientCapabilities,AmbientCapabilities,INHERITED_SAME,346,347,201,0.9971181556195965,C3X
U_P,fedora,CapabilityBoundingSet_CAP_AUDIT,CapabilityBoundingSet,ADDED,1,355,202,0.0028169014084507044,C3X
U_P,fedora,CapabilityBoundingSet_CAP_AUDIT,CapabilityBoundingSet,INHERITED_SAME,353,355,202,0.9943661971830986,C3X
U_P,fedora,CapabilityBoundingSet_CAP_AUDIT,CapabilityBoundingSet,REMOVED,1,355,202,0.0028169014084507044,C3X
U_P,fedora,CapabilityBoundingSet_CAP_BLOCK_SUSPEND,CapabilityBoundingSet,ADDED,1,355,202,0.0028169014084507044,C3X
U_P,fedora,CapabilityBoundingSet_CAP_BLOCK_SUSPEND,CapabilityBoundingSet,INHERITED_SAME,353,355,202,0.9943661971830986,C3X
U_P,fedora,CapabilityBoundingSet_CAP_BLOCK_SUSPEND,CapabilityBoundingSet,REMOVED,1,355,202,0.0028169014084507044,C3X
U_P,fedora,CapabilityBoundingSet_CAP_BPF,CapabilityBoundingSet,ADDED,1,355,202,0.0028169014084507044,C3X
U_P,fedora,CapabilityBoundingSet_CAP_BPF,CapabilityBoundingSet,INHERITED_SAME,353,355,202,0.9943661971830986,C3X
U_P,fedora,CapabilityBoundingSet_CAP_BPF,CapabilityBoundingSet,REMOVED,1,355,202,0.0028169014084507044,C3X
U_P,fedora,CapabilityBoundingSet_CAP_CHOWN_FSETID_SETFCAP,CapabilityBoundingSet,ADDED,1,355,202,0.0028169014084507044,C3X
U_P,fedora,CapabilityBoundingSet_CAP_CHOWN_FSETID_SETFCAP,CapabilityBoundingSet,INHERITED_SAME,353,355,202,0.9943661971830986,C3X
U_P,fedora,CapabilityBoundingSet_CAP_CHOWN_FSETID_SETFCAP,CapabilityBoundingSet,REMOVED,1,355,202,0.0028169014084507044,C3X
U_P,fedora,CapabilityBoundingSet_CAP_DAC_FOWNER_IPC_OWNER,CapabilityBoundingSet,ADDED,1,355,202,0.0028169014084507044,C3X
U_P,fedora,CapabilityBoundingSet_CAP_DAC_FOWNER_IPC_OWNER,CapabilityBoundingSet,INHERITED_SAME,353,355,202,0.9943661971830986,C3X
U_P,fedora,CapabilityBoundingSet_CAP_DAC_FOWNER_IPC_OWNER,CapabilityBoundingSet,REMOVED,1,355,202,0.0028169014084507044,C3X
U_P,fedora,CapabilityBoundingSet_CAP_IPC_LOCK,CapabilityBoundingSet,ADDED,1,355,202,0.0028169014084507044,C3X
U_P,fedora,CapabilityBoundingSet_CAP_IPC_LOCK,CapabilityBoundingSet,INHERITED_SAME,353,355,202,0.9943661971830986,C3X
U_P,fedora,CapabilityBoundingSet_CAP_IPC_LOCK,CapabilityBoundingSet,REMOVED,1,355,202,0.0028169014084507044,C3X
U_P,fedora,CapabilityBoundingSet_CAP_KILL,CapabilityBoundingSet,ADDED,1,355,202,0.0028169014084507044,C3X
U_P,fedora,CapabilityBoundingSet_CAP_KILL,CapabilityBoundingSet,INHERITED_SAME,352,355,202,0.9915492957746479,C3X
U_P,fedora,CapabilityBoundingSet_CAP_KILL,CapabilityBoundingSet,REMOVED,2,355,202,0.005633802816901409,C3X
U_P,fedora,CapabilityBoundingSet_CAP_LEASE,CapabilityBoundingSet,ADDED,1,355,202,0.0028169014084507044,C3X
U_P,fedora,CapabilityBoundingSet_CAP_LEASE,CapabilityBoundingSet,INHERITED_SAME,353,355,202,0.9943661971830986,C3X
U_P,fedora,CapabilityBoundingSet_CAP_LEASE,CapabilityBoundingSet,REMOVED,1,355,202,0.0028169014084507044,C3X
U_P,fedora,CapabilityBoundingSet_CAP_LINUX_IMMUTABLE,CapabilityBoundingSet,ADDED,1,355,202,0.0028169014084507044,C3X
U_P,fedora,CapabilityBoundingSet_CAP_LINUX_IMMUTABLE,CapabilityBoundingSet,INHERITED_SAME,353,355,202,0.9943661971830986,C3X
U_P,fedora,CapabilityBoundingSet_CAP_LINUX_IMMUTABLE,CapabilityBoundingSet,REMOVED,1,355,202,0.0028169014084507044,C3X
U_P,fedora,CapabilityBoundingSet_CAP_MAC,CapabilityBoundingSet,ADDED,1,355,202,0.0028169014084507044,C3X
U_P,fedora,CapabilityBoundingSet_CAP_MAC,CapabilityBoundingSet,INHERITED_SAME,353,355,202,0.9943661971830986,C3X
U_P,fedora,CapabilityBoundingSet_CAP_MAC,CapabilityBoundingSet,REMOVED,1,355,202,0.0028169014084507044,C3X
U_P,fedora,CapabilityBoundingSet_CAP_MKNOD,CapabilityBoundingSet,ADDED,2,355,202,0.005633802816901409,C3X
U_P,fedora,CapabilityBoundingSet_CAP_MKNOD,CapabilityBoundingSet,INHERITED_SAME,350,355,202,0.9859154929577465,C3X
U_P,fedora,CapabilityBoundingSet_CAP_MKNOD,CapabilityBoundingSet,REMOVED,3,355,202,0.008450704225352112,C3X
U_P,fedora,CapabilityBoundingSet_CAP_NET_ADMIN,CapabilityBoundingSet,INHERITED_SAME,354,355,202,0.9971830985915493,C3X
U_P,fedora,CapabilityBoundingSet_CAP_NET_ADMIN,CapabilityBoundingSet,REMOVED,1,355,202,0.0028169014084507044,C3X
U_P,fedora,CapabilityBoundingSet_CAP_NET_BIND_SERVICE_BROADCAST_RAW),CapabilityBoundingSet,ADDED,1,355,202,0.0028169014084507044,C3X
U_P,fedora,CapabilityBoundingSet_CAP_NET_BIND_SERVICE_BROADCAST_RAW),CapabilityBoundingSet,INHERITED_SAME,353,355,202,0.9943661971830986,C3X
U_P,fedora,CapabilityBoundingSet_CAP_NET_BIND_SERVICE_BROADCAST_RAW),CapabilityBoundingSet,REMOVED,1,355,202,0.0028169014084507044,C3X
U_P,fedora,CapabilityBoundingSet_CAP_SET_UID_GID_PCAP,CapabilityBoundingSet,ADDED,1,355,202,0.0028169014084507044,C3X
U_P,fedora,CapabilityBoundingSet_CAP_SET_UID_GID_PCAP,CapabilityBoundingSet,INHERITED_SAME,353,355,202,0.9943661971830986,C3X
U_P,fedora,CapabilityBoundingSet_CAP_SET_UID_GID_PCAP,CapabilityBoundingSet,REMOVED,1,355,202,0.0028169014084507044,C3X
U_P,fedora,CapabilityBoundingSet_CAP_SYSLOG,CapabilityBoundingSet,ADDED,1,355,202,0.0028169014084507044,C3X
U_P,fedora,CapabilityBoundingSet_CAP_SYSLOG,CapabilityBoundingSet,INHERITED_SAME,353,355,202,0.9943661971830986,C3X
U_P,fedora,CapabilityBoundingSet_CAP_SYSLOG,CapabilityBoundingSet,REMOVED,1,355,202,0.0028169014084507044,C3X
U_P,fedora,CapabilityBoundingSet_CAP_SYS_ADMIN,CapabilityBoundingSet,ADDED,1,355,202,0.0028169014084507044,C3X
U_P,fedora,CapabilityBoundingSet_CAP_SYS_ADMIN,CapabilityBoundingSet,INHERITED_SAME,353,355,202,0.9943661971830986,C3X
U_P,fedora,CapabilityBoundingSet_CAP_SYS_ADMIN,CapabilityBoundingSet,REMOVED,1,355,202,0.0028169014084507044,C3X
U_P,fedora,CapabilityBoundingSet_CAP_SYS_BOOT,CapabilityBoundingSet,ADDED,1,355,202,0.0028169014084507044,C3X
U_P,fedora,CapabilityBoundingSet_CAP_SYS_BOOT,CapabilityBoundingSet,INHERITED_SAME,353,355,202,0.9943661971830986,C3X
U_P,fedora,CapabilityBoundingSet_CAP_SYS_BOOT,CapabilityBoundingSet,REMOVED,1,355,202,0.0028169014084507044,C3X
U_P,fedora,CapabilityBoundingSet_CAP_SYS_CHROOT,CapabilityBoundingSet,ADDED,1,355,202,0.0028169014084507044,C3X
U_P,fedora,CapabilityBoundingSet_CAP_SYS_CHROOT,CapabilityBoundingSet,INHERITED_SAME,353,355,202,0.9943661971830986,C3X
U_P,fedora,CapabilityBoundingSet_CAP_SYS_CHROOT,CapabilityBoundingSet,REMOVED,1,355,202,0.0028169014084507044,C3X
U_P,fedora,CapabilityBoundingSet_CAP_SYS_MODULE,CapabilityBoundingSet,ADDED,2,355,202,0.005633802816901409,C3X
U_P,fedora,CapabilityBoundingSet_CAP_SYS_MODULE,CapabilityBoundingSet,INHERITED_SAME,350,355,202,0.9859154929577465,C3X
U_P,fedora,CapabilityBoundingSet_CAP_SYS_MODULE,CapabilityBoundingSet,REMOVED,3,355,202,0.008450704225352112,C3X
U_P,fedora,CapabilityBoundingSet_CAP_SYS_NICE_RESOURCE,CapabilityBoundingSet,ADDED,1,355,202,0.0028169014084507044,C3X
U_P,fedora,CapabilityBoundingSet_CAP_SYS_NICE_RESOURCE,CapabilityBoundingSet,INHERITED_SAME,353,355,202,0.9943661971830986,C3X
U_P,fedora,CapabilityBoundingSet_CAP_SYS_NICE_RESOURCE,CapabilityBoundingSet,REMOVED,1,355,202,0.0028169014084507044,C3X
U_P,fedora,CapabilityBoundingSet_CAP_SYS_PACCT,CapabilityBoundingSet,ADDED,1,355,202,0.0028169014084507044,C3X
U_P,fedora,CapabilityBoundingSet_CAP_SYS_PACCT,CapabilityBoundingSet,INHERITED_SAME,353,355,202,0.9943661971830986,C3X
U_P,fedora,CapabilityBoundingSet_CAP_SYS_PACCT,CapabilityBoundingSet,REMOVED,1,355,202,0.0028169014084507044,C3X
U_P,fedora,CapabilityBoundingSet_CAP_SYS_PTRACE,CapabilityBoundingSet,ADDED,1,355,202,0.0028169014084507044,C3X
U_P,fedora,CapabilityBoundingSet_CAP_SYS_PTRACE,CapabilityBoundingSet,INHERITED_SAME,353,355,202,0.9943661971830986,C3X
U_P,fedora,CapabilityBoundingSet_CAP_SYS_PTRACE,CapabilityBoundingSet,REMOVED,1,355,202,0.0028169014084507044,C3X
U_P,fedora,CapabilityBoundingSet_CAP_SYS_RAWIO,CapabilityBoundingSet,ADDED,2,355,202,0.005633802816901409,C3X
U_P,fedora,CapabilityBoundingSet_CAP_SYS_RAWIO,CapabilityBoundingSet,INHERITED_SAME,350,355,202,0.9859154929577465,C3X
U_P,fedora,CapabilityBoundingSet_CAP_SYS_RAWIO,CapabilityBoundingSet,REMOVED,3,355,202,0.008450704225352112,C3X
U_P,fedora,CapabilityBoundingSet_CAP_SYS_TIME,CapabilityBoundingSet,ADDED,1,355,202,0.0028169014084507044,C3X
U_P,fedora,CapabilityBoundingSet_CAP_SYS_TIME,CapabilityBoundingSet,INHERITED_SAME,353,355,202,0.9943661971830986,C3X
U_P,fedora,CapabilityBoundingSet_CAP_SYS_TIME,CapabilityBoundingSet,REMOVED,1,355,202,0.0028169014084507044,C3X
U_P,fedora,CapabilityBoundingSet_CAP_SYS_TTY_CONFIG,CapabilityBoundingSet,ADDED,1,355,202,0.0028169014084507044,C3X
U_P,fedora,CapabilityBoundingSet_CAP_SYS_TTY_CONFIG,CapabilityBoundingSet,INHERITED_SAME,353,355,202,0.9943661971830986,C3X
U_P,fedora,CapabilityBoundingSet_CAP_SYS_TTY_CONFIG,CapabilityBoundingSet,REMOVED,1,355,202,0.0028169014084507044,C3X
U_P,fedora,CapabilityBoundingSet_CAP_WAKE_ALARM,CapabilityBoundingSet,ADDED,1,355,202,0.0028169014084507044,C3X
U_P,fedora,CapabilityBoundingSet_CAP_WAKE_ALARM,CapabilityBoundingSet,INHERITED_SAME,353,355,202,0.9943661971830986,C3X
U_P,fedora,CapabilityBoundingSet_CAP_WAKE_ALARM,CapabilityBoundingSet,REMOVED,1,355,202,0.0028169014084507044,C3X
U_P,fedora,Delegate,Delegate,INHERITED_SAME,348,348,201,1.0,C3X
U_P,fedora,DeviceAllow,DeviceAllow,ADDED,1,347,201,0.002881844380403458,C3X
U_P,fedora,DeviceAllow,DeviceAllow,INHERITED_SAME,344,347,201,0.9913544668587896,C3X
U_P,fedora,DeviceAllow,DeviceAllow,REMOVED,2,347,201,0.005763688760806916,C3X
U_P,fedora,IPAddressDeny,IPAddressDeny,INHERITED_SAME,347,347,201,1.0,C3X
U_P,fedora,KeyringMode,KeyringMode,INHERITED_SAME,348,348,202,1.0,C3X
U_P,fedora,LockPersonality,LockPersonality,ADDED,1,348,202,0.0028735632183908046,C3X
U_P,fedora,LockPersonality,LockPersonality,INHERITED_SAME,346,348,202,0.9942528735632183,C3X
U_P,fedora,LockPersonality,LockPersonality,REMOVED,1,348,202,0.0028735632183908046,C3X
U_P,fedora,MemoryDenyWriteExecute,MemoryDenyWriteExecute,ADDED,1,348,202,0.0028735632183908046,C3X
U_P,fedora,MemoryDenyWriteExecute,MemoryDenyWriteExecute,INHERITED_SAME,346,348,202,0.9942528735632183,C3X
U_P,fedora,MemoryDenyWriteExecute,MemoryDenyWriteExecute,REMOVED,1,348,202,0.0028735632183908046,C3X
U_P,fedora,NoNewPrivileges,NoNewPrivileges,ADDED,1,348,202,0.0028735632183908046,C3X
U_P,fedora,NoNewPrivileges,NoNewPrivileges,INHERITED_SAME,346,348,202,0.9942528735632183,C3X
U_P,fedora,NoNewPrivileges,NoNewPrivileges,REMOVED,1,348,202,0.0028735632183908046,C3X
U_P,fedora,NotifyAccess,NotifyAccess,INHERITED_SAME,347,348,202,0.9971264367816092,C3X
U_P,fedora,NotifyAccess,NotifyAccess,REMOVED,1,348,202,0.0028735632183908046,C3X
U_P,fedora,PrivateDevices,PrivateDevices,ADDED,1,348,202,0.0028735632183908046,C3X
U_P,fedora,PrivateDevices,PrivateDevices,INHERITED_SAME,345,348,202,0.9913793103448276,C3X
U_P,fedora,PrivateDevices,PrivateDevices,REMOVED,2,348,202,0.005747126436781609,C3X
U_P,fedora,PrivateMounts,PrivateMounts,INHERITED_SAME,347,347,201,1.0,C3X
U_P,fedora,PrivateNetwork,PrivateNetwork,INHERITED_SAME,347,347,201,1.0,C3X
U_P,fedora,PrivateTmp,PrivateTmp,ADDED,2,348,202,0.005747126436781609,C3X
U_P,fedora,PrivateTmp,PrivateTmp,INHERITED_SAME,343,348,202,0.985632183908046,C3X
U_P,fedora,PrivateTmp,PrivateTmp,MODIFIED,2,348,202,0.005747126436781609,C3X
U_P,fedora,PrivateTmp,PrivateTmp,REMOVED,1,348,202,0.0028735632183908046,C3X
U_P,fedora,PrivateUsers,PrivateUsers,INHERITED_SAME,347,347,201,1.0,C3X
U_P,fedora,ProcSubset,ProcSubset,INHERITED_SAME,347,347,201,1.0,C3X
U_P,fedora,ProtectClock,ProtectClock,ADDED,1,348,202,0.0028735632183908046,C3X
U_P,fedora,ProtectClock,ProtectClock,INHERITED_SAME,347,348,202,0.9971264367816092,C3X
U_P,fedora,ProtectControlGroups,ProtectControlGroups,ADDED,2,349,202,0.0057306590257879654,C3X
U_P,fedora,ProtectControlGroups,ProtectControlGroups,INHERITED_SAME,345,349,202,0.9885386819484241,C3X
U_P,fedora,ProtectControlGroups,ProtectControlGroups,REMOVED,2,349,202,0.0057306590257879654,C3X
U_P,fedora,ProtectHome,ProtectHome,ADDED,3,349,202,0.008595988538681949,C3X
U_P,fedora,ProtectHome,ProtectHome,INHERITED_SAME,344,349,202,0.9856733524355301,C3X
U_P,fedora,ProtectHome,ProtectHome,MODIFIED,1,349,202,0.0028653295128939827,C3X
U_P,fedora,ProtectHome,ProtectHome,REMOVED,1,349,202,0.0028653295128939827,C3X
U_P,fedora,ProtectHostname,ProtectHostname,ADDED,1,349,202,0.0028653295128939827,C3X
U_P,fedora,ProtectHostname,ProtectHostname,INHERITED_SAME,348,349,202,0.997134670487106,C3X
U_P,fedora,ProtectKernelLogs,ProtectKernelLogs,INHERITED_SAME,349,349,202,1.0,C3X
U_P,fedora,ProtectKernelModules,ProtectKernelModules,ADDED,2,349,202,0.0057306590257879654,C3X
U_P,fedora,ProtectKernelModules,ProtectKernelModules,INHERITED_SAME,345,349,202,0.9885386819484241,C3X
U_P,fedora,ProtectKernelModules,ProtectKernelModules,REMOVED,2,349,202,0.0057306590257879654,C3X
U_P,fedora,ProtectKernelTunables,ProtectKernelTunables,ADDED,1,349,202,0.0028653295128939827,C3X
U_P,fedora,ProtectKernelTunables,ProtectKernelTunables,INHERITED_SAME,346,349,202,0.9914040114613181,C3X
U_P,fedora,ProtectKernelTunables,ProtectKernelTunables,REMOVED,2,349,202,0.0057306590257879654,C3X
U_P,fedora,ProtectProc,ProtectProc,INHERITED_SAME,348,348,202,1.0,C3X
U_P,fedora,ProtectSystem,ProtectSystem,ADDED,1,349,202,0.0028653295128939827,C3X
U_P,fedora,ProtectSystem,ProtectSystem,INHERITED_SAME,342,349,202,0.9799426934097422,C3X
U_P,fedora,ProtectSystem,ProtectSystem,MODIFIED,5,349,202,0.014326647564469915,C3X
U_P,fedora,ProtectSystem,ProtectSystem,REMOVED,1,349,202,0.0028653295128939827,C3X
U_P,fedora,RemoveIPC,RemoveIPC,INHERITED_SAME,314,322,193,0.9751552795031055,C3X
U_P,fedora,RemoveIPC,RemoveIPC,MODIFIED,8,322,193,0.024844720496894408,C3X
U_P,fedora,RestrictAddressFamilies_AF_INET_INET6,RestrictAddressFamilies,INHERITED_SAME,349,349,202,1.0,C3X
U_P,fedora,RestrictAddressFamilies_AF_NETLINK,RestrictAddressFamilies,INHERITED_SAME,348,349,202,0.997134670487106,C3X
U_P,fedora,RestrictAddressFamilies_AF_NETLINK,RestrictAddressFamilies,REMOVED,1,349,202,0.0028653295128939827,C3X
U_P,fedora,RestrictAddressFamilies_AF_PACKET,RestrictAddressFamilies,ADDED,1,349,202,0.0028653295128939827,C3X
U_P,fedora,RestrictAddressFamilies_AF_PACKET,RestrictAddressFamilies,INHERITED_SAME,346,349,202,0.9914040114613181,C3X
U_P,fedora,RestrictAddressFamilies_AF_PACKET,RestrictAddressFamilies,REMOVED,2,349,202,0.0057306590257879654,C3X
U_P,fedora,RestrictAddressFamilies_AF_UNIX,RestrictAddressFamilies,ADDED,1,349,202,0.0028653295128939827,C3X
U_P,fedora,RestrictAddressFamilies_AF_UNIX,RestrictAddressFamilies,INHERITED_SAME,348,349,202,0.997134670487106,C3X
U_P,fedora,RestrictAddressFamilies_OTHER,RestrictAddressFamilies,ADDED,1,349,202,0.0028653295128939827,C3X
U_P,fedora,RestrictAddressFamilies_OTHER,RestrictAddressFamilies,INHERITED_SAME,346,349,202,0.9914040114613181,C3X
U_P,fedora,RestrictAddressFamilies_OTHER,RestrictAddressFamilies,REMOVED,2,349,202,0.0057306590257879654,C3X
U_P,fedora,RestrictNamespaces_cgroup,RestrictNamespaces,ADDED,1,348,202,0.0028735632183908046,C3X
U_P,fedora,RestrictNamespaces_cgroup,RestrictNamespaces,INHERITED_SAME,345,348,202,0.9913793103448276,C3X
U_P,fedora,RestrictNamespaces_cgroup,RestrictNamespaces,REMOVED,2,348,202,0.005747126436781609,C3X
U_P,fedora,RestrictNamespaces_ipc,RestrictNamespaces,ADDED,1,348,202,0.0028735632183908046,C3X
U_P,fedora,RestrictNamespaces_ipc,RestrictNamespaces,INHERITED_SAME,345,348,202,0.9913793103448276,C3X
U_P,fedora,RestrictNamespaces_ipc,RestrictNamespaces,REMOVED,2,348,202,0.005747126436781609,C3X
U_P,fedora,RestrictNamespaces_mnt,RestrictNamespaces,ADDED,1,348,202,0.0028735632183908046,C3X
U_P,fedora,RestrictNamespaces_mnt,RestrictNamespaces,INHERITED_SAME,345,348,202,0.9913793103448276,C3X
U_P,fedora,RestrictNamespaces_mnt,RestrictNamespaces,REMOVED,2,348,202,0.005747126436781609,C3X
U_P,fedora,RestrictNamespaces_net,RestrictNamespaces,ADDED,1,348,202,0.0028735632183908046,C3X
U_P,fedora,RestrictNamespaces_net,RestrictNamespaces,INHERITED_SAME,345,348,202,0.9913793103448276,C3X
U_P,fedora,RestrictNamespaces_net,RestrictNamespaces,REMOVED,2,348,202,0.005747126436781609,C3X
U_P,fedora,RestrictNamespaces_pid,RestrictNamespaces,ADDED,1,348,202,0.0028735632183908046,C3X
U_P,fedora,RestrictNamespaces_pid,RestrictNamespaces,INHERITED_SAME,345,348,202,0.9913793103448276,C3X
U_P,fedora,RestrictNamespaces_pid,RestrictNamespaces,REMOVED,2,348,202,0.005747126436781609,C3X
U_P,fedora,RestrictNamespaces_user,RestrictNamespaces,ADDED,1,348,202,0.0028735632183908046,C3X
U_P,fedora,RestrictNamespaces_user,RestrictNamespaces,INHERITED_SAME,345,348,202,0.9913793103448276,C3X
U_P,fedora,RestrictNamespaces_user,RestrictNamespaces,REMOVED,2,348,202,0.005747126436781609,C3X
U_P,fedora,RestrictNamespaces_uts,RestrictNamespaces,ADDED,1,348,202,0.0028735632183908046,C3X
U_P,fedora,RestrictNamespaces_uts,RestrictNamespaces,INHERITED_SAME,345,348,202,0.9913793103448276,C3X
U_P,fedora,RestrictNamespaces_uts,RestrictNamespaces,REMOVED,2,348,202,0.005747126436781609,C3X
U_P,fedora,RestrictRealtime,RestrictRealtime,INHERITED_SAME,347,349,202,0.994269340974212,C3X
U_P,fedora,RestrictRealtime,RestrictRealtime,REMOVED,2,349,202,0.0057306590257879654,C3X
U_P,fedora,RestrictSUIDSGID,RestrictSUIDSGID,INHERITED_SAME,348,348,202,1.0,C3X
U_P,fedora,RootDirectoryOrRootImage,RootDirectoryOrRootImage,INHERITED_SAME,345,347,201,0.9942363112391931,C3X
U_P,fedora,RootDirectoryOrRootImage,RootDirectoryOrRootImage,MODIFIED,2,347,201,0.005763688760806916,C3X
U_P,fedora,SupplementaryGroups,SupplementaryGroups,ADDED,8,322,193,0.024844720496894408,C3X
U_P,fedora,SupplementaryGroups,SupplementaryGroups,INHERITED_SAME,314,322,193,0.9751552795031055,C3X
U_P,fedora,SystemCallArchitectures,SystemCallArchitectures,INHERITED_SAME,347,348,202,0.9971264367816092,C3X
U_P,fedora,SystemCallArchitectures,SystemCallArchitectures,REMOVED,1,348,202,0.0028735632183908046,C3X
U_P,fedora,SystemCallFilter_clock,SystemCallFilter,ADDED,1,348,202,0.0028735632183908046,C3X
U_P,fedora,SystemCallFilter_clock,SystemCallFilter,INHERITED_SAME,347,348,202,0.9971264367816092,C3X
U_P,fedora,SystemCallFilter_cpu_emulation,SystemCallFilter,ADDED,1,348,202,0.0028735632183908046,C3X
U_P,fedora,SystemCallFilter_cpu_emulation,SystemCallFilter,INHERITED_SAME,347,348,202,0.9971264367816092,C3X
U_P,fedora,SystemCallFilter_debug,SystemCallFilter,ADDED,1,348,202,0.0028735632183908046,C3X
U_P,fedora,SystemCallFilter_debug,SystemCallFilter,INHERITED_SAME,347,348,202,0.9971264367816092,C3X
U_P,fedora,SystemCallFilter_module,SystemCallFilter,ADDED,1,348,202,0.0028735632183908046,C3X
U_P,fedora,SystemCallFilter_module,SystemCallFilter,INHERITED_SAME,347,348,202,0.9971264367816092,C3X
U_P,fedora,SystemCallFilter_mount,SystemCallFilter,ADDED,1,348,202,0.0028735632183908046,C3X
U_P,fedora,SystemCallFilter_mount,SystemCallFilter,INHERITED_SAME,347,348,202,0.9971264367816092,C3X
U_P,fedora,SystemCallFilter_obsolete,SystemCallFilter,ADDED,1,348,202,0.0028735632183908046,C3X
U_P,fedora,SystemCallFilter_obsolete,SystemCallFilter,INHERITED_SAME,347,348,202,0.9971264367816092,C3X
U_P,fedora,SystemCallFilter_privileged,SystemCallFilter,INHERITED_SAME,347,348,202,0.9971264367816092,C3X
U_P,fedora,SystemCallFilter_privileged,SystemCallFilter,MODIFIED,1,348,202,0.0028735632183908046,C3X
U_P,fedora,SystemCallFilter_raw_io,SystemCallFilter,ADDED,1,348,202,0.0028735632183908046,C3X
U_P,fedora,SystemCallFilter_raw_io,SystemCallFilter,INHERITED_SAME,347,348,202,0.9971264367816092,C3X
U_P,fedora,SystemCallFilter_reboot,SystemCallFilter,ADDED,1,348,202,0.0028735632183908046,C3X
U_P,fedora,SystemCallFilter_reboot,SystemCallFilter,INHERITED_SAME,347,348,202,0.9971264367816092,C3X
U_P,fedora,SystemCallFilter_resources,SystemCallFilter,INHERITED_SAME,347,348,202,0.9971264367816092,C3X
U_P,fedora,SystemCallFilter_resources,SystemCallFilter,MODIFIED,1,348,202,0.0028735632183908046,C3X
U_P,fedora,SystemCallFilter_swap,SystemCallFilter,ADDED,1,348,202,0.0028735632183908046,C3X
U_P,fedora,SystemCallFilter_swap,SystemCallFilter,INHERITED_SAME,347,348,202,0.9971264367816092,C3X
U_P,fedora,UMask,UMask,ADDED,1,347,201,0.002881844380403458,C3X
U_P,fedora,UMask,UMask,INHERITED_SAME,345,347,201,0.9942363112391931,C3X
U_P,fedora,UMask,UMask,MODIFIED,1,347,201,0.002881844380403458,C3X
U_P,fedora,UserOrDynamicUser,UserOrDynamicUser,ADDED,8,324,193,0.024691358024691357,C3X
U_P,fedora,UserOrDynamicUser,UserOrDynamicUser,INHERITED_SAME,316,324,193,0.9753086419753086,C3X
U_P,ubuntu,AmbientCapabilities,AmbientCapabilities,ADDED,1,314,185,0.0031847133757961785,C3X
U_P,ubuntu,AmbientCapabilities,AmbientCapabilities,INHERITED_SAME,313,314,185,0.9968152866242038,C3X
U_P,ubuntu,CapabilityBoundingSet_CAP_AUDIT,CapabilityBoundingSet,INHERITED_SAME,321,322,186,0.9968944099378882,C3X
U_P,ubuntu,CapabilityBoundingSet_CAP_AUDIT,CapabilityBoundingSet,REMOVED,1,322,186,0.003105590062111801,C3X
U_P,ubuntu,CapabilityBoundingSet_CAP_BLOCK_SUSPEND,CapabilityBoundingSet,INHERITED_SAME,321,322,186,0.9968944099378882,C3X
U_P,ubuntu,CapabilityBoundingSet_CAP_BLOCK_SUSPEND,CapabilityBoundingSet,REMOVED,1,322,186,0.003105590062111801,C3X
U_P,ubuntu,CapabilityBoundingSet_CAP_BPF,CapabilityBoundingSet,INHERITED_SAME,321,322,186,0.9968944099378882,C3X
U_P,ubuntu,CapabilityBoundingSet_CAP_BPF,CapabilityBoundingSet,REMOVED,1,322,186,0.003105590062111801,C3X
U_P,ubuntu,CapabilityBoundingSet_CAP_CHOWN_FSETID_SETFCAP,CapabilityBoundingSet,INHERITED_SAME,321,322,186,0.9968944099378882,C3X
U_P,ubuntu,CapabilityBoundingSet_CAP_CHOWN_FSETID_SETFCAP,CapabilityBoundingSet,REMOVED,1,322,186,0.003105590062111801,C3X
U_P,ubuntu,CapabilityBoundingSet_CAP_DAC_FOWNER_IPC_OWNER,CapabilityBoundingSet,INHERITED_SAME,321,322,186,0.9968944099378882,C3X
U_P,ubuntu,CapabilityBoundingSet_CAP_DAC_FOWNER_IPC_OWNER,CapabilityBoundingSet,REMOVED,1,322,186,0.003105590062111801,C3X
U_P,ubuntu,CapabilityBoundingSet_CAP_IPC_LOCK,CapabilityBoundingSet,INHERITED_SAME,321,322,186,0.9968944099378882,C3X
U_P,ubuntu,CapabilityBoundingSet_CAP_IPC_LOCK,CapabilityBoundingSet,REMOVED,1,322,186,0.003105590062111801,C3X
U_P,ubuntu,CapabilityBoundingSet_CAP_KILL,CapabilityBoundingSet,INHERITED_SAME,321,322,186,0.9968944099378882,C3X
U_P,ubuntu,CapabilityBoundingSet_CAP_KILL,CapabilityBoundingSet,REMOVED,1,322,186,0.003105590062111801,C3X
U_P,ubuntu,CapabilityBoundingSet_CAP_LEASE,CapabilityBoundingSet,INHERITED_SAME,321,322,186,0.9968944099378882,C3X
U_P,ubuntu,CapabilityBoundingSet_CAP_LEASE,CapabilityBoundingSet,REMOVED,1,322,186,0.003105590062111801,C3X
U_P,ubuntu,CapabilityBoundingSet_CAP_LINUX_IMMUTABLE,CapabilityBoundingSet,INHERITED_SAME,321,322,186,0.9968944099378882,C3X
U_P,ubuntu,CapabilityBoundingSet_CAP_LINUX_IMMUTABLE,CapabilityBoundingSet,REMOVED,1,322,186,0.003105590062111801,C3X
U_P,ubuntu,CapabilityBoundingSet_CAP_MAC,CapabilityBoundingSet,INHERITED_SAME,321,322,186,0.9968944099378882,C3X
U_P,ubuntu,CapabilityBoundingSet_CAP_MAC,CapabilityBoundingSet,REMOVED,1,322,186,0.003105590062111801,C3X
U_P,ubuntu,CapabilityBoundingSet_CAP_MKNOD,CapabilityBoundingSet,INHERITED_SAME,321,322,186,0.9968944099378882,C3X
U_P,ubuntu,CapabilityBoundingSet_CAP_MKNOD,CapabilityBoundingSet,REMOVED,1,322,186,0.003105590062111801,C3X
U_P,ubuntu,CapabilityBoundingSet_CAP_NET_ADMIN,CapabilityBoundingSet,INHERITED_SAME,321,322,186,0.9968944099378882,C3X
U_P,ubuntu,CapabilityBoundingSet_CAP_NET_ADMIN,CapabilityBoundingSet,REMOVED,1,322,186,0.003105590062111801,C3X
U_P,ubuntu,CapabilityBoundingSet_CAP_NET_BIND_SERVICE_BROADCAST_RAW),CapabilityBoundingSet,INHERITED_SAME,321,322,186,0.9968944099378882,C3X
U_P,ubuntu,CapabilityBoundingSet_CAP_NET_BIND_SERVICE_BROADCAST_RAW),CapabilityBoundingSet,REMOVED,1,322,186,0.003105590062111801,C3X
U_P,ubuntu,CapabilityBoundingSet_CAP_SET_UID_GID_PCAP,CapabilityBoundingSet,INHERITED_SAME,320,322,186,0.9937888198757764,C3X
U_P,ubuntu,CapabilityBoundingSet_CAP_SET_UID_GID_PCAP,CapabilityBoundingSet,REMOVED,2,322,186,0.006211180124223602,C3X
U_P,ubuntu,CapabilityBoundingSet_CAP_SYSLOG,CapabilityBoundingSet,INHERITED_SAME,321,322,186,0.9968944099378882,C3X
U_P,ubuntu,CapabilityBoundingSet_CAP_SYSLOG,CapabilityBoundingSet,REMOVED,1,322,186,0.003105590062111801,C3X
U_P,ubuntu,CapabilityBoundingSet_CAP_SYS_ADMIN,CapabilityBoundingSet,INHERITED_SAME,321,322,186,0.9968944099378882,C3X
U_P,ubuntu,CapabilityBoundingSet_CAP_SYS_ADMIN,CapabilityBoundingSet,REMOVED,1,322,186,0.003105590062111801,C3X
U_P,ubuntu,CapabilityBoundingSet_CAP_SYS_BOOT,CapabilityBoundingSet,INHERITED_SAME,321,322,186,0.9968944099378882,C3X
U_P,ubuntu,CapabilityBoundingSet_CAP_SYS_BOOT,CapabilityBoundingSet,REMOVED,1,322,186,0.003105590062111801,C3X
U_P,ubuntu,CapabilityBoundingSet_CAP_SYS_CHROOT,CapabilityBoundingSet,INHERITED_SAME,321,322,186,0.9968944099378882,C3X
U_P,ubuntu,CapabilityBoundingSet_CAP_SYS_CHROOT,CapabilityBoundingSet,REMOVED,1,322,186,0.003105590062111801,C3X
U_P,ubuntu,CapabilityBoundingSet_CAP_SYS_MODULE,CapabilityBoundingSet,INHERITED_SAME,321,322,186,0.9968944099378882,C3X
U_P,ubuntu,CapabilityBoundingSet_CAP_SYS_MODULE,CapabilityBoundingSet,REMOVED,1,322,186,0.003105590062111801,C3X
U_P,ubuntu,CapabilityBoundingSet_CAP_SYS_NICE_RESOURCE,CapabilityBoundingSet,INHERITED_SAME,321,322,186,0.9968944099378882,C3X
U_P,ubuntu,CapabilityBoundingSet_CAP_SYS_NICE_RESOURCE,CapabilityBoundingSet,REMOVED,1,322,186,0.003105590062111801,C3X
U_P,ubuntu,CapabilityBoundingSet_CAP_SYS_PACCT,CapabilityBoundingSet,INHERITED_SAME,321,322,186,0.9968944099378882,C3X
U_P,ubuntu,CapabilityBoundingSet_CAP_SYS_PACCT,CapabilityBoundingSet,REMOVED,1,322,186,0.003105590062111801,C3X
U_P,ubuntu,CapabilityBoundingSet_CAP_SYS_PTRACE,CapabilityBoundingSet,INHERITED_SAME,320,322,186,0.9937888198757764,C3X
U_P,ubuntu,CapabilityBoundingSet_CAP_SYS_PTRACE,CapabilityBoundingSet,REMOVED,2,322,186,0.006211180124223602,C3X
U_P,ubuntu,CapabilityBoundingSet_CAP_SYS_RAWIO,CapabilityBoundingSet,INHERITED_SAME,321,322,186,0.9968944099378882,C3X
U_P,ubuntu,CapabilityBoundingSet_CAP_SYS_RAWIO,CapabilityBoundingSet,REMOVED,1,322,186,0.003105590062111801,C3X
U_P,ubuntu,CapabilityBoundingSet_CAP_SYS_TIME,CapabilityBoundingSet,INHERITED_SAME,321,322,186,0.9968944099378882,C3X
U_P,ubuntu,CapabilityBoundingSet_CAP_SYS_TIME,CapabilityBoundingSet,REMOVED,1,322,186,0.003105590062111801,C3X
U_P,ubuntu,CapabilityBoundingSet_CAP_SYS_TTY_CONFIG,CapabilityBoundingSet,INHERITED_SAME,321,322,186,0.9968944099378882,C3X
U_P,ubuntu,CapabilityBoundingSet_CAP_SYS_TTY_CONFIG,CapabilityBoundingSet,REMOVED,1,322,186,0.003105590062111801,C3X
U_P,ubuntu,CapabilityBoundingSet_CAP_WAKE_ALARM,CapabilityBoundingSet,INHERITED_SAME,321,322,186,0.9968944099378882,C3X
U_P,ubuntu,CapabilityBoundingSet_CAP_WAKE_ALARM,CapabilityBoundingSet,REMOVED,1,322,186,0.003105590062111801,C3X
U_P,ubuntu,Delegate,Delegate,INHERITED_SAME,315,315,185,1.0,C3X
U_P,ubuntu,DeviceAllow,DeviceAllow,INHERITED_SAME,314,314,185,1.0,C3X
U_P,ubuntu,IPAddressDeny,IPAddressDeny,INHERITED_SAME,314,314,185,1.0,C3X
U_P,ubuntu,KeyringMode,KeyringMode,INHERITED_SAME,315,315,186,1.0,C3X
U_P,ubuntu,LockPersonality,LockPersonality,INHERITED_SAME,315,315,186,1.0,C3X
U_P,ubuntu,MemoryDenyWriteExecute,MemoryDenyWriteExecute,INHERITED_SAME,314,315,186,0.9968253968253968,C3X
U_P,ubuntu,MemoryDenyWriteExecute,MemoryDenyWriteExecute,REMOVED,1,315,186,0.0031746031746031746,C3X
U_P,ubuntu,NoNewPrivileges,NoNewPrivileges,ADDED,1,315,186,0.0031746031746031746,C3X
U_P,ubuntu,NoNewPrivileges,NoNewPrivileges,INHERITED_SAME,313,315,186,0.9936507936507937,C3X
U_P,ubuntu,NoNewPrivileges,NoNewPrivileges,REMOVED,1,315,186,0.0031746031746031746,C3X
U_P,ubuntu,NotifyAccess,NotifyAccess,INHERITED_SAME,315,315,186,1.0,C3X
U_P,ubuntu,PrivateDevices,PrivateDevices,INHERITED_SAME,315,315,186,1.0,C3X
U_P,ubuntu,PrivateMounts,PrivateMounts,INHERITED_SAME,314,314,185,1.0,C3X
U_P,ubuntu,PrivateNetwork,PrivateNetwork,INHERITED_SAME,314,314,185,1.0,C3X
U_P,ubuntu,PrivateTmp,PrivateTmp,ADDED,6,315,186,0.01904761904761905,C3X
U_P,ubuntu,PrivateTmp,PrivateTmp,INHERITED_SAME,306,315,186,0.9714285714285714,C3X
U_P,ubuntu,PrivateTmp,PrivateTmp,MODIFIED,1,315,186,0.0031746031746031746,C3X
U_P,ubuntu,PrivateTmp,PrivateTmp,REMOVED,2,315,186,0.006349206349206349,C3X
U_P,ubuntu,PrivateUsers,PrivateUsers,INHERITED_SAME,314,314,185,1.0,C3X
U_P,ubuntu,ProcSubset,ProcSubset,INHERITED_SAME,314,314,185,1.0,C3X
U_P,ubuntu,ProtectClock,ProtectClock,INHERITED_SAME,315,315,186,1.0,C3X
U_P,ubuntu,ProtectControlGroups,ProtectControlGroups,INHERITED_SAME,315,316,186,0.9968354430379747,C3X
U_P,ubuntu,ProtectControlGroups,ProtectControlGroups,REMOVED,1,316,186,0.0031645569620253164,C3X
U_P,ubuntu,ProtectHome,ProtectHome,ADDED,1,316,186,0.0031645569620253164,C3X
U_P,ubuntu,ProtectHome,ProtectHome,INHERITED_SAME,311,316,186,0.9841772151898734,C3X
U_P,ubuntu,ProtectHome,ProtectHome,MODIFIED,3,316,186,0.00949367088607595,C3X
U_P,ubuntu,ProtectHome,ProtectHome,REMOVED,1,316,186,0.0031645569620253164,C3X
U_P,ubuntu,ProtectHostname,ProtectHostname,INHERITED_SAME,316,316,186,1.0,C3X
U_P,ubuntu,ProtectKernelLogs,ProtectKernelLogs,INHERITED_SAME,316,316,186,1.0,C3X
U_P,ubuntu,ProtectKernelModules,ProtectKernelModules,INHERITED_SAME,315,316,186,0.9968354430379747,C3X
U_P,ubuntu,ProtectKernelModules,ProtectKernelModules,REMOVED,1,316,186,0.0031645569620253164,C3X
U_P,ubuntu,ProtectKernelTunables,ProtectKernelTunables,INHERITED_SAME,314,316,186,0.9936708860759493,C3X
U_P,ubuntu,ProtectKernelTunables,ProtectKernelTunables,REMOVED,2,316,186,0.006329113924050633,C3X
U_P,ubuntu,ProtectProc,ProtectProc,INHERITED_SAME,315,315,186,1.0,C3X
U_P,ubuntu,ProtectSystem,ProtectSystem,ADDED,1,316,186,0.0031645569620253164,C3X
U_P,ubuntu,ProtectSystem,ProtectSystem,INHERITED_SAME,311,316,186,0.9841772151898734,C3X
U_P,ubuntu,ProtectSystem,ProtectSystem,MODIFIED,2,316,186,0.006329113924050633,C3X
U_P,ubuntu,ProtectSystem,ProtectSystem,REMOVED,2,316,186,0.006329113924050633,C3X
U_P,ubuntu,RemoveIPC,RemoveIPC,ADDED,1,289,176,0.0034602076124567475,C3X
U_P,ubuntu,RemoveIPC,RemoveIPC,INHERITED_SAME,278,289,176,0.9619377162629758,C3X
U_P,ubuntu,RemoveIPC,RemoveIPC,MODIFIED,9,289,176,0.031141868512110725,C3X
U_P,ubuntu,RemoveIPC,RemoveIPC,REMOVED,1,289,176,0.0034602076124567475,C3X
U_P,ubuntu,RestrictAddressFamilies_AF_INET_INET6,RestrictAddressFamilies,INHERITED_SAME,316,316,186,1.0,C3X
U_P,ubuntu,RestrictAddressFamilies_AF_NETLINK,RestrictAddressFamilies,INHERITED_SAME,315,316,186,0.9968354430379747,C3X
U_P,ubuntu,RestrictAddressFamilies_AF_NETLINK,RestrictAddressFamilies,REMOVED,1,316,186,0.0031645569620253164,C3X
U_P,ubuntu,RestrictAddressFamilies_AF_PACKET,RestrictAddressFamilies,INHERITED_SAME,315,316,186,0.9968354430379747,C3X
U_P,ubuntu,RestrictAddressFamilies_AF_PACKET,RestrictAddressFamilies,REMOVED,1,316,186,0.0031645569620253164,C3X
U_P,ubuntu,RestrictAddressFamilies_AF_UNIX,RestrictAddressFamilies,INHERITED_SAME,316,316,186,1.0,C3X
U_P,ubuntu,RestrictAddressFamilies_OTHER,RestrictAddressFamilies,INHERITED_SAME,315,316,186,0.9968354430379747,C3X
U_P,ubuntu,RestrictAddressFamilies_OTHER,RestrictAddressFamilies,REMOVED,1,316,186,0.0031645569620253164,C3X
U_P,ubuntu,RestrictNamespaces_cgroup,RestrictNamespaces,INHERITED_SAME,315,315,186,1.0,C3X
U_P,ubuntu,RestrictNamespaces_ipc,RestrictNamespaces,INHERITED_SAME,315,315,186,1.0,C3X
U_P,ubuntu,RestrictNamespaces_mnt,RestrictNamespaces,INHERITED_SAME,315,315,186,1.0,C3X
U_P,ubuntu,RestrictNamespaces_net,RestrictNamespaces,INHERITED_SAME,315,315,186,1.0,C3X
U_P,ubuntu,RestrictNamespaces_pid,RestrictNamespaces,INHERITED_SAME,315,315,186,1.0,C3X
U_P,ubuntu,RestrictNamespaces_user,RestrictNamespaces,INHERITED_SAME,315,315,186,1.0,C3X
U_P,ubuntu,RestrictNamespaces_uts,RestrictNamespaces,INHERITED_SAME,315,315,186,1.0,C3X
U_P,ubuntu,RestrictRealtime,RestrictRealtime,INHERITED_SAME,315,316,186,0.9968354430379747,C3X
U_P,ubuntu,RestrictRealtime,RestrictRealtime,REMOVED,1,316,186,0.0031645569620253164,C3X
U_P,ubuntu,RestrictSUIDSGID,RestrictSUIDSGID,ADDED,1,315,186,0.0031746031746031746,C3X
U_P,ubuntu,RestrictSUIDSGID,RestrictSUIDSGID,INHERITED_SAME,313,315,186,0.9936507936507937,C3X
U_P,ubuntu,RestrictSUIDSGID,RestrictSUIDSGID,REMOVED,1,315,186,0.0031746031746031746,C3X
U_P,ubuntu,RootDirectoryOrRootImage,RootDirectoryOrRootImage,INHERITED_SAME,313,314,185,0.9968152866242038,C3X
U_P,ubuntu,RootDirectoryOrRootImage,RootDirectoryOrRootImage,MODIFIED,1,314,185,0.0031847133757961785,C3X
U_P,ubuntu,SupplementaryGroups,SupplementaryGroups,ADDED,4,289,176,0.01384083044982699,C3X
U_P,ubuntu,SupplementaryGroups,SupplementaryGroups,INHERITED_SAME,278,289,176,0.9619377162629758,C3X
U_P,ubuntu,SupplementaryGroups,SupplementaryGroups,MODIFIED,1,289,176,0.0034602076124567475,C3X
U_P,ubuntu,SupplementaryGroups,SupplementaryGroups,REMOVED,6,289,176,0.020761245674740483,C3X
U_P,ubuntu,SystemCallArchitectures,SystemCallArchitectures,INHERITED_SAME,315,315,186,1.0,C3X
U_P,ubuntu,SystemCallFilter_clock,SystemCallFilter,INHERITED_SAME,315,315,186,1.0,C3X
U_P,ubuntu,SystemCallFilter_cpu_emulation,SystemCallFilter,INHERITED_SAME,315,315,186,1.0,C3X
U_P,ubuntu,SystemCallFilter_debug,SystemCallFilter,INHERITED_SAME,315,315,186,1.0,C3X
U_P,ubuntu,SystemCallFilter_module,SystemCallFilter,INHERITED_SAME,315,315,186,1.0,C3X
U_P,ubuntu,SystemCallFilter_mount,SystemCallFilter,INHERITED_SAME,315,315,186,1.0,C3X
U_P,ubuntu,SystemCallFilter_obsolete,SystemCallFilter,INHERITED_SAME,315,315,186,1.0,C3X
U_P,ubuntu,SystemCallFilter_privileged,SystemCallFilter,INHERITED_SAME,315,315,186,1.0,C3X
U_P,ubuntu,SystemCallFilter_raw_io,SystemCallFilter,INHERITED_SAME,315,315,186,1.0,C3X
U_P,ubuntu,SystemCallFilter_reboot,SystemCallFilter,INHERITED_SAME,315,315,186,1.0,C3X
U_P,ubuntu,SystemCallFilter_resources,SystemCallFilter,INHERITED_SAME,315,315,186,1.0,C3X
U_P,ubuntu,SystemCallFilter_swap,SystemCallFilter,INHERITED_SAME,315,315,186,1.0,C3X
U_P,ubuntu,UMask,UMask,INHERITED_SAME,314,314,185,1.0,C3X
U_P,ubuntu,UserOrDynamicUser,UserOrDynamicUser,ADDED,4,291,176,0.013745704467353952,C3X
U_P,ubuntu,UserOrDynamicUser,UserOrDynamicUser,INHERITED_SAME,280,291,176,0.9621993127147767,C3X
U_P,ubuntu,UserOrDynamicUser,UserOrDynamicUser,MODIFIED,2,291,176,0.006872852233676976,C3X
U_P,ubuntu,UserOrDynamicUser,UserOrDynamicUser,REMOVED,5,291,176,0.01718213058419244,C3X
