entity_type,entity_id,stage,reason_code,technical_detail
package,debian:acpi-fakekey,cross_family_eligibility,NO_AUTHORITATIVE_UPSTREAM_URL,
package,debian:apt,cross_family_eligibility,NO_AUTHORITATIVE_UPSTREAM_URL,
package,debian:binkd,cross_family_eligibility,NO_AUTHORITATIVE_UPSTREAM_URL,
package,debian:bootparamd,cross_family_eligibility,NO_AUTHORITATIVE_UPSTREAM_URL,
package,debian:canna,cross_family_eligibility,NO_AUTHORITATIVE_UPSTREAM_URL,
package,debian:dhcp-helper,cross_family_eligibility,NO_AUTHORITATIVE_UPSTREAM_URL,
package,debian:farpd,cross_family_eligibility,NO_AUTHORITATIVE_UPSTREAM_URL,
package,debian:gcpegg,cross_family_eligibility,NO_AUTHORITATIVE_UPSTREAM_URL,
package,debian:ifupdown,cross_family_eligibility,NO_AUTHORITATIVE_UPSTREAM_URL,
package,debian:inn,cross_family_eligibility,NO_AUTHORITATIVE_UPSTREAM_URL,
package,debian:ipip,cross_family_eligibility,NO_AUTHORITATIVE_UPSTREAM_URL,
package,debian:kdump-tools,cross_family_eligibility,NO_AUTHORITATIVE_UPSTREAM_URL,
package,debian:l2tpns,cross_family_eligibility,NO_AUTHORITATIVE_UPSTREAM_URL,
package,debian:memlockd,cross_family_eligibility,NO_AUTHORITATIVE_UPSTREAM_URL,
package,debian:openbsd-inetd,cross_family_eligibility,NO_AUTHORITATIVE_UPSTREAM_URL,
package,debian:pcaputils,cross_family_eligibility,NO_AUTHORITATIVE_UPSTREAM_URL,
package,debian:pk4,cross_family_eligibility,NO_AUTHORITATIVE_UPSTREAM_URL,
package,debian:pkcs11-daemon,cross_family_eligibility,NO_AUTHORITATIVE_UPSTREAM_URL,
package,debian:proxsmtp,cross_family_eligibility,NO_AUTHORITATIVE_UPSTREAM_URL,
package,debian:rarpd,cross_family_eligibility,NO_AUTHORITATIVE_UPSTREAM_URL,
package,debian:rbldnsd,cross_family_eligibility,NO_AUTHORITATIVE_UPSTREAM_URL,
package,debian:rng-tools-debian,cross_family_eligibility,NO_AUTHORITATIVE_UPSTREAM_URL,
package,debian:rng-tools5,cross_family_eligibility,NO_AUTHORITATIVE_UPSTREAM_URL,
package,debian:scsitools,cross_family_eligibility,NO_AUTHORITATIVE_UPSTREAM_URL,
package,debian:setserial,cross_family_eligibility,NO_AUTHORITATIVE_UPSTREAM_URL,
package,debian:xringd,cross_family_eligibility,NO_AUTHORITATIVE_UPSTREAM_URL,
package,debian:zfs-fuse,cross_family_eligibility,NO_AUTHORITATIVE_UPSTREAM_URL,
package,ubuntu:apt,cross_family_eligibility,NO_AUTHORITATIVE_UPSTREAM_URL,
package,ubuntu:apt-cacher,cross_family_eligibility,NO_AUTHORITATIVE_UPSTREAM_URL,
package,ubuntu:apt-show-versions,cross_family_eligibility,NO_AUTHORITATIVE_UPSTREAM_URL,
package,ubuntu:apticron-systemd,cross_family_eligibility,NO_AUTHORITATIVE_UPSTREAM_URL,
package,ubuntu:awffull,cross_family_eligibility,NO_AUTHORITATIVE_UPSTREAM_URL,
package,ubuntu:base-files,cross_family_eligibility,NO_AUTHORITATIVE_UPSTREAM_URL,
package,ubuntu:binkd,cross_family_eligibility,NO_AUTHORITATIVE_UPSTREAM_URL,
package,ubuntu:bootcd,cross_family_eligibility,NO_AUTHORITATIVE_UPSTREAM_URL,
package,ubuntu:bootparamd,cross_family_eligibility,NO_AUTHORITATIVE_UPSTREAM_URL,
package,ubuntu:budgie-sddm-theme,cross_family_eligibility,NO_AUTHORITATIVE_UPSTREAM_URL,
package,ubuntu:canna,cross_family_eligibility,NO_AUTHORITATIVE_UPSTREAM_URL,
package,ubuntu:casper,cross_family_eligibility,NO_AUTHORITATIVE_UPSTREAM_URL,
package,ubuntu:cgroup-lite,cross_family_eligibility,NO_AUTHORITATIVE_UPSTREAM_URL,
package,ubuntu:conmux,cross_family_eligibility,NO_AUTHORITATIVE_UPSTREAM_URL,
package,ubuntu:console-setup-linux,cross_family_eligibility,NO_AUTHORITATIVE_UPSTREAM_URL,
package,ubuntu:dgx-desktop-docker-options,cross_family_eligibility,NO_AUTHORITATIVE_UPSTREAM_URL,
package,ubuntu:dgx-desktop-enable-persistenced,cross_family_eligibility,NO_AUTHORITATIVE_UPSTREAM_URL,
package,ubuntu:dgx-desktop-pro-activation,cross_family_eligibility,NO_AUTHORITATIVE_UPSTREAM_URL,
package,ubuntu:dhcp-helper,cross_family_eligibility,NO_AUTHORITATIVE_UPSTREAM_URL,
package,ubuntu:dns2tcp,cross_family_eligibility,NO_AUTHORITATIVE_UPSTREAM_URL,
package,ubuntu:ec2-hibinit-agent,cross_family_eligibility,NO_AUTHORITATIVE_UPSTREAM_URL,
package,ubuntu:fake-hwclock,cross_family_eligibility,NO_AUTHORITATIVE_UPSTREAM_URL,
package,ubuntu:farpd,cross_family_eligibility,NO_AUTHORITATIVE_UPSTREAM_URL,
package,ubuntu:flamethrower,cross_family_eligibility,NO_AUTHORITATIVE_UPSTREAM_URL,
package,ubuntu:friendly-recovery,cross_family_eligibility,NO_AUTHORITATIVE_UPSTREAM_URL,
package,ubuntu:gcpegg,cross_family_eligibility,NO_AUTHORITATIVE_UPSTREAM_URL,
package,ubuntu:greylistd,cross_family_eligibility,NO_AUTHORITATIVE_UPSTREAM_URL,
package,ubuntu:hpsockd,cross_family_eligibility,NO_AUTHORITATIVE_UPSTREAM_URL,
package,ubuntu:ifupdown,cross_family_eligibility,NO_AUTHORITATIVE_UPSTREAM_URL,
package,ubuntu:ifupdown-extra,cross_family_eligibility,NO_AUTHORITATIVE_UPSTREAM_URL,
package,ubuntu:inn,cross_family_eligibility,NO_AUTHORITATIVE_UPSTREAM_URL,
package,ubuntu:ippl,cross_family_eligibility,NO_AUTHORITATIVE_UPSTREAM_URL,
package,ubuntu:ipset-persistent,cross_family_eligibility,NO_AUTHORITATIVE_UPSTREAM_URL,
package,ubuntu:iptables-persistent,cross_family_eligibility,NO_AUTHORITATIVE_UPSTREAM_URL,
package,ubuntu:kdump-tools,cross_family_eligibility,NO_AUTHORITATIVE_UPSTREAM_URL,
package,ubuntu:l2tpns,cross_family_eligibility,NO_AUTHORITATIVE_UPSTREAM_URL,
package,ubuntu:lenovo-cfgservice,cross_family_eligibility,NO_AUTHORITATIVE_UPSTREAM_URL,
package,ubuntu:lenovo-fccunlock,cross_family_eligibility,NO_AUTHORITATIVE_UPSTREAM_URL,
package,ubuntu:linux-cloud-tools-common,cross_family_eligibility,NO_AUTHORITATIVE_UPSTREAM_URL,
package,ubuntu:linux-tools-host,cross_family_eligibility,NO_AUTHORITATIVE_UPSTREAM_URL,
package,ubuntu:local-apt-repository,cross_family_eligibility,NO_AUTHORITATIVE_UPSTREAM_URL,
package,ubuntu:logcheck,cross_family_eligibility,NO_AUTHORITATIVE_UPSTREAM_URL,
package,ubuntu:lpr,cross_family_eligibility,NO_AUTHORITATIVE_UPSTREAM_URL,
package,ubuntu:lxd-installer,cross_family_eligibility,NO_AUTHORITATIVE_UPSTREAM_URL,
package,ubuntu:memlockd,cross_family_eligibility,NO_AUTHORITATIVE_UPSTREAM_URL,
package,ubuntu:nagzilla,cross_family_eligibility,NO_AUTHORITATIVE_UPSTREAM_URL,
package,ubuntu:netdiag,cross_family_eligibility,NO_AUTHORITATIVE_UPSTREAM_URL,
package,ubuntu:netfilter-persistent,cross_family_eligibility,NO_AUTHORITATIVE_UPSTREAM_URL,
package,ubuntu:netscript-2.4,cross_family_eligibility,NO_AUTHORITATIVE_UPSTREAM_URL,
package,ubuntu:netscript-ipfilter,cross_family_eligibility,NO_AUTHORITATIVE_UPSTREAM_URL,
package,ubuntu:nvidia-fabricmanager-580,cross_family_eligibility,NO_AUTHORITATIVE_UPSTREAM_URL,
package,ubuntu:nvidia-fabricmanager-595,cross_family_eligibility,NO_AUTHORITATIVE_UPSTREAM_URL,
package,ubuntu:nvidia-imex-580,cross_family_eligibility,NO_AUTHORITATIVE_UPSTREAM_URL,
package,ubuntu:nvidia-imex-595,cross_family_eligibility,NO_AUTHORITATIVE_UPSTREAM_URL,
package,ubuntu:openbsd-inetd,cross_family_eligibility,NO_AUTHORITATIVE_UPSTREAM_URL,
package,ubuntu:pcaputils,cross_family_eligibility,NO_AUTHORITATIVE_UPSTREAM_URL,
package,ubuntu:php-common,cross_family_eligibility,NO_AUTHORITATIVE_UPSTREAM_URL,
package,ubuntu:pk4,cross_family_eligibility,NO_AUTHORITATIVE_UPSTREAM_URL,
package,ubuntu:pkcs11-daemon,cross_family_eligibility,NO_AUTHORITATIVE_UPSTREAM_URL,
package,ubuntu:pommed,cross_family_eligibility,NO_AUTHORITATIVE_UPSTREAM_URL,
package,ubuntu:postgresql-common,cross_family_eligibility,NO_AUTHORITATIVE_UPSTREAM_URL,
package,ubuntu:pppconfig,cross_family_eligibility,NO_AUTHORITATIVE_UPSTREAM_URL,
package,ubuntu:proxsmtp,cross_family_eligibility,NO_AUTHORITATIVE_UPSTREAM_URL,
package,ubuntu:rarpd,cross_family_eligibility,NO_AUTHORITATIVE_UPSTREAM_URL,
package,ubuntu:rbldnsd,cross_family_eligibility,NO_AUTHORITATIVE_UPSTREAM_URL,
package,ubuntu:rng-tools-debian,cross_family_eligibility,NO_AUTHORITATIVE_UPSTREAM_URL,
package,ubuntu:rng-tools5,cross_family_eligibility,NO_AUTHORITATIVE_UPSTREAM_URL,
package,ubuntu:sauce,cross_family_eligibility,NO_AUTHORITATIVE_UPSTREAM_URL,
package,ubuntu:sec,cross_family_eligibility,NO_AUTHORITATIVE_UPSTREAM_URL,
package,ubuntu:secureboot-db,cross_family_eligibility,NO_AUTHORITATIVE_UPSTREAM_URL,
package,ubuntu:setserial,cross_family_eligibility,NO_AUTHORITATIVE_UPSTREAM_URL,
package,ubuntu:snmptrapfmt,cross_family_eligibility,NO_AUTHORITATIVE_UPSTREAM_URL,
package,ubuntu:sreview-master,cross_family_eligibility,NO_AUTHORITATIVE_UPSTREAM_URL,
package,ubuntu:sreview-web,cross_family_eligibility,NO_AUTHORITATIVE_UPSTREAM_URL,
package,ubuntu:ssl-cert,cross_family_eligibility,NO_AUTHORITATIVE_UPSTREAM_URL,
package,ubuntu:systune,cross_family_eligibility,NO_AUTHORITATIVE_UPSTREAM_URL,
package,ubuntu:tcpspy,cross_family_eligibility,NO_AUTHORITATIVE_UPSTREAM_URL,
package,ubuntu:ubiquity,cross_family_eligibility,NO_AUTHORITATIVE_UPSTREAM_URL,
package,ubuntu:ubuntu-drivers-common,cross_family_eligibility,NO_AUTHORITATIVE_UPSTREAM_URL,
package,ubuntu:ubuntu-fan,cross_family_eligibility,NO_AUTHORITATIVE_UPSTREAM_URL,
package,ubuntu:ubuntu-raspi-settings-desktop,cross_family_eligibility,NO_AUTHORITATIVE_UPSTREAM_URL,
package,ubuntu:unattended-upgrades,cross_family_eligibility,NO_AUTHORITATIVE_UPSTREAM_URL,
package,ubuntu:update-notifier-common,cross_family_eligibility,NO_AUTHORITATIVE_UPSTREAM_URL,
package,ubuntu:userv,cross_family_eligibility,NO_AUTHORITATIVE_UPSTREAM_URL,
package,ubuntu:whereami,cross_family_eligibility,NO_AUTHORITATIVE_UPSTREAM_URL,
package,ubuntu:xringd,cross_family_eligibility,NO_AUTHORITATIVE_UPSTREAM_URL,
package,ubuntu:zfs-fuse,cross_family_eligibility,NO_AUTHORITATIVE_UPSTREAM_URL,
package,ubuntu:zram-config,cross_family_eligibility,NO_AUTHORITATIVE_UPSTREAM_URL,
package,fedora:autofs,cross_family_eligibility,NO_AUTHORITATIVE_UPSTREAM_URL,
package,fedora:finger-server,cross_family_eligibility,NO_AUTHORITATIVE_UPSTREAM_URL,
package,fedora:rarpd,cross_family_eligibility,NO_AUTHORITATIVE_UPSTREAM_URL,
package,fedora:rwho,cross_family_eligibility,NO_AUTHORITATIVE_UPSTREAM_URL,
package,fedora:zram,cross_family_eligibility,NO_AUTHORITATIVE_UPSTREAM_URL,
