canonical_upstream_id,selection_hash,distribution_count,distributions,eligible_cross_family_pairs,package_count
https://valkey.io,0109bdd21d6d96956822f4e63e34a315c93a0b79be29447a4641f599d71df0bf,4,arch;debian;fedora;ubuntu,Debian ↔ Fedora;Debian ↔ Arch;Ubuntu ↔ Fedora;Ubuntu ↔ Arch;Fedora ↔ Arch,7
https://cisofy.com/lynis,013c2a383aeb5ff9f1c02f209ee58318228d002bd8d77c438bfaff7ad3795c90,2,arch;ubuntu,Ubuntu ↔ Arch,2
https://gitlab.freedesktop.org/pipewire/rtkit,0196ff31a73e96071640ea8c6bb0d4a9ad4a295a3d6c3a4d00653ad996f624a7,2,arch;ubuntu,Ubuntu ↔ Arch,2
https://github.com/prehor/amavisd-milter,0257dba441e99379fa67514f5848ab5092edfb56c32f77ee2358415647b7cf55,2,fedora;ubuntu,Ubuntu ↔ Fedora,2
https://gitlab.com/amavis/amavis,02d625e4b0df3ebf764c998e7adb0403ba34fc7948d1f2549e778ad07edb370e,2,arch;fedora,Fedora ↔ Arch,3
https://nextcloud.com,04f044507036b03c5fef14722cccaf4e08badbb550d684e3f80726178d6c0d52,2,arch;fedora,Fedora ↔ Arch,2
https://www.opendnssec.org,055c808b22d08eba312036260fab0ba9aa030d07f8035bca07ec7c179eb2966f,2,fedora;ubuntu,Ubuntu ↔ Fedora,3
https://netplan.io,06096e423f359317981fc1445d198dc5bc96685a073d7c3a5e9ceecd02e934a0,2,fedora;ubuntu,Ubuntu ↔ Fedora,2
https://github.com/rpm-software-management/dnf5,06bf592f0107beacd91ca124ebd41c8c39f0b975e6f4f8273aed357d7908e9a8,3,arch;fedora;ubuntu,Ubuntu ↔ Fedora;Ubuntu ↔ Arch;Fedora ↔ Arch,5
https://unix4lyfe.org/darkstat,074ae08625e6a73488fd716ea85ec33b409e117c7013693a410cdebd40b0ed1c,4,arch;debian;fedora;ubuntu,Debian ↔ Fedora;Debian ↔ Arch;Ubuntu ↔ Fedora;Ubuntu ↔ Arch;Fedora ↔ Arch,4
https://www.strongswan.org,082f960f65dbb4e40c58f19d19e6f1252563336255e9d9489b72a3ada845785b,4,arch;debian;fedora;ubuntu,Debian ↔ Fedora;Debian ↔ Arch;Ubuntu ↔ Fedora;Ubuntu ↔ Arch;Fedora ↔ Arch,6
https://www.freedesktop.org/wiki/Software/Plymouth,08658747648bcfed971414fce35e7102d9821531dfdc121b3d28928186d0932e,4,arch;debian;fedora;ubuntu,Debian ↔ Fedora;Debian ↔ Arch;Ubuntu ↔ Fedora;Ubuntu ↔ Arch;Fedora ↔ Arch,4
https://github.com/vmware/open-vm-tools,0868e33b7da19502462879b17a61dd17ee11be1a1986e00d559e2fa80b6577bd,4,arch;debian;fedora;ubuntu,Debian ↔ Fedora;Debian ↔ Arch;Ubuntu ↔ Fedora;Ubuntu ↔ Arch;Fedora ↔ Arch,6
https://www.cyrusimap.org,09724b6a479dea4a1ddf194fa45ac46d781f08a7c51d4905bcd44ae714c6d908,3,debian;fedora;ubuntu,Debian ↔ Fedora;Ubuntu ↔ Fedora,3
https://github.com/linux-msm/tqftpserv,0a5fb63413dd4d43dbe1cb69930f7946221d5e68b9f6843f6deb23b81fb0183f,3,debian;fedora;ubuntu,Debian ↔ Fedora;Ubuntu ↔ Fedora,3
https://www.draisberghof.de/usb_modeswitch,0a95a1783bcee64be23480e78c51296dae59e68201bc39454bbb909aad0c2778,4,arch;debian;fedora;ubuntu,Debian ↔ Fedora;Debian ↔ Arch;Ubuntu ↔ Fedora;Ubuntu ↔ Arch;Fedora ↔ Arch,4
https://quassel-irc.org,0b682361770b7325edd30020f2ccc3e9b4d070b579f6c2a0db20890cfd2f1fec,2,arch;fedora,Fedora ↔ Arch,2
https://pcsclite.apdu.fr,0b865891891edf9741b8801a829a10f4c96e61363991d753fde5816b9b9084d3,4,arch;debian;fedora;ubuntu,Debian ↔ Fedora;Debian ↔ Arch;Ubuntu ↔ Fedora;Ubuntu ↔ Arch;Fedora ↔ Arch,5
https://invent.kde.org/plasma/drkonqi,0c2234aa0e63d5dee28c3ef7edd0517aa925bb6cc80f27a4499bf59fae45e367,3,debian;fedora;ubuntu,Debian ↔ Fedora;Ubuntu ↔ Fedora,3
https://git.kernel.org/pub/scm/network/connman/connman,0d17e33cb3be67dc7894a35c3418e4cf14f6e29dae4e2474fbe8fb5dd0a74aaa,3,arch;debian;ubuntu,Debian ↔ Arch;Ubuntu ↔ Arch,5
https://www.lirc.org,0d318b88d44133a2136add08b495274a826e3988876dfe0f0595057b32b0be4f,2,arch;fedora,Fedora ↔ Arch,2
https://www.atoptool.nl,0d927d67fbf39f4fa0f750d5828d31a3d101f941dd2c3857ec9ea4711700c2c9,2,arch;fedora,Fedora ↔ Arch,2
https://github.com/ximion/btrfsd,0d9d61ea2b0281f5c3439e4c9e1efed9f6a8d590fbbe05db172064b7bf242b58,3,debian;fedora;ubuntu,Debian ↔ Fedora;Ubuntu ↔ Fedora,3
https://github.com/neocturne/fastd,0e16f82b00988cb497a71098c51ef8e623462d4e5b48ac24da352f14b0811acd,2,arch;fedora,Fedora ↔ Arch,2
https://github.com/ddccontrol/ddccontrol,0e5591cd9254d18e3044833b86ba26c5899fac2236bf836f41760e4414967b13,3,debian;fedora;ubuntu,Debian ↔ Fedora;Ubuntu ↔ Fedora,3
https://miniupnp.tuxfamily.org,0ec0e506e5440f3612433a295d7a7099a8bfb0f6853f621fb915187522b1ccfc,3,arch;fedora;ubuntu,Ubuntu ↔ Fedora;Ubuntu ↔ Arch;Fedora ↔ Arch,3
https://nghttp2.org,1004394b8cc4737119840b97635959319ee7adc353285d06387b801ab3538a0e,3,debian;fedora;ubuntu,Debian ↔ Fedora;Ubuntu ↔ Fedora,3
https://github.com/NetworkBlockDevice/nbd,104b7541949d816b9870754f3141503c1f68ff8429c8ac6fa6190708ce59d115,2,arch;fedora,Fedora ↔ Arch,2
https://matt.ucc.asn.au/dropbear/dropbear.html,1121bad5aa6f5e006487dd81566ff043ea125120adc34898584c41f1cc7a5ed0,2,fedora;ubuntu,Ubuntu ↔ Fedora,2
https://www.freedesktop.org/software/colord,126f3ccc0f95397d3519f0fecb4aea561492a28b8f7ebf24e6b2c42645b7238f,4,arch;debian;fedora;ubuntu,Debian ↔ Fedora;Debian ↔ Arch;Ubuntu ↔ Fedora;Ubuntu ↔ Arch;Fedora ↔ Arch,4
https://www.msweet.org/lprint,14602b06862df7fe197e8ee93fb9401cabfb4db44514dfd1c4d4ef6a9ede877e,4,arch;debian;fedora;ubuntu,Debian ↔ Fedora;Debian ↔ Arch;Ubuntu ↔ Fedora;Ubuntu ↔ Arch;Fedora ↔ Arch,4
https://github.com/facebookincubator/oomd,14dacffe684166812c6ba3cd212b0c4bac1d3ec2e53d1a681c7be0a896a16fa0,3,debian;fedora;ubuntu,Debian ↔ Fedora;Ubuntu ↔ Fedora,3
https://github.com/prometheus/blackbox_exporter,157265e2494f8eefc19165cca105b8f89d49388ac37ee603d28b1492ba2498b1,3,arch;debian;ubuntu,Debian ↔ Arch;Ubuntu ↔ Arch,3
https://github.com/juanfont/headscale,159926cfcbf369c55a9788541785183e74ed650b130d68a516aa820ea02d18ec,2,arch;fedora,Fedora ↔ Arch,2
https://www.clamav.net,15c0325011cf16c1aacc61fa2e8baccfd586599e849b9573846a58ffdc376dba,4,arch;debian;fedora;ubuntu,Debian ↔ Fedora;Debian ↔ Arch;Ubuntu ↔ Fedora;Ubuntu ↔ Arch;Fedora ↔ Arch,9
https://github.com/ar-/incron,15dd60c503cd1dfaa99aae18e8bfd0d96fe053d4370905cbeded56487a1ed259,4,arch;debian;fedora;ubuntu,Debian ↔ Fedora;Debian ↔ Arch;Ubuntu ↔ Fedora;Ubuntu ↔ Arch;Fedora ↔ Arch,4
https://github.com/ggml-org/llama.cpp,164847bc5d03c3dcbfe70e4fc6d76b6d446567177d020e8a2cdb7bf5247cee4e,2,arch;ubuntu,Ubuntu ↔ Arch,2
https://github.com/prometheus-community/ipmi_exporter,17212b61bc4e8dc4d6834864e3e8cb39b64b3be25e6ddf3befae68e23600a636,3,arch;debian;ubuntu,Debian ↔ Arch;Ubuntu ↔ Arch,3
https://wiki.nikhef.nl/grid/FetchCRL3,177c4ae3c0c930277e31fe43eb3ef947966a02d61cab2c23b0975275718310db,2,fedora;ubuntu,Ubuntu ↔ Fedora,2
https://github.com/linux-audit/audit-userspace,17de8f328716602458e7f9db12df8a06540cb54b61eb5b32b76ab818e2b251bf,2,arch;fedora,Fedora ↔ Arch,3
https://xrootd.web.cern.ch,17fb09fc6374782d059facb716fbb7cb2b467a64669c3aac8c7319f38174766c,3,debian;fedora;ubuntu,Debian ↔ Fedora;Ubuntu ↔ Fedora,3
https://bcachefs.org,18ab70a8f79e3f1358048b2cbf65fbf9f2abde020d2f9efe63d65528ebfd5914,2,arch;fedora,Fedora ↔ Arch,2
https://devel.freebsoft.org/speechd,1bbee11a547a35f6cef3e819d74bbb830f26477f4c53045b759f118623eb4df9,3,debian;fedora;ubuntu,Debian ↔ Fedora;Ubuntu ↔ Fedora,3
https://radicale.org,1c008d52d707e403ffbacb287e0c17c58b81066c1b04f1c42206978333b9ccd0,3,arch;fedora;ubuntu,Ubuntu ↔ Fedora;Ubuntu ↔ Arch;Fedora ↔ Arch,3
https://codeberg.org/fairyglade/ly,1c19bb3fb8d11b9623d5ac5f883a1456f75ddbfb86ea1b02cd6479a758f0d027,2,arch;fedora,Fedora ↔ Arch,2
https://www.tntnet.org,1c9882a6e33e0d9849fd5df877099da3ce1f8b143e6a131d70eb6de014a0d9f7,3,debian;fedora;ubuntu,Debian ↔ Fedora;Ubuntu ↔ Fedora,3
https://prosody.im,1dae71b3ff00ee613be2088c1651c8c1d0788661499e5486860579de7aa521be,2,arch;fedora,Fedora ↔ Arch,2
https://perfetto.dev,1dcc3d55e725dde0ead860d72052d45e6666dbdaf40629aeeecd3f07d075f86f,2,fedora;ubuntu,Ubuntu ↔ Fedora,2
https://mariadb.org,1efa5d6cb67a0e47cdb7c95b228023df843bf6c6bfe4358d14857d8b9b0ded05,4,arch;debian;fedora;ubuntu,Debian ↔ Fedora;Debian ↔ Arch;Ubuntu ↔ Fedora;Ubuntu ↔ Arch;Fedora ↔ Arch,7
https://github.com/phillipberndt/autorandr,1f13b282038539c106b380dac31f03308b460729201137dbcce4bfc679b3f2bd,3,arch;fedora;ubuntu,Ubuntu ↔ Fedora;Ubuntu ↔ Arch;Fedora ↔ Arch,3
https://www.nlnetlabs.nl/projects/dnssec-trigger,1f1cc3c7e6a6d1291d80cd1cbc88e38f563821aea7bab3751020f4972d5d3aa6,3,debian;fedora;ubuntu,Debian ↔ Fedora;Ubuntu ↔ Fedora,3
https://miniflux.app,1f4498ddc29737f6b7e931625acd2362d8b5a3f9d01393d842f66370367c5e89,3,arch;debian;ubuntu,Debian ↔ Arch;Ubuntu ↔ Arch,3
https://www.rabbitmq.com,1f8ebe9bdced71e3e21e117db92cd07f3d0cb2dd9f2bb205d72d7591b2757c72,2,fedora;ubuntu,Ubuntu ↔ Fedora,2
https://www.freedesktop.org/wiki/Software/udisks,208d9f308cf88d644b7c1e8d80bdd885941251eb242a3b12bb7586e8218ebd52,4,arch;debian;fedora;ubuntu,Debian ↔ Fedora;Debian ↔ Arch;Ubuntu ↔ Fedora;Ubuntu ↔ Arch;Fedora ↔ Arch,4
https://linrunner.de/tlp,20ec74e08a8267bf0f6052146c4b9fa72a5df3c36dcd4acbe0694496176a3fc9,2,fedora;ubuntu,Ubuntu ↔ Fedora,3
https://github.com/libratbag/libratbag,21104cab0af3f6f88b78c724a8057c725888517feab8c467b2af81f8c29437c6,4,arch;debian;fedora;ubuntu,Debian ↔ Fedora;Debian ↔ Arch;Ubuntu ↔ Fedora;Ubuntu ↔ Arch;Fedora ↔ Arch,4
https://github.com/analogdevicesinc/libiio,22029eaa529e6a3689a72ad3cf9d5df2c9cead0df58f86d32fd00769a8cfb104,3,arch;debian;ubuntu,Debian ↔ Arch;Ubuntu ↔ Arch,3
https://github.com/blueman-project/blueman,227ddd99c7c7562919c50b4040514067a1177e90f722d0a9f67e73303ec71de8,4,arch;debian;fedora;ubuntu,Debian ↔ Fedora;Debian ↔ Arch;Ubuntu ↔ Fedora;Ubuntu ↔ Arch;Fedora ↔ Arch,4
https://flatpak.org,22ab6c24237245169210c6cedb57001ab475a1ad63f07fd55dc2fc91f23018ac,4,arch;debian;fedora;ubuntu,Debian ↔ Fedora;Debian ↔ Arch;Ubuntu ↔ Fedora;Ubuntu ↔ Arch;Fedora ↔ Arch,4
https://www.gnu.org/software/inetutils,22db601b9da0941bfa542e030a534412abccc6af4b0de313ed4fb8164f4157bd,3,arch;debian;ubuntu,Debian ↔ Arch;Ubuntu ↔ Arch,5
https://github.com/systemd/zram-generator,22ed2f5082b5e6a8d24f040b2776f8519415dbfbd724adc8bb6e1d76720e2bc6,4,arch;debian;fedora;ubuntu,Debian ↔ Fedora;Debian ↔ Arch;Ubuntu ↔ Fedora;Ubuntu ↔ Arch;Fedora ↔ Arch,4
https://github.com/linux-rdma/opensm,24fbe078001ef5635c2c606b21d77e9ddc588f28e30fed4e3c3aa20bc01035f4,3,debian;fedora;ubuntu,Debian ↔ Fedora;Ubuntu ↔ Fedora,3
https://fastnetmon.com,2524ff5978a7f68e270e13a1e6ca839bfe4bab58be989e6d5b04264505f64f1e,3,debian;fedora;ubuntu,Debian ↔ Fedora;Ubuntu ↔ Fedora,3
https://github.com/toreanderson/clatd,25a04bcb04ae1c596f86efdd50529d6f18c5b1f96da97c5774635ccc1bebcfbf,2,fedora;ubuntu,Ubuntu ↔ Fedora,2
https://github.com/logrotate/logrotate,25a9a6122c7829411b8d0f8a3b5b03e6adf058b4e77deabb0183433398dbaaae,4,arch;debian;fedora;ubuntu,Debian ↔ Fedora;Debian ↔ Arch;Ubuntu ↔ Fedora;Ubuntu ↔ Arch;Fedora ↔ Arch,4
https://www.remlab.net/ndisc6,26eafb8420dea3b247a4a651a6ba884cb37e68131943cb377b3e60d8d41a5e5c,3,arch;debian;ubuntu,Debian ↔ Arch;Ubuntu ↔ Arch,3
https://github.com/42wim/matterbridge,27601afec1ec7c996a1f5225d618fff5947baa5e2e5cd39676eefff96d1a430e,2,arch;fedora,Fedora ↔ Arch,2
https://postgrey.schweikert.ch,2811b48421aea316240ea3a7bfe000617b416258d60397feb983438d74b2acb7,3,arch;fedora;ubuntu,Ubuntu ↔ Fedora;Ubuntu ↔ Arch;Fedora ↔ Arch,3
https://github.com/linux-nvme/nvme-stas,2836f1874bbb77305fa4b910c6f46c313994b309d443da0b4f8b91d69721d66c,2,fedora;ubuntu,Ubuntu ↔ Fedora,2
https://linuxcontainers.org/incus,287b9f1a31f37a8c6b3e35dfee61916fa374484f67f38ebf0df82583c4bdb8f4,4,arch;debian;fedora;ubuntu,Debian ↔ Fedora;Debian ↔ Arch;Ubuntu ↔ Fedora;Ubuntu ↔ Arch;Fedora ↔ Arch,6
https://github.com/authselect/authselect,28e8c9ee2440b8d6e704cb7c2609cea64967ce304063dfd358c98794c5d29fa9,2,fedora;ubuntu,Ubuntu ↔ Fedora,2
https://rsync.samba.org,2adfda06a6dccec6a2b826e4c7e621b7635eb91efc27b55ec6e2921a341c451e,4,arch;debian;fedora;ubuntu,Debian ↔ Fedora;Debian ↔ Arch;Ubuntu ↔ Fedora;Ubuntu ↔ Arch;Fedora ↔ Arch,4
https://mgetty.greenie.net,2c63b07a3edc393b71eee8430c6ba1ad5ce00265e4fd086cd5fd1388b5a45b8a,3,debian;fedora;ubuntu,Debian ↔ Fedora;Ubuntu ↔ Fedora,5
https://github.com/christgau/wsdd,2c8a8163d2c5793414a5bb71f1c73fb8ecb11a6090b74c0ec5a393d61ca48831,3,arch;fedora;ubuntu,Ubuntu ↔ Fedora;Ubuntu ↔ Arch;Fedora ↔ Arch,3
https://www.teeworlds.com,2cd6d7c9d671aef7ccb9aec6cd71e16e971eb487656f67eec44a50987b5ff3e9,3,debian;fedora;ubuntu,Debian ↔ Fedora;Ubuntu ↔ Fedora,3
https://github.com/open-iscsi/rtslib-fb,2ce7bdb51bc610be51e1d7f9cdd896e2e484538d9a2fbb8be03834d4011a3f39,2,fedora;ubuntu,Ubuntu ↔ Fedora,2
https://crossfire.real-time.com,2cee72a39da06644084bbfbe8159f41f7e1992edc2d8dcd09264098ee9be3d60,3,debian;fedora;ubuntu,Debian ↔ Fedora;Ubuntu ↔ Fedora,3
https://github.com/tvrzna/emptty,2d3d1f3f128373a04110143ad5408ccdea6d41bffa1dcbbb1ee75b7a8f6048fa,3,arch;debian;ubuntu,Debian ↔ Arch;Ubuntu ↔ Arch,3
https://github.com/oracle/ktls-utils,2d5750dbcc84a64436a4a78c105fb41578090a09779042ea9fe8ef3e8d6eb56b,3,debian;fedora;ubuntu,Debian ↔ Fedora;Ubuntu ↔ Fedora,3
https://gitlab.freedesktop.org/hadess/low-memory-monitor,2d64458bc6b881a130aba5f7efc0bcf0fac6707b648d9ad3b1ca9c57173f9e2e,3,debian;fedora;ubuntu,Debian ↔ Fedora;Ubuntu ↔ Fedora,3
https://github.com/ckb-next/ckb-next,2d6dcba2602a3a5ba3c640a1b694bfd4d15c3444007ce6b7453d195f9aff5f93,4,arch;debian;fedora;ubuntu,Debian ↔ Fedora;Debian ↔ Arch;Ubuntu ↔ Fedora;Ubuntu ↔ Arch;Fedora ↔ Arch,4
https://github.com/rpm-software-management/dnf-plugins-core,2d921be858f2ce9391a160260748b61ceb3f895f759a72b23ce15c0773f7c373,2,fedora;ubuntu,Ubuntu ↔ Fedora,2
https://zeroc.com,2d99967e66c80a57e8c6a3440b7625353b3b01d6a9ba6c9bd71bd0307b7ff193,3,arch;debian;ubuntu,Debian ↔ Arch;Ubuntu ↔ Arch,5
https://www.powerdns.com,2e0f4c6f61f399802fcf0857e55dbb02fc111dbbbd330e327c7a0af1a7a93396,3,arch;debian;ubuntu,Debian ↔ Arch;Ubuntu ↔ Arch,8
https://launchpad.net/ufw,2e1238969db13ababcfc71569580570942ec2fffef902353c502f213d8939de9,3,arch;fedora;ubuntu,Ubuntu ↔ Fedora;Ubuntu ↔ Arch;Fedora ↔ Arch,3
https://github.com/DNSCrypt/dnscrypt-proxy,2e2a4b423e8a94e65ad4fde2dcfdec3d53140485306dc9fc0e01b7abf32c09b3,3,arch;debian;ubuntu,Debian ↔ Arch;Ubuntu ↔ Arch,3
https://ee.lbl.gov,2eae9ed1dc9988b8fc145ad2304b7597b302abeba42a3c737f05fa50d907a11a,4,arch;debian;fedora;ubuntu,Debian ↔ Fedora;Debian ↔ Arch;Ubuntu ↔ Fedora;Ubuntu ↔ Arch;Fedora ↔ Arch,4
https://www.alsa-project.org,307f12241b161f8b5a653ee2a477cceb7f72daad64f4bd4bc194fbc402a2552f,4,arch;debian;fedora;ubuntu,Debian ↔ Fedora;Debian ↔ Arch;Ubuntu ↔ Fedora;Ubuntu ↔ Arch;Fedora ↔ Arch,5
https://pagure.io/oddjob,3116722f0d7833628d5252eef90bffc65270a373dab9ea600452609ee324ec1f,3,debian;fedora;ubuntu,Debian ↔ Fedora;Ubuntu ↔ Fedora,3
https://github.com/dani-garcia/vaultwarden,319ff38745566d287b29dad3bad8e3e42d3faaed7f247ba1ce2397f67341287b,2,arch;fedora,Fedora ↔ Arch,2
https://roy.marples.name/projects/dhcpcd,32f8e1643d0fc1bf0e4df78c38af04caef6f2ccaeb92e152bb49d6a1227a536f,2,arch;fedora,Fedora ↔ Arch,2
https://chrony-project.org,333ee02c104513df207cccf1f2bfc13a7098a7f6651477b2dd3505c8d044b1cf,4,arch;debian;fedora;ubuntu,Debian ↔ Fedora;Debian ↔ Arch;Ubuntu ↔ Fedora;Ubuntu ↔ Arch;Fedora ↔ Arch,4
https://janus.conf.meetecho.com,33a5413cb7a1a13ed1636b1b717de66785d0c60bbd9c106f5dd76bfd8d6ac295,2,fedora;ubuntu,Ubuntu ↔ Fedora,2
https://github.com/ClusterLabs/fence-agents,3437464de90c2507bf6c31599ad213fdcb1bdc3b783b4adf9955d94399db3403,3,debian;fedora;ubuntu,Debian ↔ Fedora;Ubuntu ↔ Fedora,3
https://italiangrid.github.io/voms,34572a872706f1fe1ab8b1b7f74f1db94a6ab05fb7b7959477bc81214eb28e7e,3,debian;fedora;ubuntu,Debian ↔ Fedora;Ubuntu ↔ Fedora,3
https://www.privoxy.org,34ebbec538ed2ff5ec766cbe299e71db75f052ec455ee73a87caa00a53e3e1de,4,arch;debian;fedora;ubuntu,Debian ↔ Fedora;Debian ↔ Arch;Ubuntu ↔ Fedora;Ubuntu ↔ Arch;Fedora ↔ Arch,4
https://www.sshguard.net,35aa36af18d5ce74d4446f84543d2b2812afd24a0bd365bba83d48a5a685faec,2,arch;fedora,Fedora ↔ Arch,2
https://radsecproxy.github.io,35c2c34bd469d735adf3b6be1f34d29100f9c8fdbe28811cd0a97ab07451301a,3,debian;fedora;ubuntu,Debian ↔ Fedora;Ubuntu ↔ Fedora,3
https://mopidy.com,36468863d74eb5899cc2a72dc6c768ff4cee9b2ab8dbb0b5e07cd2cfe09d010d,2,fedora;ubuntu,Ubuntu ↔ Fedora,2
https://www.bluez.org,373a7b6c2406e1e3b8d29212f37d947b9215ce8fb28fb349bec58e36affe546a,4,arch;debian;fedora;ubuntu,Debian ↔ Fedora;Debian ↔ Arch;Ubuntu ↔ Fedora;Ubuntu ↔ Arch;Fedora ↔ Arch,8
https://libvirt.org,37d60e22c2d0e214e2ccf9fad2d69b73b948434b1458d6b0a9da85eef5e823fa,4,arch;debian;fedora;ubuntu,Debian ↔ Fedora;Debian ↔ Arch;Ubuntu ↔ Fedora;Ubuntu ↔ Arch;Fedora ↔ Arch,21
https://github.com/nfs-ganesha/nfs-ganesha,38296aa0beb6ddf6e78ace336dcf0943babe5b27becac1f65ee319a4c95abf32,3,debian;fedora;ubuntu,Debian ↔ Fedora;Ubuntu ↔ Fedora,3
https://www.wesnoth.org,387c1f23817520e5fdbc4bce3c2a35239bed2d0088ad3242861e6e049c0ffcea,4,arch;debian;fedora;ubuntu,Debian ↔ Fedora;Debian ↔ Arch;Ubuntu ↔ Fedora;Ubuntu ↔ Arch;Fedora ↔ Arch,4
https://www.nlnetlabs.nl/nsd,39386a8366456e06d459b301fabd90110fb084e279b0601422512d7031b6e86f,2,arch;fedora,Fedora ↔ Arch,2
https://usbguard.github.io,396fd7dd9044ee040c888cbbca7123265020a8a21b1e8a829bbf13ee5c868501,3,debian;fedora;ubuntu,Debian ↔ Fedora;Ubuntu ↔ Fedora,4
https://www.rutschle.net/tech/sslh/README.html,39d31db2157b8c842c72b763242c45b9bc26aac9207abbb2dcbfe24a6ffe224b,3,arch;debian;ubuntu,Debian ↔ Arch;Ubuntu ↔ Arch,3
https://github.com/graphite-project/carbon,3a019049939f99e0b1bd99b91155361600d0d1a3b96065abf92fe890e87269aa,2,fedora;ubuntu,Ubuntu ↔ Fedora,2
https://networkupstools.org,3a3c0b0d7d7be3847b211fbb1dc4a2d255ae374241b1aa36097984c669d6640f,3,arch;debian;ubuntu,Debian ↔ Arch;Ubuntu ↔ Arch,5
https://gitlab.freedesktop.org/pwithnall/malcontent,3a3e5011d0cc8050404074c80c8a72c898cdec668b8d81155545d9c9cc8c37ca,3,arch;fedora;ubuntu,Ubuntu ↔ Fedora;Ubuntu ↔ Arch;Fedora ↔ Arch,3
https://github.com/oliver006/redis_exporter,3bb10e95d0ac52282450f4c2aa3947e7f0844cbd2f2ae129675ba59fb957d1dc,3,arch;debian;ubuntu,Debian ↔ Arch;Ubuntu ↔ Arch,3
https://www.gnu.org/software/grub,3bd54332f97922a3765fe568f84f4333336ec94b7df8b2dd3029e9296f356e20,3,debian;fedora;ubuntu,Debian ↔ Fedora;Ubuntu ↔ Fedora,3
https://www.opensmtpd.org,3bff470746f425a6c8fa82bb3e6b5aa3b14284dcedc2ec4a48a64949f092ecc2,4,arch;debian;fedora;ubuntu,Debian ↔ Fedora;Debian ↔ Arch;Ubuntu ↔ Fedora;Ubuntu ↔ Arch;Fedora ↔ Arch,4
https://github.com/open-iscsi/tcmu-runner,3ca1eca392da09c7b43d5e9b6c95fe0771e770431df801bf53200958c337c182,3,debian;fedora;ubuntu,Debian ↔ Fedora;Ubuntu ↔ Fedora,3
https://boinc.berkeley.edu,3cb08af7ceedbf577116d1dcd8f41e1de81cccf7296f5bf055d6e19c507c6f28,4,arch;debian;fedora;ubuntu,Debian ↔ Fedora;Debian ↔ Arch;Ubuntu ↔ Fedora;Ubuntu ↔ Arch;Fedora ↔ Arch,5
https://github.com/schollz/croc,3d1b87d802373e08f5ee72a4847db74a59eeec0bd60b0b0c191bf8de22309d58,2,arch;fedora,Fedora ↔ Arch,2
https://www.erlang.org,3d7b8cb50e73496596b26a09261680132a0eae7d577316a9e085ffcb86021028,3,debian;fedora;ubuntu,Debian ↔ Fedora;Ubuntu ↔ Fedora,3
https://github.com/Irqbalance/irqbalance,3df2a3289a8eb8ee6639807a138c9d241de2f529f2ab804dd6af37cd1e8e9292,3,debian;fedora;ubuntu,Debian ↔ Fedora;Ubuntu ↔ Fedora,3
https://github.com/systemd/systemd-bootchart,3df36cd57bcf2627bd94b2ffdbf7f57752e7f171851382cce24d7c7ec0115347,4,arch;debian;fedora;ubuntu,Debian ↔ Fedora;Debian ↔ Arch;Ubuntu ↔ Fedora;Ubuntu ↔ Arch;Fedora ↔ Arch,4
https://github.com/pothosware/SoapyRemote,3e535e889a6ecfad4cffbf34f13ac54285b6d15aaec36f51a5d99af82ff4b362,3,arch;debian;ubuntu,Debian ↔ Arch;Ubuntu ↔ Arch,3
https://github.com/Exa-Networks/exabgp,3f345a9de76f4816ac3505ed968c8ba3f6bc33ced854d38f930c381ff5501766,2,fedora;ubuntu,Ubuntu ↔ Fedora,2
https://www.monitorix.org,3f573650ad95453052c67b7528b7e1223ee79c7c14c9e51131b2bd38aa2c98ad,2,fedora;ubuntu,Ubuntu ↔ Fedora,2
https://github.com/rpodgorny/uptimed,3fc8d4e21f4d2659fea8582bb8616dda6d5f0a0e11ad8f7d54ac6620ff036638,4,arch;debian;fedora;ubuntu,Debian ↔ Fedora;Debian ↔ Arch;Ubuntu ↔ Fedora;Ubuntu ↔ Arch;Fedora ↔ Arch,4
https://linux-nfs.org,4129a313e3ee7662b4d05e5ebeae45f4196d53f8ff4846457b79133408d78272,3,debian;fedora;ubuntu,Debian ↔ Fedora;Ubuntu ↔ Fedora,7
https://www.proftpd.org,4389d84f4bdf1e91f047ae6ce49268d986b2e02db1d7263a095322016539217e,3,debian;fedora;ubuntu,Debian ↔ Fedora;Ubuntu ↔ Fedora,3
https://github.com/ksmtuned/ksmtuned,43fdb77045ed52b1f4bb8b47a768c74a305f9a65db32c31d171f2ec855d7ed37,3,debian;fedora;ubuntu,Debian ↔ Fedora;Ubuntu ↔ Fedora,3
https://www.spice-space.org,44536060dfa50d6e0534564d9ba6b3d4ffbd081ed2712292445f6d88018e4b66,3,arch;debian;ubuntu,Debian ↔ Arch;Ubuntu ↔ Arch,3
https://security.appspot.com/vsftpd.html,445b36df4a91c6d0eccb95c125982487660e919d88db9b3617abe215633813a3,2,arch;fedora,Fedora ↔ Arch,2
https://i2pd.website,448d81018db365a51a4421fc7163ff37ee04c774ac52bc466a12c0539095c9b0,3,arch;debian;ubuntu,Debian ↔ Arch;Ubuntu ↔ Arch,3
https://github.com/rhboot/pesign,449bbe90747c9d558b466b07167e608d47be410cedb699ea0a1de91ce16cc1d8,2,arch;fedora,Fedora ↔ Arch,2
https://tomcat.apache.org,44e7a2ff7ae023cb5fc36807853e0f337312bc41bfa6b8bc53e6e4b989987630,3,arch;fedora;ubuntu,Ubuntu ↔ Fedora;Ubuntu ↔ Arch;Fedora ↔ Arch,5
https://openprinting.github.io/cups,4512eb34d3d0c39dbd89e9ea36d1fadd5fd7a1527ce481b016685eeadb2d419d,2,arch;fedora,Fedora ↔ Arch,3
https://github.com/OpenMandrivaSoftware/ossp,455ef4025a7f59c3e5d421810b780d350deeff718e6977578f08d1806cc4f464,3,arch;debian;ubuntu,Debian ↔ Arch;Ubuntu ↔ Arch,3
https://github.com/pymumu/smartdns,46b6663362464efb193eed0ca3e559ef4a7804f5dd494fc66ba9dc6f55dc2224,3,arch;debian;ubuntu,Debian ↔ Arch;Ubuntu ↔ Arch,3
https://github.com/czerwonk/bird_exporter,471723e91af6a0da165025f052c4682cc4fd55a1130cb8ef55d971b1b6ca252d,3,arch;debian;ubuntu,Debian ↔ Arch;Ubuntu ↔ Arch,3
https://www.ntpsec.org,4728f3240f5fd9398aba417ac9c0fdb3bf12b69d0b3692722a1dffd1d35a2d3e,3,debian;fedora;ubuntu,Debian ↔ Fedora;Ubuntu ↔ Fedora,5
https://arthurdejong.org/nss-pam-ldapd,48777680676b424f0de73e672437a737734bebd241688c3ac154e0bdfee87541,4,arch;debian;fedora;ubuntu,Debian ↔ Fedora;Debian ↔ Arch;Ubuntu ↔ Fedora;Ubuntu ↔ Arch;Fedora ↔ Arch,5
https://www.musicpd.org,495f3fda8d526ef989c5430aef9a0c89390f416ec7ce2ceb40cf92b2035b41f1,4,arch;debian;fedora;ubuntu,Debian ↔ Fedora;Debian ↔ Arch;Ubuntu ↔ Fedora;Ubuntu ↔ Arch;Fedora ↔ Arch,4
https://github.com/polkit-org/polkit,4973fa2bf044bb1673f9d587538e14f4392b44566368e7f7c042b7c0edf6a3b5,4,arch;debian;fedora;ubuntu,Debian ↔ Fedora;Debian ↔ Arch;Ubuntu ↔ Fedora;Ubuntu ↔ Arch;Fedora ↔ Arch,4
https://munin-monitoring.org,4997df95816c6c7bbd38e58d544dd5eb93a349684d4d62a38dd11aa232d36417,3,arch;fedora;ubuntu,Ubuntu ↔ Fedora;Ubuntu ↔ Arch;Fedora ↔ Arch,7
https://github.com/kmscon/kmscon,4a6b032e4487d60e1a547bb86bdbac64cade580990996c1ee13702ed8c390a6a,3,arch;fedora;ubuntu,Ubuntu ↔ Fedora;Ubuntu ↔ Arch;Fedora ↔ Arch,3
https://github.com/JoseExposito/touchegg,4a787aed178cdc7fdd4bf2e3ec45cf53995727ceff5ff8dbc831c00519183d86,2,arch;fedora,Fedora ↔ Arch,2
https://github.com/samcday/phrog,4b0599aad52b8ab598b086bcead10516c1671173e9ff34b5ce8ccd7f46433251,3,debian;fedora;ubuntu,Debian ↔ Fedora;Ubuntu ↔ Fedora,3
https://github.com/linux-rdma/rdma-core,4ba01ab616dd1c3fa3d39ff7cc2173d71a47362a5425f06a7be7d426282c0102,4,arch;debian;fedora;ubuntu,Debian ↔ Fedora;Debian ↔ Arch;Ubuntu ↔ Fedora;Ubuntu ↔ Arch;Fedora ↔ Arch,11
https://code.forgejo.org/forgejo/runner,4beaefdcdffedadb98f900c8e22c01b9cf3339a7aa03c6fefac28697fab561d5,2,arch;fedora,Fedora ↔ Arch,2
https://github.com/ClusterLabs/booth,4bf3ec8e0f4d81edfd2f326130d2eed8f084cb612d3f892a5f9390522ddc207e,3,debian;fedora;ubuntu,Debian ↔ Fedora;Ubuntu ↔ Fedora,3
https://www.freedesktop.org/software/PackageKit,4c87e71418b935076b9ea33e33de0b7f75e15bcb711ade838595ff2c601e3fde,4,arch;debian;fedora;ubuntu,Debian ↔ Fedora;Debian ↔ Arch;Ubuntu ↔ Fedora;Ubuntu ↔ Arch;Fedora ↔ Arch,4
https://github.com/corosync/corosync-qdevice,4d9c776578fa981a72ccaf281273ee7af6515ab3441d708a6051cf9680caffdc,3,debian;fedora;ubuntu,Debian ↔ Fedora;Ubuntu ↔ Fedora,6
https://bird.network.cz,51032488ae96f85806b979ea5dfd8a9d46711ed7fcfd53cfcda8589a16a9df99,3,arch;debian;ubuntu,Debian ↔ Arch;Ubuntu ↔ Arch,5
https://gitlab.freedesktop.org/bolt/bolt,5203756a496f64364181cb99fbac2534242b4f6aad68da78c2fc41866880d10b,4,arch;debian;fedora;ubuntu,Debian ↔ Fedora;Debian ↔ Arch;Ubuntu ↔ Fedora;Ubuntu ↔ Arch;Fedora ↔ Arch,4
https://www.sane-project.org,52475e533c00e961d9a57d9117692d20a3e0c87f0654574c4422dccb1a34fc0c,3,debian;fedora;ubuntu,Debian ↔ Fedora;Ubuntu ↔ Fedora,3
https://trousers.sourceforge.net,52484005f7ff61b9b554b748087297eb762e1757c7add26658226574535ef131,3,debian;fedora;ubuntu,Debian ↔ Fedora;Ubuntu ↔ Fedora,3
https://github.com/OpenPrinting/system-config-printer,52b09faa0cbe2d2d33e23d3482d33dbc281df9ca7e061f3e2fe56a62393d5187,4,arch;debian;fedora;ubuntu,Debian ↔ Fedora;Debian ↔ Arch;Ubuntu ↔ Fedora;Ubuntu ↔ Arch;Fedora ↔ Arch,4
https://sqlgrey.sourceforge.net,5356adedb456961938547104978bcb58d40247eb385eb8142b5397a989489c0a,2,fedora;ubuntu,Ubuntu ↔ Fedora,2
https://github.com/evilsocket/opensnitch,53f75daea631aa0853899bcf304db1f37f406ea8346fbd29998d911f7813291e,3,arch;debian;ubuntu,Debian ↔ Arch;Ubuntu ↔ Arch,3
https://humdi.net/vnstat,553abb31b5f3e8ece9538de080bfb893a427647800975a73e957979399552a4a,4,arch;debian;fedora;ubuntu,Debian ↔ Fedora;Debian ↔ Arch;Ubuntu ↔ Fedora;Ubuntu ↔ Arch;Fedora ↔ Arch,4
https://www.openbgpd.org,55a8ebda0536552f7e8d6ce2ebfd9b14575256ef08a28f20e145c4ee4f0eabde,3,debian;fedora;ubuntu,Debian ↔ Fedora;Ubuntu ↔ Fedora,3
https://gitlab.com/interception/linux/tools,56489cd2a7aa22b4407ed7a0bc2b0fa80e8a0e84833a0b753df9240a78fe3e28,3,arch;debian;ubuntu,Debian ↔ Arch;Ubuntu ↔ Arch,3
https://www.transmissionbt.com,5667b07f0fdc56d428cb34cc44be10ed420b0d8ab58eef4c51dea383e0790481,2,arch;fedora,Fedora ↔ Arch,2
https://github.com/SSSD/sssd,5833f8d8f5ae3d69eae24aba3b6d255d49782bf79b449dca99c55dc5647434ef,4,arch;debian;fedora;ubuntu,Debian ↔ Fedora;Debian ↔ Arch;Ubuntu ↔ Fedora;Ubuntu ↔ Arch;Fedora ↔ Arch,12
https://www.partimage.org,58960a56f6ddc2844bbf02df4fedfb799a3a9c99803024a3ec457c67887c708f,3,arch;debian;ubuntu,Debian ↔ Arch;Ubuntu ↔ Arch,3
https://www.tvdr.de,58d6affe8861df10eabd8511e7efc8a3e5ddfaecb86518c00244c77affbff5ec,3,debian;fedora;ubuntu,Debian ↔ Fedora;Ubuntu ↔ Fedora,3
https://github.com/prometheus/alertmanager,58ebd66a3bf86e5859d0ca9f9cf3b6f291339909a793f059cd71090aa596ece5,4,arch;debian;fedora;ubuntu,Debian ↔ Fedora;Debian ↔ Arch;Ubuntu ↔ Fedora;Ubuntu ↔ Arch;Fedora ↔ Arch,5
https://github.com/FoobarOy/foomuuri,5a39440d0f0e877c2cb5c650684365afa51e84607b279b447da3dc0f2045fe36,2,fedora;ubuntu,Ubuntu ↔ Fedora,3
https://www.anope.org,5a66656cccdb1bd87e354438055b1b2ec8457e742f6234fb6dd8881c096dd604,3,debian;fedora;ubuntu,Debian ↔ Fedora;Ubuntu ↔ Fedora,3
https://github.com/slackhq/nebula,5af40c42ad06999ec4266215243db01d92b86966ba5e4b15898d0e83ed020e56,4,arch;debian;fedora;ubuntu,Debian ↔ Fedora;Debian ↔ Arch;Ubuntu ↔ Fedora;Ubuntu ↔ Arch;Fedora ↔ Arch,4
https://forgejo.org,5e06d719fdce69b17563d6ea074ccf273f994fe9f9586acdf9e179f5fd60e6f9,2,arch;fedora,Fedora ↔ Arch,2
https://htcondor.org,5e33152352399059d24f9b79a1759aa4e0d6ea4aa7007bf8e2b2976697f5929b,3,debian;fedora;ubuntu,Debian ↔ Fedora;Ubuntu ↔ Fedora,6
https://iwd.wiki.kernel.org,5e6397e4e80408909ae880b1ba75632d8449100f7eefb9bbdea79cd728d22a3d,3,debian;fedora;ubuntu,Debian ↔ Fedora;Ubuntu ↔ Fedora,4
https://hackage.haskell.org/package/kmonad,5ec1970f2d68cbb232ea5915d9c3725d7f96d6bfe9eba7a3f92c4d175aeccbb7,2,arch;fedora,Fedora ↔ Arch,2
https://httpd.apache.org,5f25758c878a3e298e17f93e06927253440c55b7d211582429b26853c8ed6a59,3,debian;fedora;ubuntu,Debian ↔ Fedora;Ubuntu ↔ Fedora,4
https://github.com/etcd-io/etcd,60743ccca7ca3e42cc6328af904d49adc5e152e17562feaba0569b7c5571904f,2,arch;fedora,Fedora ↔ Arch,2
https://pcp.io,608b20e9d9276cc85f5012845273ef7e14d31e27c78f43c3f9ebba45089a564c,4,arch;debian;fedora;ubuntu,Debian ↔ Fedora;Debian ↔ Arch;Ubuntu ↔ Fedora;Ubuntu ↔ Arch;Fedora ↔ Arch,8
https://w1.fi/hostapd,616c53bee3fc3efef3af4e81866fd67154beb78feab593553d9634c56ca19080,2,arch;fedora,Fedora ↔ Arch,2
https://www.freedesktop.org/wiki/Software/AccountsService,6171d5f5a7d84d9cc61e77e29d782f73c9809b3ca3c4c22b6be916034a62d5e9,3,debian;fedora;ubuntu,Debian ↔ Fedora;Ubuntu ↔ Fedora,3
https://github.com/Snawoot/postfix-mta-sts-resolver,6204820ae05aa6e76faa053d0c38773afe5ae4d567e736989395486d680c2024,2,fedora;ubuntu,Ubuntu ↔ Fedora,2
https://www.rsyslog.com,6224fb74d6c8dc46cd35af2171f527a996ccda0b969a2249331f9c992e01ac4f,3,debian;fedora;ubuntu,Debian ↔ Fedora;Ubuntu ↔ Fedora,3
https://github.com/adnanh/webhook,626113800cc3d1e4be59e7d7e5090a1950abcf89ed0d3abe73d8864d3986f0b0,3,arch;debian;ubuntu,Debian ↔ Arch;Ubuntu ↔ Arch,3
https://www.freeradius.org,629729ef916e35896266452e7f3bef1ff8b7bc8ab31bfdcb9b54f188d35104d6,3,debian;fedora;ubuntu,Debian ↔ Fedora;Ubuntu ↔ Fedora,3
https://www.pps.univ-paris-diderot.fr/~jch/software/babel,632c5bef666aa660ff3c26246a1647637dd83620a6e64732d9e06aafea5b9569,3,debian;fedora;ubuntu,Debian ↔ Fedora;Ubuntu ↔ Fedora,3
https://www.cipherdyne.org/psad,6361286ecae0220829549ed12c21dd12bb4cb2a06594441f11a746ff1f96e1ce,3,debian;fedora;ubuntu,Debian ↔ Fedora;Ubuntu ↔ Fedora,3
https://brltty.app,63ea0f9f5654c8d041cf596b49be77a71606bb0be7dcfa440ea922dd162cb35e,2,arch;fedora,Fedora ↔ Arch,2
https://sourceforge.net/projects/minidlna,6421e870293710b25c1f321f367d8ac66a958b6bd7b2624a27ce3daec08874de,4,arch;debian;fedora;ubuntu,Debian ↔ Fedora;Debian ↔ Arch;Ubuntu ↔ Fedora;Ubuntu ↔ Arch;Fedora ↔ Arch,4
https://conntrack-tools.netfilter.org,6436e23b22f4c24b2ba368bdec60c3e234ca3626a7bd909884055ac242956dcc,3,debian;fedora;ubuntu,Debian ↔ Fedora;Ubuntu ↔ Fedora,3
https://avahi.org,64ba3ccc85b21198d68d8dd2dae42ad4eb16e8b7e40f5b94a87528ddd09fec0f,3,debian;fedora;ubuntu,Debian ↔ Fedora;Ubuntu ↔ Fedora,6
https://slurm.schedmd.com,64bd16d3fca34e368634cf5b65a7cdc3444defea724507c77d6e9126be6131a2,3,debian;fedora;ubuntu,Debian ↔ Fedora;Ubuntu ↔ Fedora,14
https://launchpad.net/spf-engine,65c717117d99df7f869d81b455eb885374bb207ddb4f9f63c9c6e1d57e9f7447,2,fedora;ubuntu,Ubuntu ↔ Fedora,2
https://spamassassin.apache.org,66ca4263f825eac6b8c73ed6892430d57badb9a410fe9682113329c77597ab41,2,arch;fedora,Fedora ↔ Arch,2
https://github.com/linux-msm/qbootctl,672a4e0ab7f5f0a8d8dde4d92506758abd9b293ffaaffa3eff0e7fdb27375001,3,debian;fedora;ubuntu,Debian ↔ Fedora;Ubuntu ↔ Fedora,3
https://www.asterisk.org,673a7badd15ef05a04f161d2d2f1baaa8737a87e2552d5b9f3b38b9b864d6043,2,fedora;ubuntu,Ubuntu ↔ Fedora,3
https://www.qemu.org,676363fb867af98dec1bd23875f2d599b3ea0b3d4ab2daa60513bb92ac55a916,4,arch;debian;fedora;ubuntu,Debian ↔ Fedora;Debian ↔ Arch;Ubuntu ↔ Fedora;Ubuntu ↔ Arch;Fedora ↔ Arch,12
https://www.freedesktop.org/wiki/Software/ModemManager,67df8e190020d8fc44a19952ba1434a64adeab1e8567141ec9ebaf992cd4791a,3,arch;debian;ubuntu,Debian ↔ Arch;Ubuntu ↔ Arch,3
https://github.com/ErikReider/SwayOSD,683cf70f2022ccf767331d3a57185812c4632b06bad2f5030cf9029fff22dcc4,3,arch;debian;ubuntu,Debian ↔ Arch;Ubuntu ↔ Arch,3
https://www.php.net,6931ce91c916901ca171b2d07ee82baff83b4ebb0bdea9e57ffcfeef8cf3c486,4,arch;debian;fedora;ubuntu,Debian ↔ Fedora;Debian ↔ Arch;Ubuntu ↔ Fedora;Ubuntu ↔ Arch;Fedora ↔ Arch,6
https://apps.gnome.org/Sysprof,69a251fa7d1d8952d9fa324c77b49b8f152139975ab9f751d3a5cef7767d8c65,3,arch;debian;ubuntu,Debian ↔ Arch;Ubuntu ↔ Arch,3
https://gdnsd.org,69ec286dba95975b137db557f61005742b10624b407846cf549543f6e4219b2b,3,arch;debian;ubuntu,Debian ↔ Arch;Ubuntu ↔ Arch,3
https://certbot.eff.org,69ef46e24b777ecc4ee5106fbf042a86037ad0a75b2e4da5a4543e95b6ac37e6,2,arch;ubuntu,Ubuntu ↔ Arch,2
https://www.clusterlabs.org,6bfa97bd95c507a2ae8dfe1f774927e52af43eea8b279f25404193254c888ebe,3,debian;fedora;ubuntu,Debian ↔ Fedora;Ubuntu ↔ Fedora,7
https://openvswitch.org,6d3e709c9e703702995fe76fdfb94c7b4e01806c98b3011b76f36e58e04ae6a0,3,arch;debian;ubuntu,Debian ↔ Arch;Ubuntu ↔ Arch,15
https://github.com/kdave/btrfsmaintenance,6e3e3099999b1a588cfe9fd535e16e53f1a0a46f759a20e85a724cab690ec542,3,arch;fedora;ubuntu,Ubuntu ↔ Fedora;Ubuntu ↔ Arch;Fedora ↔ Arch,3
https://www.musicpd.org/clients/mpdscribble,6f33baed20d4da9b1f69da9a9a3629333d6355ff9632dbf8f9603db9543a4f40,4,arch;debian;fedora;ubuntu,Debian ↔ Fedora;Debian ↔ Arch;Ubuntu ↔ Fedora;Ubuntu ↔ Arch;Fedora ↔ Arch,4
https://github.com/linuxdeepin/deepin-system-monitor,6f3899c06d0e11786bf44f0977ef6a64c479cd80fbb442fc07049d388148ecc1,2,arch;fedora,Fedora ↔ Arch,2
https://www.knot-dns.cz,6f4f648058d81352c2f66a8e49fba9ad6722b1e1179ecab8db288e65b9ee6e94,4,arch;debian;fedora;ubuntu,Debian ↔ Fedora;Debian ↔ Arch;Ubuntu ↔ Fedora;Ubuntu ↔ Arch;Fedora ↔ Arch,4
https://bpfilter.io,705f6828bff082b3d8d72dc86b255b189eaf2282ed05f7161e4763f0be369941,2,fedora;ubuntu,Ubuntu ↔ Fedora,2
https://fusioninventory.org,7124f8ba28b49838672c043b450250b8e674e65bd58dbed2f7dd70f1c17a32b4,2,fedora;ubuntu,Ubuntu ↔ Fedora,2
https://github.com/zapping-vbi/zvbi,714746c4108693ff6bb287e77712b1fffa6a16fa105650d03ec25e28b80b5f7a,3,debian;fedora;ubuntu,Debian ↔ Fedora;Ubuntu ↔ Fedora,3
https://www.pgbouncer.org,71cdc9e4b84e13d310d4bf3d400058ed5c5fa3f0d6e268014f017e7fe486e1fa,4,arch;debian;fedora;ubuntu,Debian ↔ Fedora;Debian ↔ Arch;Ubuntu ↔ Fedora;Ubuntu ↔ Arch;Fedora ↔ Arch,4
https://github.com/COVESA/dlt-daemon,724f76c9126257136872fcea61f630fca17997067fb73aec522a7c129ed79239,3,debian;fedora;ubuntu,Debian ↔ Fedora;Ubuntu ↔ Fedora,7
https://github.com/prometheus-community/elasticsearch_exporter,73187b5fa8da574e84754017bb0f1ff12bea83262c4abc1c57d8b7c66e032783,3,arch;debian;ubuntu,Debian ↔ Arch;Ubuntu ↔ Arch,3
https://e2fsprogs.sourceforge.net,73f6d2326f65832bed222a23a380fdbce494f601d56a927ca8fcf35a2535efa8,4,arch;debian;fedora;ubuntu,Debian ↔ Fedora;Debian ↔ Arch;Ubuntu ↔ Fedora;Ubuntu ↔ Arch;Fedora ↔ Arch,4
https://www.apcupsd.org,744efe0a6db59b9c891d2f3cc7d398d013505f5a72c37b8c9d3bfee78e7ea73a,3,arch;debian;ubuntu,Debian ↔ Arch;Ubuntu ↔ Arch,3
https://ceph.com,75184a6eb808dfb77d10b27a1227eb1db6b84841560ddc6fa91bdb9c7660376b,3,debian;fedora;ubuntu,Debian ↔ Fedora;Ubuntu ↔ Fedora,36
https://github.com/cri-o/cri-o,75267bc326ec0f9702810bd5a415ecc1fb251469d4f89fd67732dbfd2f6654e3,2,arch;fedora,Fedora ↔ Arch,6
https://subversion.apache.org,762311ac8ccc51bfa10c2f8e791cd8b8083f2622a1d1c8e395ae3928249ce144,2,arch;fedora,Fedora ↔ Arch,2
https://github.com/prometheus/mysqld_exporter,7722f6c6eea65ee5823c8224b9171b4db62fe46689d3cc96be88df7c9a6e04aa,3,arch;debian;ubuntu,Debian ↔ Arch;Ubuntu ↔ Arch,3
https://github.com/pop-os/cosmic-greeter,77a2a6f8d9366b3a2b9028f4be0f7997e958ca47b564f502dfe23c18f08059df,2,arch;fedora,Fedora ↔ Arch,2
https://github.com/wb2osz/direwolf,77c8aae1c7773ac6ad310dca488f2e71ba63abd9a0a5673a2aeaaac11d19196a,3,debian;fedora;ubuntu,Debian ↔ Fedora;Ubuntu ↔ Fedora,3
https://github.com/Zygo/bees,7946c3256dfe0a3a656996ada7052444e91489c1102ca53103857f71772896db,2,arch;fedora,Fedora ↔ Arch,2
https://www.ocsinventory-ng.org,79598729034c6ccde63e264c4b6f9987370d9b2498cca9f9247d8f4edfb2aa23,3,debian;fedora;ubuntu,Debian ↔ Fedora;Ubuntu ↔ Fedora,3
https://www.openldap.org,797fd16469c7aea1e17eed6e4b6f4633516f2809f945f8462cd6618b14b4a895,4,arch;debian;fedora;ubuntu,Debian ↔ Fedora;Debian ↔ Arch;Ubuntu ↔ Fedora;Ubuntu ↔ Arch;Fedora ↔ Arch,4
https://sourceforge.net/projects/linuxquota,79921b524c6600f2e2414205b1d983a6fbbd61d8978bdad07896a80f9912a9b7,3,debian;fedora;ubuntu,Debian ↔ Fedora;Ubuntu ↔ Fedora,4
https://www.conserver.com,7a28fbc7e9348f38c6eb041f10cedfeca9117c58ad6a20b98b879b1411fe0c38,3,debian;fedora;ubuntu,Debian ↔ Fedora;Ubuntu ↔ Fedora,3
https://github.com/cdown/zcfan,7a3a8fbe24fa78a8b93fc3eeebc323c3cbe51c85d47c59395a7ee2165a862816,3,debian;fedora;ubuntu,Debian ↔ Fedora;Ubuntu ↔ Fedora,3
https://xfs.wiki.kernel.org,7a60497368279d2f2ea89b42b79223ccf2e420f5f40289780e650363c09ccaaa,4,arch;debian;fedora;ubuntu,Debian ↔ Fedora;Debian ↔ Arch;Ubuntu ↔ Fedora;Ubuntu ↔ Arch;Fedora ↔ Arch,5
https://github.com/SuperQ/smokeping_prober,7add9f050789f3915f25f52eb6ec68cc53b546c4495ac60e95e843003a706d40,3,arch;debian;ubuntu,Debian ↔ Arch;Ubuntu ↔ Arch,3
https://www.knot-resolver.cz,7b7bdd0fae42254d7bed047d285d5f7acd2946a8825bd541b24fea450ee15c54,4,arch;debian;fedora;ubuntu,Debian ↔ Fedora;Debian ↔ Arch;Ubuntu ↔ Fedora;Ubuntu ↔ Arch;Fedora ↔ Arch,4
https://www.xpra.org,7d981d0ab1c4dd092a118b1ddf817e31d65d89293845b510c3bf38b3575b6efe,2,arch;fedora,Fedora ↔ Arch,2
https://sourceware.org/lvm2,7de8a5aab993e7d5ed17b6e9453a9b1e026e7875e2f17d6ea44b89772e39e1d1,4,arch;debian;fedora;ubuntu,Debian ↔ Fedora;Debian ↔ Arch;Ubuntu ↔ Fedora;Ubuntu ↔ Arch;Fedora ↔ Arch,12
https://github.com/adrienverge/openfortivpn,7e436a4fba7c355244ea5549a181fb73c7a4d72f099a541d7da18a16b006f0b6,2,arch;fedora,Fedora ↔ Arch,2
https://tinyproxy.github.io,7fca2df6f7267653dbf759f370eb2fd24172c6c385dcf04d94a8716e6dbd42fa,3,arch;fedora;ubuntu,Ubuntu ↔ Fedora;Ubuntu ↔ Arch;Fedora ↔ Arch,3
https://nginx.org,7fcfdaf1ef8ede54c731745924df5ba9432428b218b628ca146ec69eb0436b62,3,arch;fedora;ubuntu,Ubuntu ↔ Fedora;Ubuntu ↔ Arch;Fedora ↔ Arch,4
https://www.imapproxy.org,8026d1c3584cc8dc3015a53f35d47072e6b3a540cd5ec49a507287d94727fc12,3,debian;fedora;ubuntu,Debian ↔ Fedora;Ubuntu ↔ Fedora,3
https://github.com/prometheus-community/postgres_exporter,80c262f36081e04e00761e1bd842d6ffb7d73d5606b94fe3439f0e5b30beb565,3,arch;debian;ubuntu,Debian ↔ Arch;Ubuntu ↔ Arch,3
https://lemonldap-ng.org,81ca5e7540d971599906b4dbff565729a7cf604199ee981bee7a8db8fc201e90,2,fedora;ubuntu,Ubuntu ↔ Fedora,7
https://github.com/containernetworking/plugins,82539eb55ea4b8b5a78b0540d1e6b02e304c07276c2d918ab89bf75c6b723f96,4,arch;debian;fedora;ubuntu,Debian ↔ Fedora;Debian ↔ Arch;Ubuntu ↔ Fedora;Ubuntu ↔ Arch;Fedora ↔ Arch,4
https://wiki.gnome.org/phodav,8287ad047a6546fb4ee00462ef5e05bb2ad1d76bbedde3008f87844cf90b6277,3,arch;debian;fedora,Debian ↔ Fedora;Debian ↔ Arch;Fedora ↔ Arch,3
https://gitlab.freedesktop.org/hadess/switcheroo-control,83c91501802692737c79e2dc4eaa8551d2e5bb4de72ecea8b132de56933b22d5,4,arch;debian;fedora;ubuntu,Debian ↔ Fedora;Debian ↔ Arch;Ubuntu ↔ Fedora;Ubuntu ↔ Arch;Fedora ↔ Arch,4
https://github.com/AsahiLinux/asahi-scripts,8460af14dc0aed377c2aa051dd005054acbb0ad0d3e193c2a389c9de02416322,2,fedora;ubuntu,Ubuntu ↔ Fedora,2
https://digint.ch/btrbk,847125220893c57296fe7449d85171ea9d09c8c4f53be479e0b54c8bc711de05,2,fedora;ubuntu,Ubuntu ↔ Fedora,2
https://github.com/rfjakob/earlyoom,84c7f99e8944246bb860a77178eb9f131bff5af6811971d1a8ba7b54e16201c7,4,arch;debian;fedora;ubuntu,Debian ↔ Fedora;Debian ↔ Arch;Ubuntu ↔ Fedora;Ubuntu ↔ Arch;Fedora ↔ Arch,4
https://gitlab.archlinux.org/archlinux/netctl,85b7fd9d220ebfa8ac2c4ead6a7aef0ddc34daa738f55bf31119b1007d961dfd,2,arch;ubuntu,Ubuntu ↔ Arch,2
https://www.keepalived.org,8714cda696de0eeba95c7e429ecf10e40b9c449de80021daf2767ef2f6d17ce0,2,arch;fedora,Fedora ↔ Arch,2
https://net-snmp.sourceforge.net,87720b7cede6ebb5e6c7ac8861df5b9cb7b2de3420cd0f1b914526902ba2819e,3,debian;fedora;ubuntu,Debian ↔ Fedora;Ubuntu ↔ Fedora,5
https://github.com/mikebrady/shairport-sync,880cd7c301de58309ac23fc8b3520ae63fd20af0bebf0c9b10bba98301662aa2,4,arch;debian;fedora;ubuntu,Debian ↔ Fedora;Debian ↔ Arch;Ubuntu ↔ Fedora;Ubuntu ↔ Arch;Fedora ↔ Arch,4
https://github.com/kitsunyan/intel-undervolt,88b473ade8c86e5d80d922a8fef15a16023680e3afaa520c4584edb13f54c765,2,arch;fedora,Fedora ↔ Arch,2
https://www.postgresql.org,88e313c8fbf1ba79dde3a1e047d8f37ab3b9dc528ee5638c63a38f5d7535cbdb,2,arch;fedora,Fedora ↔ Arch,4
https://www.drbd.org,88e47aebccb1166187622709c4f34c2fcd3a3c3fad1e4a8cbe05407bb59c8527,3,debian;fedora;ubuntu,Debian ↔ Fedora;Ubuntu ↔ Fedora,3
https://www.fail2ban.org,892c6f98cd61cafdd71d7e2118ff7839f4d0f896027793f7e9fbcaa9ba565f3c,3,arch;fedora;ubuntu,Ubuntu ↔ Fedora;Ubuntu ↔ Arch;Fedora ↔ Arch,3
https://ddclient.net,893381b04da90b8f8119a591fb1e4d4a1280034f7852dd6a0882d8495a7c9463,2,fedora;ubuntu,Ubuntu ↔ Fedora,2
https://github.com/elementary/settings-daemon,89416643d66b7641274871ae538239e3dcc7720fc389195144a22e9801b0dc1a,2,arch;fedora,Fedora ↔ Arch,2
https://www.nico.schottelius.org/software/gpm,899ecd50cb411d103310ca31d1862a75fffa3a502636d11a568982e3acdd2af5,2,arch;fedora,Fedora ↔ Arch,2
https://www.luanti.org,89b7b29df8afe898c0cb61d75baeddfd2d33ccca86f8c357af6a6e1412c3e8d0,3,arch;debian;ubuntu,Debian ↔ Arch;Ubuntu ↔ Arch,3
https://suricata.io,8a0d5f47ba18c8ea5676b396e0c4461c36036a06ca07fd4db197b944d0311f77,3,debian;fedora;ubuntu,Debian ↔ Fedora;Ubuntu ↔ Fedora,3
https://github.com/caddyserver/caddy,8b3f528f97fab1c4f2038a4b3f2ec80e54495cc5c254a9e22afed9e7b76d2b15,3,arch;debian;ubuntu,Debian ↔ Arch;Ubuntu ↔ Arch,3
https://savannah.nongnu.org/projects/spamass-milt,8bb3de7009e9f2742b158f3477adf6369481e4f9913d9b53e61b2e0bff1ca132,2,fedora;ubuntu,Ubuntu ↔ Fedora,2
https://github.com/abraunegg/onedrive,8befeab94ebbacfdb7befab7cf3c781523ba7089be88f28d336b33a72f3917c3,3,debian;fedora;ubuntu,Debian ↔ Fedora;Ubuntu ↔ Fedora,3
https://tetrinetx.sourceforge.net,8bf44d958c85fb56bcb78c3ebd1f7340a358ea69860f028696c2be8fa2ba371c,3,debian;fedora;ubuntu,Debian ↔ Fedora;Ubuntu ↔ Fedora,3
https://oidentd.janikrabe.com,8c60e6b0a0d50149da25767969c47e1673a514a0bb5b63d1cfd7a40875e1c1df,4,arch;debian;fedora;ubuntu,Debian ↔ Fedora;Debian ↔ Arch;Ubuntu ↔ Fedora;Ubuntu ↔ Arch;Fedora ↔ Arch,4
https://github.com/element-hq/synapse,8c9f148924fe728b43c94ca15f17ffe7532aea7c663ddb1189df01337a8d1e23,2,arch;fedora,Fedora ↔ Arch,2
https://www.openntpd.org,8cfc617a36725d4df46910817edfd6eb981d35d0b67698f67705097f9ff54fa4,3,arch;debian;ubuntu,Debian ↔ Arch;Ubuntu ↔ Arch,3
https://linuxcontainers.org,8da883e5da2431644ba6adf4224e598c3721323b8e06ad4accb90710d35eb65e,3,arch;debian;ubuntu,Debian ↔ Arch;Ubuntu ↔ Arch,6
https://github.com/dlundquist/sniproxy,8e6b7a7688875d9bc0f2b72459b4d493f2d68bbe01f7d143ee8e79b394182c77,3,arch;debian;ubuntu,Debian ↔ Arch;Ubuntu ↔ Arch,3
https://github.com/sddm/sddm,8ea36335cd40e09a5aa254dab684a9632d15e017e120c51f60b5e63a6d1d0d6a,4,arch;debian;fedora;ubuntu,Debian ↔ Fedora;Debian ↔ Arch;Ubuntu ↔ Fedora;Ubuntu ↔ Arch;Fedora ↔ Arch,4
https://gitlab.gnome.org/GNOME/gnome-remote-desktop,8f669697d91f0ea726751b039f42d2f146efae2202c0492743b846026dab61f3,2,arch;fedora,Fedora ↔ Arch,2
https://www.yo2loj.ro/hamprojects,8f6ce9e6855d43d44383cd58f2264e0c2fe1a41e4f63e64022099078d4843c25,3,debian;fedora;ubuntu,Debian ↔ Fedora;Ubuntu ↔ Fedora,4
https://www.postfix.org,9015ffde7072d8cf1d1d6dc1c8fd0bf704e7f5205e57f4ca088121cd6fa63637,4,arch;debian;fedora;ubuntu,Debian ↔ Fedora;Debian ↔ Arch;Ubuntu ↔ Fedora;Ubuntu ↔ Arch;Fedora ↔ Arch,4
https://github.com/GoogleCloudPlatform/guest-agent,901e4a00e444dd76290d1456761914547917fefd9218e45bf429b006ed17febc,3,debian;fedora;ubuntu,Debian ↔ Fedora;Ubuntu ↔ Fedora,3
https://github.com/dracut-ng/dracut-ng,9264d10550dc9a72764078bf5a7e8e0888154047afb59dcd5537c7e3b98888a2,4,arch;debian;fedora;ubuntu,Debian ↔ Fedora;Debian ↔ Arch;Ubuntu ↔ Fedora;Ubuntu ↔ Arch;Fedora ↔ Arch,4
https://github.com/EGI-Federation/bdii,935afa2de0cd42d075fec1d51a1b82bf83fa36e1818d8eb5e9c50fad6c63ade5,2,fedora;ubuntu,Ubuntu ↔ Fedora,2
https://github.com/zhuyaliang/group-service,9438456f150d5e9a724b7a641080b098353caa2ad4e9d165afc234853f463db9,3,debian;fedora;ubuntu,Debian ↔ Fedora;Ubuntu ↔ Fedora,3
https://github.com/skeeto/endlessh,94b96c8a689fa2abaffb39fc9ad20817e15933f5d246897ea8eaab582fa5c5d5,3,debian;fedora;ubuntu,Debian ↔ Fedora;Ubuntu ↔ Fedora,3
https://www.haproxy.org,94de177932032950b5b38643ec33d0654a80b3396a266e7e7039d36a4e11a356,4,arch;debian;fedora;ubuntu,Debian ↔ Fedora;Debian ↔ Arch;Ubuntu ↔ Fedora;Ubuntu ↔ Arch;Fedora ↔ Arch,4
https://www.nagios.org,94eea2ff4139bf574c5c7c9588c905b1f29f213752ee56d4c816818f161e8a82,2,fedora;ubuntu,Ubuntu ↔ Fedora,3
https://hitch-tls.org,952938cd8988fe4ebf8c2327f8f62f2aa5c7b4f7c7e16bc8bd1fcc24ec6fd89e,3,debian;fedora;ubuntu,Debian ↔ Fedora;Ubuntu ↔ Fedora,3
https://www.inet.no/dante,955b6e75df7e47c372d12516f8501316f30f4a71378ae98ed06acefab824740a,3,arch;fedora;ubuntu,Ubuntu ↔ Fedora;Ubuntu ↔ Arch;Fedora ↔ Arch,3
https://github.com/streambinder/vpnc,9603be860830d0a8de142cd03f31b3cf85a9fd77b6eb46a5e8ca5d6a060ce637,3,arch;debian;ubuntu,Debian ↔ Arch;Ubuntu ↔ Arch,3
https://grid.ncsa.illinois.edu/myproxy,974573074f94005eff3b74ac9089b48986418b5a9a35d7e32585bed945422db8,3,debian;fedora;ubuntu,Debian ↔ Fedora;Ubuntu ↔ Fedora,3
https://www.netfilter.org/projects/ulogd,97a353df6d3da75a6e22657106e30bd0e0f1606c558aba1c874930207f7beb73,3,arch;debian;ubuntu,Debian ↔ Arch;Ubuntu ↔ Arch,3
https://github.com/intel/intel-lpmd,987c9f150a84874d0795c42b4204b4f9164bf9c74d63790c0aae6503af7f46f8,3,arch;fedora;ubuntu,Ubuntu ↔ Fedora;Ubuntu ↔ Arch;Fedora ↔ Arch,3
https://github.com/gridcf/gct,98cc727083c6eb6e59896ee8161f80e7c58621e67bfd7dc32de14e77a0d97362,3,debian;fedora;ubuntu,Debian ↔ Fedora;Ubuntu ↔ Fedora,9
https://github.com/intel/thermal_daemon,99261ae839eb8200a4df5f8afba094e76d1f1bf18530084358a72fdf4468c620,4,arch;debian;fedora;ubuntu,Debian ↔ Fedora;Debian ↔ Arch;Ubuntu ↔ Fedora;Ubuntu ↔ Arch;Fedora ↔ Arch,4
https://www.nvidia.com,99a80f34845e8586e51752e2e797149b85c645629782b0a583c630fb71c25d90,2,arch;ubuntu,Ubuntu ↔ Arch,9
https://github.com/tpm2-software/tpm2-abrmd,9a47330809d215ae82371bbd2412e22146e9fe05415bd23e824acae6c372adab,2,arch;fedora,Fedora ↔ Arch,2
https://syncplay.pl,9ac71ca419765c1d33f5abf51266f0ecd6bde742fc6c72fb93cd05e35425ffa2,2,arch;ubuntu,Ubuntu ↔ Arch,2
https://github.com/hardinfo2/hardinfo2,9b45cf8ef9767b78bf777471aa7a5cfc05b72bd3f3574e02d0de8f3d0d95709e,3,debian;fedora;ubuntu,Debian ↔ Fedora;Ubuntu ↔ Fedora,3
https://soju.im,9b8cd5b4d7d837cfda7037f979830fb8aa52e30f2a7db87161ddf659bd7b4132,3,arch;debian;ubuntu,Debian ↔ Arch;Ubuntu ↔ Arch,3
https://sourceforge.net/projects/slim-fork,9be655779a7d0e1a87f1f9302445873ddd6e1409ef4bfcfe8efd9636cb24a63d,3,debian;fedora;ubuntu,Debian ↔ Fedora;Ubuntu ↔ Fedora,3
https://github.com/gssapi/gssproxy,9de2bde537b7fecebf712d35ec2bb6b564e30eac620a2a794df750ce5184e6cd,4,arch;debian;fedora;ubuntu,Debian ↔ Fedora;Debian ↔ Arch;Ubuntu ↔ Fedora;Ubuntu ↔ Arch;Fedora ↔ Arch,4
https://sourceforge.net/projects/atftp,9df8640ef2ede9a66c4a5e35a913735616594fa68f170828b2126b62776ad7ff,3,arch;debian;ubuntu,Debian ↔ Arch;Ubuntu ↔ Arch,3
https://github.com/cminyard/ser2net,9fa6ea8d363af52167e27098557bf8b9ff5e8fbaa8b16b9f9efc5c192ebdead6,3,debian;fedora;ubuntu,Debian ↔ Fedora;Ubuntu ↔ Fedora,3
https://github.com/grondo/edac-utils,a0784379881cc98593247c08c2dd28ff748552e17c78149e0795059dec655d88,2,fedora;ubuntu,Ubuntu ↔ Fedora,2
https://www.varnish-cache.org,a1152404b6e27b735a638716666ddf9ddc06724cb379f089e1213c1e1a80a693,2,fedora;ubuntu,Ubuntu ↔ Fedora,2
https://dnsdist.org,a282ff6879ee5ac292132141c0713e5f6becacf8c8917efd8b0e9dc7a723f011,4,arch;debian;fedora;ubuntu,Debian ↔ Fedora;Debian ↔ Arch;Ubuntu ↔ Fedora;Ubuntu ↔ Arch;Fedora ↔ Arch,4
https://containerd.io,a3aa0c450788a381751e5add36a74f1baf284fe7a5443d7b41a0642f24dfd84b,3,arch;debian;ubuntu,Debian ↔ Arch;Ubuntu ↔ Arch,4
https://gitlab.freedesktop.org/upower/power-profiles-daemon,a42083a860fc0679f4795c2fb99457822a0c8afab8e36b98a471597439f59164,4,arch;debian;fedora;ubuntu,Debian ↔ Fedora;Debian ↔ Arch;Ubuntu ↔ Fedora;Ubuntu ↔ Arch;Fedora ↔ Arch,4
https://c-icap.sourceforge.net,a43ea162b7fca7d1a7cb812a67704aa1fa96147c7e1cf0a3eaead3bd2dee63bb,3,debian;fedora;ubuntu,Debian ↔ Fedora;Ubuntu ↔ Fedora,3
https://github.com/linux-application-whitelisting/fapolicyd,a455674975abf0411767311a0980f68f889a19564f47f74f453a31194ebf7c78,3,debian;fedora;ubuntu,Debian ↔ Fedora;Ubuntu ↔ Fedora,3
https://www.lighttpd.net,a553cd809cd27a9dc69d88cfe30d40bace9e6cf564e4f6ac098dc8765d7bdba3,4,arch;debian;fedora;ubuntu,Debian ↔ Fedora;Debian ↔ Arch;Ubuntu ↔ Fedora;Ubuntu ↔ Arch;Fedora ↔ Arch,4
https://memcached.org,a55c4927fc2d9fa8a60c4ce7e0da1dc42159ccefad8cee610e2a65824268fdd2,3,arch;debian;ubuntu,Debian ↔ Arch;Ubuntu ↔ Arch,3
https://www.firewalld.org,a581dff35be4b06f5be8b9ca65ac0a5fae471e5b4fca548f3447c8d59d99baeb,2,fedora;ubuntu,Ubuntu ↔ Fedora,2
https://lttng.org,a5b3e25f6a250621ed4811b560e5d9c415083f2819ba0a850538aeb25d443c33,3,debian;fedora;ubuntu,Debian ↔ Fedora;Ubuntu ↔ Fedora,3
https://www.isc.org/dhcp,a7ad5592009faa5bb37b8f5e3a943a8502ca04d8b687c1ae3d6a37e8a2f796bc,2,arch;fedora,Fedora ↔ Arch,4
https://github.com/sharkcz/collectl,a86137ccf595536831c262f2970fdec74dd185fab4c9f8fc37761cf5e936586d,2,fedora;ubuntu,Ubuntu ↔ Fedora,2
https://github.com/fwupd/fwupd,a8906f4677a7b44fb69e91c6ef78a0f2b4e0be49a64a8e33a1d38b70e3d2122a,4,arch;debian;fedora;ubuntu,Debian ↔ Fedora;Debian ↔ Arch;Ubuntu ↔ Fedora;Ubuntu ↔ Arch;Fedora ↔ Arch,4
https://oss.oetiker.ch/mrtg,a99592280fd503cc9bb62583fa5742e9d4db3fedcf7dd3b5f0a8a1d58f967ff6,3,debian;fedora;ubuntu,Debian ↔ Fedora;Ubuntu ↔ Fedora,3
https://cockpit-project.org,a9b660fe80c12a1a31208feff878c59dbac1357f9d25c037cc138d8acc0a2c91,4,arch;debian;fedora;ubuntu,Debian ↔ Fedora;Debian ↔ Arch;Ubuntu ↔ Fedora;Ubuntu ↔ Arch;Fedora ↔ Arch,4
https://www.cyrusimap.org/sasl,aabd0cb96420b80d6cb81aadf1deb61b75cd01d74c1386db84c1b55e810e4142,4,arch;debian;fedora;ubuntu,Debian ↔ Fedora;Debian ↔ Arch;Ubuntu ↔ Fedora;Ubuntu ↔ Arch;Fedora ↔ Arch,4
https://www.list.org,ab61acd9d8120837e3053b0556524d05208b8825b7ba14ded50a37c0ab1cf341,3,arch;fedora;ubuntu,Ubuntu ↔ Fedora;Ubuntu ↔ Arch;Fedora ↔ Arch,3
https://gkrellm.srcbox.net,abfa95347bb7587534a3a1e0d8991b71c1fe87f649b19c5d2438854f54cb17e3,2,fedora;ubuntu,Ubuntu ↔ Fedora,2
https://sysstat.github.io,acd6a69ca5747e8a7beb1075923150e5422b69c8bb9be3186faba1591eaf9165,4,arch;debian;fedora;ubuntu,Debian ↔ Fedora;Debian ↔ Arch;Ubuntu ↔ Fedora;Ubuntu ↔ Arch;Fedora ↔ Arch,4
https://github.com/sezanzeb/input-remapper,ad65d106bcd579f74f34999c540b555ac583db7779bd6c9d7e3ac39e4b47fee6,2,fedora;ubuntu,Ubuntu ↔ Fedora,2
https://www.isc.org/downloads/bind,adefc8905edeada6263810b0bda2b515a1881c011e384f15e777848d85c70fe4,3,debian;fedora;ubuntu,Debian ↔ Fedora;Ubuntu ↔ Fedora,6
https://pagure.io/dlm,ae180dea96d259af1c04876dae89cc3b90302113ffbca80f9ac5ae8b54024206,3,debian;fedora;ubuntu,Debian ↔ Fedora;Ubuntu ↔ Fedora,3
https://sourceforge.net/projects/rpcbind,ae3298b31ef232ec46b26eba56cf5a08ea90801af50282efeb61eaaed0bc09b3,3,debian;fedora;ubuntu,Debian ↔ Fedora;Ubuntu ↔ Fedora,3
https://etckeeper.branchable.com,ae897e1c9f26b6682da2705613cefe8540e7a269651960a66f619fd8928e726c,3,arch;fedora;ubuntu,Ubuntu ↔ Fedora;Ubuntu ↔ Arch;Fedora ↔ Arch,3
https://github.com/prometheus/node_exporter,af55b4cff09931079ffad017ed855734feb1d0ec66fb83fc2bd37250de78b20d,4,arch;debian;fedora;ubuntu,Debian ↔ Fedora;Debian ↔ Arch;Ubuntu ↔ Fedora;Ubuntu ↔ Arch;Fedora ↔ Arch,4
https://github.com/cronie-crond/cronie,b05133c93f0c82b6394a8ea29e8e4604b09881009e9658e0950eca9b2ecd702d,4,arch;debian;fedora;ubuntu,Debian ↔ Fedora;Debian ↔ Arch;Ubuntu ↔ Fedora;Ubuntu ↔ Arch;Fedora ↔ Arch,4
https://github.com/vmatare/thinkfan,b062d009eca95a5399db5e822ed4095ba1e2a080d9e403866a59e631132ef76a,3,debian;fedora;ubuntu,Debian ↔ Fedora;Ubuntu ↔ Fedora,3
https://www.svxlink.org,b069b34d0e6588a665a77d1fb8d1c73c8d597e2b522bf2f100eb291dd0f5fa61,3,debian;fedora;ubuntu,Debian ↔ Fedora;Ubuntu ↔ Fedora,9
https://www.nordugrid.org,b0cf943d331779211609681b623c0d0b186b7bc86e719ae336bd3256ed49e50b,3,debian;fedora;ubuntu,Debian ↔ Fedora;Ubuntu ↔ Fedora,11
https://github.com/pmem/ndctl,b2b3bd04d1a9bfa835d22b158f50ada05969e0fe4a66f6acdcd3b0b79f2f9c3d,4,arch;debian;fedora;ubuntu,Debian ↔ Fedora;Debian ↔ Arch;Ubuntu ↔ Fedora;Ubuntu ↔ Arch;Fedora ↔ Arch,8
https://oss.oetiker.ch/rrdtool,b2fcba13ab166515dafceacd45199a4def01d5d2b8bfe83852179a00cf62f278,2,fedora;ubuntu,Ubuntu ↔ Fedora,2
https://www.samba.org,b3279ab8b87daec1826294cf28199a9057b35b6686fbd964868332ab26b72946,4,arch;debian;fedora;ubuntu,Debian ↔ Fedora;Debian ↔ Arch;Ubuntu ↔ Fedora;Ubuntu ↔ Arch;Fedora ↔ Arch,13
https://gitlab.freedesktop.org/hadess/iio-sensor-proxy,b33fb041fb812e79109ecbe9f5da7e8c0a0bfdb5101bb992b7f58d49aaa6bc57,4,arch;debian;fedora;ubuntu,Debian ↔ Fedora;Debian ↔ Arch;Ubuntu ↔ Fedora;Ubuntu ↔ Arch;Fedora ↔ Arch,4
https://www.bitlbee.org,b456b48abf5e62e56d6a32df10f47be076a97eb1e9bddded8643a5aac017998f,2,fedora;ubuntu,Ubuntu ↔ Fedora,2
https://postfwd.org,b4bb4696ec23acd606b95839ae4c233465241ebd76169f16e859c487e55e8761,2,arch;fedora,Fedora ↔ Arch,2
https://www.sendmail.org,b53c475d2ce017503850cc5813332f2905a6530616928253a21fe5f613649a20,3,debian;fedora;ubuntu,Debian ↔ Fedora;Ubuntu ↔ Fedora,3
https://buildbot.net,b584097f26c34e4b48dd2aeac3d8f76ad2f30b75528d018d5e497d93e3c468f3,2,fedora;ubuntu,Ubuntu ↔ Fedora,4
https://omniorb.sourceforge.net,b60beca5f1daf65639146746ffd57f7937dc03c60116de74853e551ec1804d8c,3,debian;fedora;ubuntu,Debian ↔ Fedora;Ubuntu ↔ Fedora,3
https://motion-project.github.io,b6a551d5da6d3d75276ae72aed51ebae0630622b65699fa163696df703d57a6b,3,arch;debian;ubuntu,Debian ↔ Arch;Ubuntu ↔ Arch,3
https://github.com/linux-msm/rmtfs,b8dc99387a66c19ea9c99b1489bfdfb896cc474ae59691147732f0152485a7f4,3,debian;fedora;ubuntu,Debian ↔ Fedora;Ubuntu ↔ Fedora,3
https://oss.oetiker.ch/smokeping,b8e1a89b475a2a629cf560a15830920d4e187df8c042c7a6b1eb6f7656ecdd66,2,arch;fedora,Fedora ↔ Arch,2
https://github.com/intel/qatlib,b90c2be286ca9c0af0b3d1e1f90d742da3ada433845bd9d3aa74f5fa5ec2c2fd,3,debian;fedora;ubuntu,Debian ↔ Fedora;Ubuntu ↔ Fedora,3
https://github.com/rvaiya/keyd,b987dbd3bbb17ff1f5293663071f641fb83746f8eef93c6c1c87ce46926c353e,3,arch;debian;ubuntu,Debian ↔ Arch;Ubuntu ↔ Arch,3
https://sourceforge.net/projects/dict,b99185d375cba5f709e5842316ffc73b7d15bfce60c27f3b7e428ba1a48ee93e,2,arch;ubuntu,Ubuntu ↔ Arch,2
https://snapper.io,b9b790101def050f78654af9fed550037fcd4b7360b15d22c78e9adc8e11b153,4,arch;debian;fedora;ubuntu,Debian ↔ Fedora;Debian ↔ Arch;Ubuntu ↔ Fedora;Ubuntu ↔ Arch;Fedora ↔ Arch,5
https://sourceforge.net/projects/acpid2,b9c43c367ec2191e59d14b640b63b9d4cc6915d0896c864e407abbe3fd4b52a8,4,arch;debian;fedora;ubuntu,Debian ↔ Fedora;Debian ↔ Arch;Ubuntu ↔ Fedora;Ubuntu ↔ Arch;Fedora ↔ Arch,4
https://radscan.com/nas.html,ba4b2e44d9d8a2d2954fee16ff48ff4f75c8c8a09d1a6f37f3d142a54885f276,2,fedora;ubuntu,Ubuntu ↔ Fedora,2
https://github.com/rfmoz/tuptime,ba511e3bd6f830d297400579a7c835277dfc95f1fedd09f248cd0c9593d55890,2,fedora;ubuntu,Ubuntu ↔ Fedora,2
https://github.com/prometheus-community/smartctl_exporter,bb5380f5e6c607bda8e817ffb5d16ca1660f9abb220db232654db204b88fd0e9,2,arch;ubuntu,Ubuntu ↔ Arch,2
https://spacenav.sourceforge.net,bb53bceb18d8c6f34931baab2b243f8671884d57616576b38d528d383d78dcda,3,debian;fedora;ubuntu,Debian ↔ Fedora;Ubuntu ↔ Fedora,3
https://torsion.org/borgmatic,bb6faa5d3d25c422efc13d459762674b5e59704ec9b9c80ca5fe62ec8df6fa00,3,arch;fedora;ubuntu,Ubuntu ↔ Fedora;Ubuntu ↔ Arch;Fedora ↔ Arch,3
https://www.ejabberd.im,bc11b52e1f0ddfc0c759b73e50d147384df37bebde8dd3aafe8d38610ca695cc,3,arch;debian;ubuntu,Debian ↔ Arch;Ubuntu ↔ Arch,3
https://github.com/containers/netavark,bccfee4c0b8ae12f3bfe382c80c9de958863cdd95c869be89a51f5787c227a6d,4,arch;debian;fedora;ubuntu,Debian ↔ Fedora;Debian ↔ Arch;Ubuntu ↔ Fedora;Ubuntu ↔ Arch;Fedora ↔ Arch,4
https://github.com/pendulum-project/ntpd-rs,bdffc811fc91be7a6a16f01d359221f4e4cd3dad74758c9302114df4843a3f58,3,debian;fedora;ubuntu,Debian ↔ Fedora;Ubuntu ↔ Fedora,5
https://github.com/nhorman/rng-tools,bea17961d626ae60d9e5d9ebc7481560b5f40080defc611ef33c9e0542ecda52,2,arch;fedora,Fedora ↔ Arch,2
https://upower.freedesktop.org,bf9f4ef2c80e1d40656f39ddf41339e0ca46d9d9dd1dc5dc6421f06be8ed3995,4,arch;debian;fedora;ubuntu,Debian ↔ Fedora;Debian ↔ Arch;Ubuntu ↔ Fedora;Ubuntu ↔ Arch;Fedora ↔ Arch,4
https://github.com/yggdrasil-network/yggdrasil-go,c0256e03a9cc7bbfeaee95c68f721c6c86b9ae2c1087fd42a3ff451caa0614ba,3,arch;debian;ubuntu,Debian ↔ Arch;Ubuntu ↔ Arch,3
https://www.tinc-vpn.org,c1369e4450d92305479274d17f0c826d6f32f976915bd961e6a39bd9d3b6f877,4,arch;debian;fedora;ubuntu,Debian ↔ Fedora;Debian ↔ Arch;Ubuntu ↔ Fedora;Ubuntu ↔ Arch;Fedora ↔ Arch,4
https://rspamd.com,c1cd3523353fd15fc84c54f066d6afbef9bd11e18e2b6bd2ac2ad1ce07fd6f5a,3,arch;debian;ubuntu,Debian ↔ Arch;Ubuntu ↔ Arch,3
https://ostreedev.github.io/ostree,c25542aeb1e40e921c00082e2378ce9f155db1f328e859fe8d697c35bd71c149,2,arch;fedora,Fedora ↔ Arch,2
https://libreswan.org,c310c89fa6f0bc5e20819174c0d321ceb4bc7470438723cf731fce1fa843cd7f,3,debian;fedora;ubuntu,Debian ↔ Fedora;Ubuntu ↔ Fedora,3
https://www.xrdp.org,c33618a9719896ecb42f03b1c204b22de32b9e0beb7e0a7d9fe28d1d84f4fd1d,3,debian;fedora;ubuntu,Debian ↔ Fedora;Ubuntu ↔ Fedora,3
https://ngircd.barton.de,c35f451181d9f04885776e4434493ebc867572ab6dabe177d6a83e0b352df175,3,debian;fedora;ubuntu,Debian ↔ Fedora;Ubuntu ↔ Fedora,3
https://jabberd2.org,c5caab8fea9c8e8bd4819b5c2a5786b13df63506eeb2531817d3486ac8f32099,3,debian;fedora;ubuntu,Debian ↔ Fedora;Ubuntu ↔ Fedora,3
https://www.gnu.org/software/freeipmi,c653b8cf18cf8cc6fa24704eec0d4be958211c59bb952a7fe4ae13d44555c3f5,4,arch;debian;fedora;ubuntu,Debian ↔ Fedora;Debian ↔ Arch;Ubuntu ↔ Fedora;Ubuntu ↔ Arch;Fedora ↔ Arch,10
https://www.cipherdyne.org/fwknop,c6cc4844d960b950aefaaa9c3fa1ed5bb1769498893b7e84a8d3830d15eb21d4,2,arch;fedora,Fedora ↔ Arch,2
https://www.eyrie.org/~eagle/software/inn,c6d108a3b1fad55c7714d6d6de8fbae818da981657d94c35b7e1785f8efd799d,3,debian;fedora;ubuntu,Debian ↔ Fedora;Ubuntu ↔ Fedora,3
https://opendev.org/openstack/virtualbmc,c707894197299e65473a9c583c1be9e931f9a3cf06ff14ed6e9d417e1278b0f5,2,fedora;ubuntu,Ubuntu ↔ Fedora,2
https://portsentry.xyz,c7e9d4cbd02b3c0382199b9295f0a4f78d6e4c84567efc1c89f38befd389c806,2,fedora;ubuntu,Ubuntu ↔ Fedora,2
https://www.gluster.org,c919f9be39ad66710f999896d8b3fe0b3b1c0cab89d54daea53ff484d0b0c0c5,3,arch;debian;ubuntu,Debian ↔ Arch;Ubuntu ↔ Arch,3
https://github.com/ClusterLabs/pcs,c99c6a214288d39eb069e82b4f66ac938eb89554f6e07636b27b027aa0361291,2,fedora;ubuntu,Ubuntu ↔ Fedora,4
https://www.zeroflux.org/projects/knock,c9c8a8c7d560e12546c6c3759b1f407d2b1b535385c5d2b61f73a31bc79a9271,3,debian;fedora;ubuntu,Debian ↔ Fedora;Ubuntu ↔ Fedora,3
https://plocate.sesse.net,c9e4a80509a8e3dc3ec4683c8862f52a6f15539db07ddbf29c41394c3b61a018,4,arch;debian;fedora;ubuntu,Debian ↔ Fedora;Debian ↔ Arch;Ubuntu ↔ Fedora;Ubuntu ↔ Arch;Fedora ↔ Arch,4
https://systemd.io,ca491d80d1cd84978df92a41f4a1e1a3e9272303da3fa4b0d189492e7fca0112,3,debian;fedora;ubuntu,Debian ↔ Fedora;Ubuntu ↔ Fedora,30
https://corosync.github.io/corosync,cace8b2c0550a851b6ace09fb3161db207cb708a7aa7fdc625117dab648f24a4,3,debian;fedora;ubuntu,Debian ↔ Fedora;Ubuntu ↔ Fedora,5
https://github.com/fujita/tgt,cae2c944e18775bb2792267aac69a8c7d7a456746cc1ffda38c00334abff71db,3,arch;debian;ubuntu,Debian ↔ Arch;Ubuntu ↔ Arch,3
https://www.squid-cache.org,cb0e1c82ca3402c63cac51d4a96543d5322e000a3a9fcdcda097c10d7a8eeba6,4,arch;debian;fedora;ubuntu,Debian ↔ Fedora;Debian ↔ Arch;Ubuntu ↔ Fedora;Ubuntu ↔ Arch;Fedora ↔ Arch,4
https://redict.io,cb908756ef28a72f790fbed5686b0f74a25a2296013ea92e237ce1d23d3b1c83,2,fedora;ubuntu,Ubuntu ↔ Fedora,3
https://collectd.org,cbb2ece6014f33a1422975ae56c748e8f594c0f209983b8191abed02445ba5a5,3,debian;fedora;ubuntu,Debian ↔ Fedora;Ubuntu ↔ Fedora,3
https://supervisord.org,cbeebb6e8957f7801f9ae6df6f4773350e1214a136b8d0824b3acf4d54a8a737,3,arch;fedora;ubuntu,Ubuntu ↔ Fedora;Ubuntu ↔ Arch;Fedora ↔ Arch,3
https://github.com/linux-nvme/nvme-cli,cc2765e0154873cd07d6eb4dd9d5c8e5d68b0dac9864d9f41ec227a2fd000147,4,arch;debian;fedora;ubuntu,Debian ↔ Fedora;Debian ↔ Arch;Ubuntu ↔ Fedora;Ubuntu ↔ Arch;Fedora ↔ Arch,4
https://mmonit.com/monit,cce319b443d31e74fa2e181adf352627b7fbcb521a92e4a73b93208bdba1874e,4,arch;debian;fedora;ubuntu,Debian ↔ Fedora;Debian ↔ Arch;Ubuntu ↔ Fedora;Ubuntu ↔ Arch;Fedora ↔ Arch,4
https://www.finnie.org/software/2ping,cd04fd80d8be2c61635fae947ef439dba126b2f2ba44a338489b7adf6fa96210,2,fedora;ubuntu,Ubuntu ↔ Fedora,2
https://github.com/open-iscsi/targetcli-fb,cdd621a96f59b1b0d989b9c1bcda3c6c1b49e3278b8f3f99a30a08dd0a488d39,2,fedora;ubuntu,Ubuntu ↔ Fedora,2
https://www.gnu.org/software/acct,ce94a303833b87341803d9da13304d402974eee79c3df143a8237ae0d1a34d16,3,debian;fedora;ubuntu,Debian ↔ Fedora;Ubuntu ↔ Fedora,3
https://github.com/linuxdeepin/dde-api,ceb2068082e818d1324f830a13c60edb774e77fe58a3727684535a4954f80e7f,2,arch;fedora,Fedora ↔ Arch,2
https://www.mumble.info,cf3af979c2fe634e657f7c2a9c5dc5b7cbd6166ba1f6a306b2263c7c8d98a5e7,4,arch;debian;fedora;ubuntu,Debian ↔ Fedora;Debian ↔ Arch;Ubuntu ↔ Fedora;Ubuntu ↔ Arch;Fedora ↔ Arch,4
https://prometheus.io,cf94440365a05bcd7e85ebb958c8e7eebc9409f6345195627f40e1f0d3e5cd97,3,arch;debian;ubuntu,Debian ↔ Arch;Ubuntu ↔ Arch,3
https://github.com/v2fly/v2ray-core,d13a85d74c2e719ec40d6c3247320928b907f49427c46a9385b5986ad6c633dd,3,arch;debian;ubuntu,Debian ↔ Arch;Ubuntu ↔ Arch,3
https://www.unrealircd.org,d1a675f7be8d6b3d879979dce3558c9a9fb9fa0977b2dcac749487876c04c8ea,2,arch;fedora,Fedora ↔ Arch,2
https://github.com/ClusterLabs/resource-agents,d2a6b039a5be94a9d147d35d1dec14fee3bf1e4c386974efead6ac599c92faa7,2,fedora;ubuntu,Ubuntu ↔ Fedora,2
https://github.com/latchset/clevis,d31bea322c4148ff3acace366d255eef8df53104e35aae09f8901f3da2aa59a3,4,arch;debian;fedora;ubuntu,Debian ↔ Fedora;Debian ↔ Arch;Ubuntu ↔ Fedora;Ubuntu ↔ Arch;Fedora ↔ Arch,5
https://github.com/freeipa/freeipa-healthcheck,d36a6df8ab52f3a5015b2f6b15c32735cf8f7e12a17f5f8409aa4796f18b795c,2,fedora;ubuntu,Ubuntu ↔ Fedora,2
https://www.qbittorrent.org,d3f98cbcdf31d1548b02add7c2a2c6df68b3ed0ac6a3d06ae10a154456f82863,4,arch;debian;fedora;ubuntu,Debian ↔ Fedora;Debian ↔ Arch;Ubuntu ↔ Fedora;Ubuntu ↔ Arch;Fedora ↔ Arch,4
https://poptop.sourceforge.net,d449bc58fb5e7c78d3376398ffb961cafc4c263db284c151c08084da7d3adef6,2,arch;fedora,Fedora ↔ Arch,2
https://www.infradead.org/~dhowells/kafs,d5e99b7b94697a65bd7439f44fbba47a1f70e8ff3dbec8b8f11c4e5a5af3a9c5,3,debian;fedora;ubuntu,Debian ↔ Fedora;Ubuntu ↔ Fedora,3
https://sr.ht/~kennylevinsen/seatd,d6d2f82475a367cc6328c63901856b4f4447a5ad776b7f1bc2c1e2ccbbc35f13,4,arch;debian;fedora;ubuntu,Debian ↔ Fedora;Debian ↔ Arch;Ubuntu ↔ Fedora;Ubuntu ↔ Arch;Fedora ↔ Arch,4
https://github.com/latchset/tang,d6e08da5854401ee75dec40b37984375ad476196ca07db85f93882dbd45e74b0,3,arch;fedora;ubuntu,Ubuntu ↔ Fedora;Ubuntu ↔ Arch;Fedora ↔ Arch,3
https://www.frrouting.org,d78c3113f06890eb4d951246531c29c926f1e1ed3de65eb1a42dcd069b192549,2,debian;fedora,Debian ↔ Fedora,2
https://github.com/distcc/distcc,d7b9fd4bb7142ce5d5ae1fa75f1c1dd272fa47597dcdde426cf50368277b98f4,2,arch;fedora,Fedora ↔ Arch,2
https://www.torproject.org,d7cf41146e9ab1cb56021c130f9db1c68436740f7471ed6e41f2249990b7b3a5,3,debian;fedora;ubuntu,Debian ↔ Fedora;Ubuntu ↔ Fedora,3
https://web.mit.edu/kerberos,d7dd56902f9b2f14c5514449f9f8a06bece223b3642f6d03299aacc80b1aa0a3,3,arch;debian;ubuntu,Debian ↔ Arch;Ubuntu ↔ Arch,9
https://www.tigervnc.org,d84bd8f201cef6fe74a9d14837641554080ca6b6ee73e9276634501f0571e460,3,arch;debian;ubuntu,Debian ↔ Arch;Ubuntu ↔ Arch,3
https://www.kernel.org,d86929a4829bccd8c29f609decce9983f6e1376491c249bef50aa77fe1563bda,3,arch;debian;fedora,Debian ↔ Fedora;Debian ↔ Arch;Fedora ↔ Arch,9
https://www.exim.org,d89fc420179aecb18a1f379edec1b322afb1eca0396bcc6fba35511a48834c20,4,arch;debian;fedora;ubuntu,Debian ↔ Fedora;Debian ↔ Arch;Ubuntu ↔ Fedora;Ubuntu ↔ Arch;Fedora ↔ Arch,9
https://pagure.io/numad,d9123c0a9f7c965c33cd0e70e6e5f4bd038bb509a90294e6719428623aeb4a76,3,debian;fedora;ubuntu,Debian ↔ Fedora;Ubuntu ↔ Fedora,3
https://github.com/spanezz/nodm,d99470b857c0c67177787745af0f76a08878f4cc2b3f77e040d18aa2444b27f4,3,arch;debian;ubuntu,Debian ↔ Arch;Ubuntu ↔ Arch,3
https://github.com/opencryptoki/opencryptoki,da54d71db1fc3d1e82fabdcec9b86fbacfb26bd90c4d61e7a61cf8bba0e99ef1,3,debian;fedora;ubuntu,Debian ↔ Fedora;Ubuntu ↔ Fedora,3
https://github.com/linuxdeepin/deepin-boot-maker,da5c5c31940283a76e8e345e05e848229128908a445ddc003695cd8282f525f2,3,arch;debian;ubuntu,Debian ↔ Arch;Ubuntu ↔ Arch,3
https://metalog.sourceforge.net,db7376953641bf8e91341482601a0c0741e28c4a52b20d9d01fd4ac2c7b7e9ad,2,arch;ubuntu,Ubuntu ↔ Arch,2
https://wammu.eu/gammu,dd61af53e6ab7a8266bc2532a9b3fc22efdcf67d5abae5a69ce5cc2f1bc952ca,4,arch;debian;fedora;ubuntu,Debian ↔ Fedora;Debian ↔ Arch;Ubuntu ↔ Fedora;Ubuntu ↔ Arch;Fedora ↔ Arch,4
https://www.openssh.com/portable.html,ddddf4940c4c283eefd9493fe90c57c7b2a3cfcfae6e6c71e913cbe317a6907c,2,arch;fedora,Fedora ↔ Arch,3
https://sourceware.org/systemtap,dde2f0c8a4d420c8f4fc1a547b9c040ae63b6936976b32c1aea14d2d90dc7a0c,2,arch;fedora,Fedora ↔ Arch,5
https://code.kryo.se/iodine,de30adda87b3d73f2e6d9090074692849262a80614d2c16749ae37787d833c31,4,arch;debian;fedora;ubuntu,Debian ↔ Fedora;Debian ↔ Arch;Ubuntu ↔ Fedora;Ubuntu ↔ Arch;Fedora ↔ Arch,5
https://www.freedesktop.org/wiki/Software/fprint/fprintd,de453180667b3c4c80726932a8a0d113789ab00dda4ea1ef728c13020e8697f0,3,debian;fedora;ubuntu,Debian ↔ Fedora;Ubuntu ↔ Fedora,3
https://github.com/intel/ledmon,dea92ee76359dc408c2b13f479fbd98682aea974bad1f3ccb4ee361c23ccc887,3,debian;fedora;ubuntu,Debian ↔ Fedora;Ubuntu ↔ Fedora,3
https://www.open-iscsi.com,deac541bfb806efc778dd83cf27d7f7c13c199559d99239c3bbce271db795fb4,3,arch;debian;ubuntu,Debian ↔ Arch;Ubuntu ↔ Arch,5
https://www.linuxptp.org,df1d50d20781c74430827fe80a09314f6f47e13f8b8097ba7bcccd3489cf8c2f,2,fedora;ubuntu,Ubuntu ↔ Fedora,2
https://www.smartmontools.org,e0a2159e9bbc9ab5aed15d75b68706403a3ab549b498258b7019fb775d999790,4,arch;debian;fedora;ubuntu,Debian ↔ Fedora;Debian ↔ Arch;Ubuntu ↔ Fedora;Ubuntu ↔ Arch;Fedora ↔ Arch,4
https://salsa.debian.org/consolation-team/consolation,e133dc3ecf83a48ce42f61c97a4de68663975972a43fcb32b9f08e4a0aca2240,3,debian;fedora;ubuntu,Debian ↔ Fedora;Ubuntu ↔ Fedora,3
https://www.yadifa.eu,e19195585aa840c1f64504baf95589cc790502227d5389c277cd7c24e03de4b0,3,debian;fedora;ubuntu,Debian ↔ Fedora;Ubuntu ↔ Fedora,3
https://github.com/jirka-h/haveged,e1ed8789cca7a65eac22b55e3490f6d422abc7d43408cd5ac36fe17819b4e77d,2,arch;fedora,Fedora ↔ Arch,2
https://github.com/jonnenauha/prometheus_varnish_exporter,e226decfc98766786287e5003919c83c430bbd179db8cd0292156b76bdad17a6,3,arch;debian;ubuntu,Debian ↔ Arch;Ubuntu ↔ Arch,3
https://github.com/evgeni/hdapsd,e26a42787d1f7c3d6f903f77e18ab3609e3d1b6d8185813ff03f55191d3ccdc1,3,arch;debian;ubuntu,Debian ↔ Arch;Ubuntu ↔ Arch,3
https://location.ipfire.org,e2961c0b9c1d8e0abb57bfa2636591b03f689b05216615d19ec405083730a3a6,2,fedora;ubuntu,Ubuntu ↔ Fedora,2
https://github.com/linuxdeepin/deepin-pw-check,e33d3680eaf5b9c8bc6cb6f80ef3d75d63c3149356f2513880325e31b7c30cc9,2,arch;fedora,Fedora ↔ Arch,2
https://github.com/ollama/ollama,e33e1d6fac81aba2699c760bfb524479df9080615cbfc99b81518e0ce4e22e01,2,arch;fedora,Fedora ↔ Arch,2
https://openbao.org,e4126eb60f68f06917dd9999abe42b2adf4458f7d5bbc4165f0b35ea0f945175,2,arch;fedora,Fedora ↔ Arch,3
https://www.bacula.org,e4638e1babd12c0b6b7402aa2edd2d2dee9e54441a37755efaca0fc9624d8ee2,3,debian;fedora;ubuntu,Debian ↔ Fedora;Ubuntu ↔ Fedora,9
https://github.com/pcherenkov/udpxy,e48148f727ce5704873a05d296ceee96331c02ed94f55a61f0001be758a12118,2,arch;fedora,Fedora ↔ Arch,2
https://netfilter.org/projects/nftables,e57525663967570d799efe13cf034d08b08f09e6d6e03ca3c23454401fc18d48,2,arch;fedora,Fedora ↔ Arch,2
https://github.com/util-linux/util-linux,e5908f901cc58cc4b94c51515267f70d1add062d765a2301c995f746593d35fc,3,arch;debian;ubuntu,Debian ↔ Arch;Ubuntu ↔ Arch,6
https://www.freedesktop.org/wiki/Software/dbus,e5ac6ed87351dd41822462cda4f5552a7658a67c1704596107060044635649f8,2,arch;fedora,Fedora ↔ Arch,3
https://dovecot.org,e5de2dd032595058b8344a3323f2d9369482b7cbf0aad1fdfe26893d5594c280,3,arch;debian;ubuntu,Debian ↔ Arch;Ubuntu ↔ Arch,4
https://christophe.varoqui.free.fr,e5f0318e2f77e39dc8a57e295eeda319adea0e2adddd996355bc463dbb126804,3,debian;fedora;ubuntu,Debian ↔ Fedora;Ubuntu ↔ Fedora,3
https://www.zabbix.com,e610d9b78c691df74683b79742e2fd82819c5fbb82bb6a23a6b36d1bfba6544c,2,arch;fedora,Fedora ↔ Arch,13
https://github.com/kpcyrd/rebuilderd,e617bc048c576c6cda84360166b9e428af3f2fe72037ae513c1664b362b4a080,3,arch;debian;ubuntu,Debian ↔ Arch;Ubuntu ↔ Arch,3
https://cloud-init.io,e6763f192bbd2589027269022204f49549f4dc81c7d973321e5bf8b44c738175,2,arch;ubuntu,Ubuntu ↔ Arch,2
https://www.cstr.ed.ac.uk/projects/festival,e6ae59ae013a87aa1957830964866c136067ef2f82b7c409293d82d9d6743188,2,fedora;ubuntu,Ubuntu ↔ Fedora,2
https://www.litech.org/radvd,e965db84ebba3a5917b3ad45abd4e2768a6157d3d6d64053ffd79e98c3f6a1e3,3,arch;debian;ubuntu,Debian ↔ Arch;Ubuntu ↔ Arch,3
https://www.recoll.org,ead9c3885dea94f793f2f9ae72645d4890c681b0d80f59a5e03877955fa6086d,2,arch;fedora,Fedora ↔ Arch,2
https://www.opendkim.org,eb70caf8f03f7948c2b48608d8ba9b40a095bf03dddda5a8f389f72061c73783,3,arch;debian;ubuntu,Debian ↔ Arch;Ubuntu ↔ Arch,3
https://github.com/bus1/dbus-broker,ed277886cc2a21ffdedf5e5c15a1897f8ba3df880ab77c90bd9cda5fb244410c,4,arch;debian;fedora;ubuntu,Debian ↔ Fedora;Debian ↔ Arch;Ubuntu ↔ Fedora;Ubuntu ↔ Arch;Fedora ↔ Arch,5
https://www.linux-pam.org,ed465e7236d89c78b7c81cd3cf76532d4723c68fd10303bf79ea456d04c2b14b,3,debian;fedora;ubuntu,Debian ↔ Fedora;Ubuntu ↔ Fedora,3
https://github.com/snapcore/snapd,ed4fea647017e0759499d423b081a2f885cd363e6f2d1520eb7a7aec329cc5b9,3,debian;fedora;ubuntu,Debian ↔ Fedora;Ubuntu ↔ Fedora,3
https://github.com/OpenPrinting/ipp-usb,ed60f8a3f359436f68946d9989e89fb27ee40ea88543d64ad7e4fa2d0990afee,4,arch;debian;fedora;ubuntu,Debian ↔ Fedora;Debian ↔ Arch;Ubuntu ↔ Fedora;Ubuntu ↔ Arch;Fedora ↔ Arch,4
https://www.unix-ag.uni-kl.de/~bloch/acng,ed82a575f51569a5314dc902a6f5c2e462873a6393d4d5587c186674743a10a1,3,debian;fedora;ubuntu,Debian ↔ Fedora;Ubuntu ↔ Fedora,3
https://nicolargo.github.io/glances,ed9d957376ee98edea02dc6b155125dbcd7052e62df2c8edf49c6a3b95e70ebe,2,arch;fedora,Fedora ↔ Arch,2
https://github.com/hughsie/passim,edcb820e3a056445fb42fc4650865361dae179a582753b655d6913372ea38f19,3,arch;fedora;ubuntu,Ubuntu ↔ Fedora;Ubuntu ↔ Arch;Fedora ↔ Arch,3
https://hcpnet.free.fr/milter-greylist,ee2e5168e4036fabaa299e53e517bb9912972d4d99bd5f566e5178e4a4752057,3,debian;fedora;ubuntu,Debian ↔ Fedora;Ubuntu ↔ Fedora,3
https://kea.isc.org,ee84cc36b37701956224e27e53bc0568bc40d9abb35302f30f486d6c436c515e,4,arch;debian;fedora;ubuntu,Debian ↔ Fedora;Debian ↔ Arch;Ubuntu ↔ Fedora;Ubuntu ↔ Arch;Fedora ↔ Arch,10
https://www.stunnel.org,ef6f8254dab2fb2dd07f75f4d13aeb4b82441025d93fd8f6bcd6e7789fbaee5c,4,arch;debian;fedora;ubuntu,Debian ↔ Fedora;Debian ↔ Arch;Ubuntu ↔ Fedora;Ubuntu ↔ Arch;Fedora ↔ Arch,4
https://www.wireguard.com,f059a9c9b4394d4326b1ef5dffb3fa26b7a8bf6a4c6cb6e1297d65088116d751,4,arch;debian;fedora;ubuntu,Debian ↔ Fedora;Debian ↔ Arch;Ubuntu ↔ Fedora;Ubuntu ↔ Arch;Fedora ↔ Arch,4
https://github.com/GoogleCloudPlatform/osconfig,f152ef7c4bc970eaa2ec5c653e4c8b5c747bdde61bd268451db976375c964c88,2,fedora;ubuntu,Ubuntu ↔ Fedora,2
https://github.com/prometheus/snmp_exporter,f1a79b16f8b3a05b03f0caead74bafe74fb41e432853555df2bbb80367b9912e,3,arch;debian;ubuntu,Debian ↔ Arch;Ubuntu ↔ Arch,3
https://gerbera.io,f27cbc9f652cd7e24864078e1fced506afa567290885e16cd743587fbae1434c,3,debian;fedora;ubuntu,Debian ↔ Fedora;Ubuntu ↔ Fedora,3
https://dun.github.io/munge,f29a1a524cc5d33bdaabe0b007cea8798c2a9ea4424fac4715df2bca7a172f35,3,debian;fedora;ubuntu,Debian ↔ Fedora;Ubuntu ↔ Fedora,3
https://github.com/coturn/coturn,f2ae5741153b6bdd25181264f7cec89a21ec13f525dfc3d1de33f762d6930b02,4,arch;debian;fedora;ubuntu,Debian ↔ Fedora;Debian ↔ Arch;Ubuntu ↔ Fedora;Ubuntu ↔ Arch;Fedora ↔ Arch,4
https://github.com/gnosek/fcgiwrap,f2fd9293b64eb9c4ed9d9052612350c514092fb01e161d9382500d4197729790,3,debian;fedora;ubuntu,Debian ↔ Fedora;Ubuntu ↔ Fedora,3
https://github.com/shellinabox/shellinabox,f39dd8301419b7e087909ba45038d3dc9a96bbba6f3ac3e3328aee3d3ddfd068,2,fedora;ubuntu,Ubuntu ↔ Fedora,2
https://github.com/trojan-gfw/trojan,f3c16b4cd4f6f20bb45e4d6624e1ef26746a8f834a272e22efdea8b8f1d95498,4,arch;debian;fedora;ubuntu,Debian ↔ Fedora;Debian ↔ Arch;Ubuntu ↔ Fedora;Ubuntu ↔ Arch;Fedora ↔ Arch,4
https://wiki.gnome.org/Projects/GDM,f50a1f6be9a871ff3d313cff857e419fc33581b2a1ce742fe7b9e35684bd2599,3,debian;fedora;ubuntu,Debian ↔ Fedora;Ubuntu ↔ Fedora,3
https://deluge-torrent.org,f6b2c64f7855818113f908f100798a4ce4ed80a45faa06861300b3a8f954637e,3,arch;fedora;ubuntu,Ubuntu ↔ Fedora;Ubuntu ↔ Arch;Fedora ↔ Arch,5
https://github.com/OpenPrinting/pappl-retrofit,f6b9bd4a29ce948fba8abe2a1f2da70f455d5e729c2bf15e1d9822a69ef8ce75,2,fedora;ubuntu,Ubuntu ↔ Fedora,2
https://github.com/open-iscsi/open-isns,f723922f2d1f112c19bc649fa30634a4a0feb374d921fbe73c359df21eb7ccd1,3,debian;fedora;ubuntu,Debian ↔ Fedora;Ubuntu ↔ Fedora,5
https://nixos.org/nix,f7f6b831f922bd80198f7c7ba8fd3e0d4948bf1c651a3d6ab1c00351d08391c9,2,arch;ubuntu,Ubuntu ↔ Arch,2
https://github.com/darrylb123/usbrelay,f82aceb73df3698fe6d519a28a518d942efa383c1505e6f198726fe81bbb97f4,2,fedora;ubuntu,Ubuntu ↔ Fedora,2
https://pagure.io/certmonger,f87b2f8d9c77be6313f21ab183bda97458415e022d6ac870a377f1d01f3c786c,3,debian;fedora;ubuntu,Debian ↔ Fedora;Ubuntu ↔ Fedora,3
https://www.freeipa.org,f9486c79a815268a08f99540dc3721cacbd0d4178ab6b39db6d2b8eddce32bf4,3,debian;fedora;ubuntu,Debian ↔ Fedora;Ubuntu ↔ Fedora,6
https://www.thekelleys.org.uk/dnsmasq/doc.html,f94e989a1a9d664f3276077e9791d1995b5ac80ece10020312c9c9772538ed8a,2,arch;ubuntu,Ubuntu ↔ Arch,2
https://git-scm.com,f9bda2f2caf880991af1879832f3e57af234dce2951dc61031993744c13baecc,2,arch;fedora,Fedora ↔ Arch,2
https://savannah.nongnu.org/projects/hddtemp,fb386c6cf5e651a775101a9aab08eedde474e3a61dd40cc038fe55532777edf9,2,arch;fedora,Fedora ↔ Arch,2
https://networkmanager.dev,fb4842611ffeab7a4251ea454d9baea22054cc4a6ddac2a6b81aa9b414c9b4f1,4,arch;debian;fedora;ubuntu,Debian ↔ Fedora;Debian ↔ Arch;Ubuntu ↔ Fedora;Ubuntu ↔ Arch;Fedora ↔ Arch,7
https://qosient.com/argus,fc9c2c7493b20404b57c5b237a1c5e8599fbf2304841dcffe54d2aba81bab775,3,debian;fedora;ubuntu,Debian ↔ Fedora;Ubuntu ↔ Fedora,3
https://github.com/sysrepo/sysrepo,fcc19a389179f8144111a9d2b3e929aa69073ff98eb951a1de0685ad5ee7296d,2,fedora;ubuntu,Ubuntu ↔ Fedora,2
https://github.com/HewlettPackard/netperf,fdb8c7de346bce6d41d83fd72e825037d918c9774f05084988c1ef7e7d456aca,3,arch;debian;ubuntu,Debian ↔ Arch;Ubuntu ↔ Arch,3
https://w1.fi/wpa_supplicant,fecbbaa82bcc7d93f6a189d3a7492c087153c7c42875c64cb8dc8fffa11fe308,4,arch;debian;fedora;ubuntu,Debian ↔ Fedora;Debian ↔ Arch;Ubuntu ↔ Fedora;Ubuntu ↔ Arch;Fedora ↔ Arch,6
https://github.com/PixlOne/logiops,ff8180064e5825c18352a9ac23354fb80af799c79b35d9c2fccca5298b8aa4a0,3,debian;fedora;ubuntu,Debian ↔ Fedora;Ubuntu ↔ Fedora,3
https://mosquitto.org,ffd708b2bde0f0d902e2f386838ab5096210d6be3517af6772f3897f0e2a72f1,4,arch;debian;fedora;ubuntu,Debian ↔ Fedora;Debian ↔ Arch;Ubuntu ↔ Fedora;Ubuntu ↔ Arch;Fedora ↔ Arch,4
