distribution,assessment_family,added,removed,modified,total_changed,denominator,projects,change_rate,ci_low,ci_high,analysis_classification,observational_unit
ALL,AmbientCapabilities,3,1,0,4,1096,235,0.0036496350364963502,0.0,0.009153842924023254,derived descriptive analysis,lineage-distribution assessment family
ALL,CapabilityBoundingSet,7,9,0,16,1128,236,0.014184397163120567,0.005927148994888199,0.02566753631363699,derived descriptive analysis,lineage-distribution assessment family
ALL,Delegate,0,0,0,0,1099,235,0.0,0.0,0.0,derived descriptive analysis,lineage-distribution assessment family
ALL,DeviceAllow,2,2,2,6,1096,235,0.005474452554744526,0.0016219943457745994,0.01085910339499549,derived descriptive analysis,lineage-distribution assessment family
ALL,IPAddressDeny,0,0,0,0,1096,235,0.0,0.0,0.0,derived descriptive analysis,lineage-distribution assessment family
ALL,KeyringMode,0,0,0,0,1100,236,0.0,0.0,0.0,derived descriptive analysis,lineage-distribution assessment family
ALL,LockPersonality,5,1,0,6,1100,236,0.005454545454545455,0.00162067997880967,0.010827038322795853,derived descriptive analysis,lineage-distribution assessment family
ALL,MemoryDenyWriteExecute,4,3,0,7,1100,236,0.006363636363636364,0.001716481858530226,0.012795423821269327,derived descriptive analysis,lineage-distribution assessment family
ALL,NoNewPrivileges,6,3,0,9,1100,236,0.008181818181818182,0.0027522305098428342,0.015510246290863812,derived descriptive analysis,lineage-distribution assessment family
ALL,NotifyAccess,0,1,0,1,1100,236,0.0009090909090909091,0.0,0.0031089697028392465,derived descriptive analysis,lineage-distribution assessment family
ALL,PrivateDevices,4,2,0,6,1100,236,0.005454545454545455,0.0016568639993651128,0.01075291070284127,derived descriptive analysis,lineage-distribution assessment family
ALL,PrivateMounts,0,0,0,0,1096,235,0.0,0.0,0.0,derived descriptive analysis,lineage-distribution assessment family
ALL,PrivateNetwork,1,0,0,1,1096,235,0.0009124087591240876,0.0,0.003195058663875257,derived descriptive analysis,lineage-distribution assessment family
ALL,PrivateTmp,15,5,5,25,1100,236,0.022727272727272728,0.009840905424355619,0.039875072303326445,derived descriptive analysis,lineage-distribution assessment family
ALL,PrivateUsers,1,0,0,1,1096,235,0.0009124087591240876,0.0,0.0031416087377359285,derived descriptive analysis,lineage-distribution assessment family
ALL,ProcSubset,0,0,0,0,1096,235,0.0,0.0,0.0,derived descriptive analysis,lineage-distribution assessment family
ALL,ProtectClock,3,0,0,3,1100,236,0.0027272727272727275,0.0,0.006487456461355305,derived descriptive analysis,lineage-distribution assessment family
ALL,ProtectControlGroups,6,4,0,10,1104,236,0.009057971014492754,0.003361273980624996,0.01646468132414386,derived descriptive analysis,lineage-distribution assessment family
ALL,ProtectHome,9,3,7,19,1104,236,0.017210144927536232,0.00805004445276309,0.029683641588708103,derived descriptive analysis,lineage-distribution assessment family
ALL,ProtectHostname,5,0,0,5,1104,236,0.004528985507246377,0.000949645091011315,0.009372144447047795,derived descriptive analysis,lineage-distribution assessment family
ALL,ProtectKernelLogs,3,0,0,3,1104,236,0.002717391304347826,0.0,0.006358145750533674,derived descriptive analysis,lineage-distribution assessment family
ALL,ProtectKernelModules,6,4,0,10,1104,236,0.009057971014492754,0.003472222222222222,0.01661138192870425,derived descriptive analysis,lineage-distribution assessment family
ALL,ProtectKernelTunables,5,6,0,11,1104,236,0.009963768115942028,0.0038364231125014225,0.017992613636363636,derived descriptive analysis,lineage-distribution assessment family
ALL,ProtectProc,0,0,0,0,1100,236,0.0,0.0,0.0,derived descriptive analysis,lineage-distribution assessment family
ALL,ProtectSystem,5,5,11,21,1104,236,0.019021739130434784,0.009569149276807524,0.03188717727229096,derived descriptive analysis,lineage-distribution assessment family
ALL,RemoveIPC,3,2,26,31,1008,227,0.030753968253968252,0.016743242493200867,0.049445543352833105,derived descriptive analysis,lineage-distribution assessment family
ALL,RestrictAddressFamilies,3,5,0,8,1104,236,0.007246376811594203,0.002423165615717338,0.014113364103182896,derived descriptive analysis,lineage-distribution assessment family
ALL,RestrictNamespaces,4,2,0,6,1100,236,0.005454545454545455,0.001716664643945997,0.010661446581240807,derived descriptive analysis,lineage-distribution assessment family
ALL,RestrictRealtime,4,4,0,8,1104,236,0.007246376811594203,0.0023826548612460594,0.014205219294462643,derived descriptive analysis,lineage-distribution assessment family
ALL,RestrictSUIDSGID,4,2,0,6,1100,236,0.005454545454545455,0.0010319386033995146,0.011753183153770812,derived descriptive analysis,lineage-distribution assessment family
ALL,RootDirectoryOrRootImage,0,0,5,5,1096,235,0.004562043795620438,0.0,0.011739646663478185,derived descriptive analysis,lineage-distribution assessment family
ALL,SupplementaryGroups,19,10,2,31,1008,227,0.030753968253968252,0.016494845360824743,0.04912375362867599,derived descriptive analysis,lineage-distribution assessment family
ALL,SystemCallArchitectures,3,1,0,4,1100,236,0.0036363636363636364,0.0008123312004810786,0.007952682312499498,derived descriptive analysis,lineage-distribution assessment family
ALL,SystemCallFilter,1,0,4,5,1100,236,0.004545454545454545,0.0009123672104556393,0.009443205486240861,derived descriptive analysis,lineage-distribution assessment family
ALL,UMask,1,1,1,3,1096,235,0.002737226277372263,0.0,0.00641025641025641,derived descriptive analysis,lineage-distribution assessment family
ALL,UserOrDynamicUser,19,8,4,31,1014,227,0.03057199211045365,0.01639310696687746,0.04920169061686787,derived descriptive analysis,lineage-distribution assessment family
debian,AmbientCapabilities,1,0,0,1,239,143,0.0041841004184100415,0.0,0.014925373134328358,derived descriptive analysis,lineage-distribution assessment family
debian,CapabilityBoundingSet,0,2,0,2,247,144,0.008097165991902834,0.0,0.02252252252252252,derived descriptive analysis,lineage-distribution assessment family
debian,Delegate,0,0,0,0,240,143,0.0,0.0,0.0,derived descriptive analysis,lineage-distribution assessment family
debian,DeviceAllow,0,0,0,0,239,143,0.0,0.0,0.0,derived descriptive analysis,lineage-distribution assessment family
debian,IPAddressDeny,0,0,0,0,239,143,0.0,0.0,0.0,derived descriptive analysis,lineage-distribution assessment family
debian,KeyringMode,0,0,0,0,240,144,0.0,0.0,0.0,derived descriptive analysis,lineage-distribution assessment family
debian,LockPersonality,0,0,0,0,240,144,0.0,0.0,0.0,derived descriptive analysis,lineage-distribution assessment family
debian,MemoryDenyWriteExecute,0,1,0,1,240,144,0.004166666666666667,0.0,0.014851945231697883,derived descriptive analysis,lineage-distribution assessment family
debian,NoNewPrivileges,0,1,0,1,240,144,0.004166666666666667,0.0,0.015000939849624046,derived descriptive analysis,lineage-distribution assessment family
debian,NotifyAccess,0,0,0,0,240,144,0.0,0.0,0.0,derived descriptive analysis,lineage-distribution assessment family
debian,PrivateDevices,0,0,0,0,240,144,0.0,0.0,0.0,derived descriptive analysis,lineage-distribution assessment family
debian,PrivateMounts,0,0,0,0,239,143,0.0,0.0,0.0,derived descriptive analysis,lineage-distribution assessment family
debian,PrivateNetwork,0,0,0,0,239,143,0.0,0.0,0.0,derived descriptive analysis,lineage-distribution assessment family
debian,PrivateTmp,5,1,1,7,240,144,0.029166666666666667,0.004761340555179418,0.06316122584943366,derived descriptive analysis,lineage-distribution assessment family
debian,PrivateUsers,0,0,0,0,239,143,0.0,0.0,0.0,derived descriptive analysis,lineage-distribution assessment family
debian,ProcSubset,0,0,0,0,239,143,0.0,0.0,0.0,derived descriptive analysis,lineage-distribution assessment family
debian,ProtectClock,0,0,0,0,240,144,0.0,0.0,0.0,derived descriptive analysis,lineage-distribution assessment family
debian,ProtectControlGroups,0,1,0,1,241,144,0.004149377593360996,0.0,0.014707693422196438,derived descriptive analysis,lineage-distribution assessment family
debian,ProtectHome,1,1,2,4,241,144,0.016597510373443983,0.003436426116838488,0.03571428571428571,derived descriptive analysis,lineage-distribution assessment family
debian,ProtectHostname,0,0,0,0,241,144,0.0,0.0,0.0,derived descriptive analysis,lineage-distribution assessment family
debian,ProtectKernelLogs,0,0,0,0,241,144,0.0,0.0,0.0,derived descriptive analysis,lineage-distribution assessment family
debian,ProtectKernelModules,0,1,0,1,241,144,0.004149377593360996,0.0,0.015,derived descriptive analysis,lineage-distribution assessment family
debian,ProtectKernelTunables,0,2,0,2,241,144,0.008298755186721992,0.0,0.022556390977443608,derived descriptive analysis,lineage-distribution assessment family
debian,ProtectProc,0,0,0,0,240,144,0.0,0.0,0.0,derived descriptive analysis,lineage-distribution assessment family
debian,ProtectSystem,0,2,2,4,241,144,0.016597510373443983,0.0033222591362126247,0.03649718361497182,derived descriptive analysis,lineage-distribution assessment family
debian,RemoveIPC,0,1,7,8,222,136,0.036036036036036036,0.012987012987012988,0.06915288603328412,derived descriptive analysis,lineage-distribution assessment family
debian,RestrictAddressFamilies,0,2,0,2,241,144,0.008298755186721992,0.0,0.022643653516294993,derived descriptive analysis,lineage-distribution assessment family
debian,RestrictNamespaces,0,0,0,0,240,144,0.0,0.0,0.0,derived descriptive analysis,lineage-distribution assessment family
debian,RestrictRealtime,0,1,0,1,241,144,0.004149377593360996,0.0,0.015001884422110525,derived descriptive analysis,lineage-distribution assessment family
debian,RestrictSUIDSGID,0,1,0,1,240,144,0.004166666666666667,0.0,0.014927238805970121,derived descriptive analysis,lineage-distribution assessment family
debian,RootDirectoryOrRootImage,0,0,1,1,239,143,0.0041841004184100415,0.0,0.01485148514851485,derived descriptive analysis,lineage-distribution assessment family
debian,SupplementaryGroups,4,3,1,8,222,136,0.036036036036036036,0.014133031403971532,0.06806282722513089,derived descriptive analysis,lineage-distribution assessment family
debian,SystemCallArchitectures,0,0,0,0,240,144,0.0,0.0,0.0,derived descriptive analysis,lineage-distribution assessment family
debian,SystemCallFilter,0,0,0,0,240,144,0.0,0.0,0.0,derived descriptive analysis,lineage-distribution assessment family
debian,UMask,0,0,0,0,239,143,0.0,0.0,0.0,derived descriptive analysis,lineage-distribution assessment family
debian,UserOrDynamicUser,4,3,1,8,224,136,0.03571428571428571,0.012929647032706822,0.06779661016949153,derived descriptive analysis,lineage-distribution assessment family
ubuntu,AmbientCapabilities,1,0,0,1,314,185,0.0031847133757961785,0.0,0.011081101877500759,derived descriptive analysis,lineage-distribution assessment family
ubuntu,CapabilityBoundingSet,0,3,0,3,322,186,0.009316770186335404,0.0,0.022582166768107096,derived descriptive analysis,lineage-distribution assessment family
ubuntu,Delegate,0,0,0,0,315,185,0.0,0.0,0.0,derived descriptive analysis,lineage-distribution assessment family
ubuntu,DeviceAllow,0,0,0,0,314,185,0.0,0.0,0.0,derived descriptive analysis,lineage-distribution assessment family
ubuntu,IPAddressDeny,0,0,0,0,314,185,0.0,0.0,0.0,derived descriptive analysis,lineage-distribution assessment family
ubuntu,KeyringMode,0,0,0,0,315,186,0.0,0.0,0.0,derived descriptive analysis,lineage-distribution assessment family
ubuntu,LockPersonality,0,0,0,0,315,186,0.0,0.0,0.0,derived descriptive analysis,lineage-distribution assessment family
ubuntu,MemoryDenyWriteExecute,0,1,0,1,315,186,0.0031746031746031746,0.0,0.010948905109489052,derived descriptive analysis,lineage-distribution assessment family
ubuntu,NoNewPrivileges,1,1,0,2,315,186,0.006349206349206349,0.0,0.017241379310344827,derived descriptive analysis,lineage-distribution assessment family
ubuntu,NotifyAccess,0,0,0,0,315,186,0.0,0.0,0.0,derived descriptive analysis,lineage-distribution assessment family
ubuntu,PrivateDevices,0,0,0,0,315,186,0.0,0.0,0.0,derived descriptive analysis,lineage-distribution assessment family
ubuntu,PrivateMounts,0,0,0,0,314,185,0.0,0.0,0.0,derived descriptive analysis,lineage-distribution assessment family
ubuntu,PrivateNetwork,0,0,0,0,314,185,0.0,0.0,0.0,derived descriptive analysis,lineage-distribution assessment family
ubuntu,PrivateTmp,6,2,1,9,315,186,0.02857142857142857,0.008901747444774151,0.05555985552115576,derived descriptive analysis,lineage-distribution assessment family
ubuntu,PrivateUsers,0,0,0,0,314,185,0.0,0.0,0.0,derived descriptive analysis,lineage-distribution assessment family
ubuntu,ProcSubset,0,0,0,0,314,185,0.0,0.0,0.0,derived descriptive analysis,lineage-distribution assessment family
ubuntu,ProtectClock,0,0,0,0,315,186,0.0,0.0,0.0,derived descriptive analysis,lineage-distribution assessment family
ubuntu,ProtectControlGroups,0,1,0,1,316,186,0.0031645569620253164,0.0,0.011194291149295535,derived descriptive analysis,lineage-distribution assessment family
ubuntu,ProtectHome,1,1,3,5,316,186,0.015822784810126583,0.003194633808835799,0.03252164932072772,derived descriptive analysis,lineage-distribution assessment family
ubuntu,ProtectHostname,0,0,0,0,316,186,0.0,0.0,0.0,derived descriptive analysis,lineage-distribution assessment family
ubuntu,ProtectKernelLogs,0,0,0,0,316,186,0.0,0.0,0.0,derived descriptive analysis,lineage-distribution assessment family
ubuntu,ProtectKernelModules,0,1,0,1,316,186,0.0031645569620253164,0.0,0.01123701106699331,derived descriptive analysis,lineage-distribution assessment family
ubuntu,ProtectKernelTunables,0,2,0,2,316,186,0.006329113924050633,0.0,0.01718213058419244,derived descriptive analysis,lineage-distribution assessment family
ubuntu,ProtectProc,0,0,0,0,315,186,0.0,0.0,0.0,derived descriptive analysis,lineage-distribution assessment family
ubuntu,ProtectSystem,1,2,2,5,316,186,0.015822784810126583,0.0032359849671155655,0.03321088951070779,derived descriptive analysis,lineage-distribution assessment family
ubuntu,RemoveIPC,1,1,9,11,289,176,0.03806228373702422,0.017179198479997188,0.06617711108833776,derived descriptive analysis,lineage-distribution assessment family
ubuntu,RestrictAddressFamilies,0,1,0,1,316,186,0.0031645569620253164,0.0,0.011494252873563218,derived descriptive analysis,lineage-distribution assessment family
ubuntu,RestrictNamespaces,0,0,0,0,315,186,0.0,0.0,0.0,derived descriptive analysis,lineage-distribution assessment family
ubuntu,RestrictRealtime,0,1,0,1,316,186,0.0031645569620253164,0.0,0.011363636363636364,derived descriptive analysis,lineage-distribution assessment family
ubuntu,RestrictSUIDSGID,1,1,0,2,315,186,0.006349206349206349,0.0,0.017543859649122806,derived descriptive analysis,lineage-distribution assessment family
ubuntu,RootDirectoryOrRootImage,0,0,1,1,314,185,0.0031847133757961785,0.0,0.011320754716981131,derived descriptive analysis,lineage-distribution assessment family
ubuntu,SupplementaryGroups,4,6,1,11,289,176,0.03806228373702422,0.017064846416382253,0.06584362139917696,derived descriptive analysis,lineage-distribution assessment family
ubuntu,SystemCallArchitectures,0,0,0,0,315,186,0.0,0.0,0.0,derived descriptive analysis,lineage-distribution assessment family
ubuntu,SystemCallFilter,0,0,0,0,315,186,0.0,0.0,0.0,derived descriptive analysis,lineage-distribution assessment family
ubuntu,UMask,0,0,0,0,314,185,0.0,0.0,0.0,derived descriptive analysis,lineage-distribution assessment family
ubuntu,UserOrDynamicUser,4,5,2,11,291,176,0.037800687285223365,0.016722008923938984,0.06498194945848375,derived descriptive analysis,lineage-distribution assessment family
fedora,AmbientCapabilities,1,0,0,1,347,201,0.002881844380403458,0.0,0.009708737864077669,derived descriptive analysis,lineage-distribution assessment family
fedora,CapabilityBoundingSet,3,4,0,7,355,202,0.01971830985915493,0.006268615904452192,0.03693690469013738,derived descriptive analysis,lineage-distribution assessment family
fedora,Delegate,0,0,0,0,348,201,0.0,0.0,0.0,derived descriptive analysis,lineage-distribution assessment family
fedora,DeviceAllow,1,2,0,3,347,201,0.008645533141210375,0.0,0.02054794520547945,derived descriptive analysis,lineage-distribution assessment family
fedora,IPAddressDeny,0,0,0,0,347,201,0.0,0.0,0.0,derived descriptive analysis,lineage-distribution assessment family
fedora,KeyringMode,0,0,0,0,348,202,0.0,0.0,0.0,derived descriptive analysis,lineage-distribution assessment family
fedora,LockPersonality,1,1,0,2,348,202,0.005747126436781609,0.0,0.01557632398753894,derived descriptive analysis,lineage-distribution assessment family
fedora,MemoryDenyWriteExecute,1,1,0,2,348,202,0.005747126436781609,0.0,0.0161301191200765,derived descriptive analysis,lineage-distribution assessment family
fedora,NoNewPrivileges,1,1,0,2,348,202,0.005747126436781609,0.0,0.01567398119122257,derived descriptive analysis,lineage-distribution assessment family
fedora,NotifyAccess,0,1,0,1,348,202,0.0028735632183908046,0.0,0.009741052921020336,derived descriptive analysis,lineage-distribution assessment family
fedora,PrivateDevices,1,2,0,3,348,202,0.008620689655172414,0.0,0.020480009124647924,derived descriptive analysis,lineage-distribution assessment family
fedora,PrivateMounts,0,0,0,0,347,201,0.0,0.0,0.0,derived descriptive analysis,lineage-distribution assessment family
fedora,PrivateNetwork,0,0,0,0,347,201,0.0,0.0,0.0,derived descriptive analysis,lineage-distribution assessment family
fedora,PrivateTmp,2,1,2,5,348,202,0.014367816091954023,0.0029759696905468417,0.02976190476190476,derived descriptive analysis,lineage-distribution assessment family
fedora,PrivateUsers,0,0,0,0,347,201,0.0,0.0,0.0,derived descriptive analysis,lineage-distribution assessment family
fedora,ProcSubset,0,0,0,0,347,201,0.0,0.0,0.0,derived descriptive analysis,lineage-distribution assessment family
fedora,ProtectClock,1,0,0,1,348,202,0.0028735632183908046,0.0,0.01020408163265306,derived descriptive analysis,lineage-distribution assessment family
fedora,ProtectControlGroups,2,2,0,4,349,202,0.011461318051575931,0.0024271844660194173,0.024539877300613498,derived descriptive analysis,lineage-distribution assessment family
fedora,ProtectHome,3,1,1,5,349,202,0.014326647564469915,0.0029154518950437317,0.028653523260270472,derived descriptive analysis,lineage-distribution assessment family
fedora,ProtectHostname,1,0,0,1,349,202,0.0028653295128939827,0.0,0.010309278350515464,derived descriptive analysis,lineage-distribution assessment family
fedora,ProtectKernelLogs,0,0,0,0,349,202,0.0,0.0,0.0,derived descriptive analysis,lineage-distribution assessment family
fedora,ProtectKernelModules,2,2,0,4,349,202,0.011461318051575931,0.0024390243902439024,0.024922334118621686,derived descriptive analysis,lineage-distribution assessment family
fedora,ProtectKernelTunables,1,2,0,3,349,202,0.008595988538681949,0.0,0.02051319648093841,derived descriptive analysis,lineage-distribution assessment family
fedora,ProtectProc,0,0,0,0,348,202,0.0,0.0,0.0,derived descriptive analysis,lineage-distribution assessment family
fedora,ProtectSystem,1,1,5,7,349,202,0.02005730659025788,0.006396418182932894,0.03785488958990536,derived descriptive analysis,lineage-distribution assessment family
fedora,RemoveIPC,0,0,8,8,322,193,0.024844720496894408,0.00808463179439872,0.04851005389718072,derived descriptive analysis,lineage-distribution assessment family
fedora,RestrictAddressFamilies,1,2,0,3,349,202,0.008595988538681949,0.0,0.0203407125562089,derived descriptive analysis,lineage-distribution assessment family
fedora,RestrictNamespaces,1,2,0,3,348,202,0.008620689655172414,0.0,0.02064896755162242,derived descriptive analysis,lineage-distribution assessment family
fedora,RestrictRealtime,0,2,0,2,349,202,0.0057306590257879654,0.0,0.01529051987767584,derived descriptive analysis,lineage-distribution assessment family
fedora,RestrictSUIDSGID,0,0,0,0,348,202,0.0,0.0,0.0,derived descriptive analysis,lineage-distribution assessment family
fedora,RootDirectoryOrRootImage,0,0,2,2,347,201,0.005763688760806916,0.0,0.015527950310559006,derived descriptive analysis,lineage-distribution assessment family
fedora,SupplementaryGroups,8,0,0,8,322,193,0.024844720496894408,0.008151621597737716,0.047619047619047616,derived descriptive analysis,lineage-distribution assessment family
fedora,SystemCallArchitectures,0,1,0,1,348,202,0.0028735632183908046,0.0,0.010101863226863215,derived descriptive analysis,lineage-distribution assessment family
fedora,SystemCallFilter,0,0,1,1,348,202,0.0028735632183908046,0.0,0.009966777408637873,derived descriptive analysis,lineage-distribution assessment family
fedora,UMask,1,0,1,2,347,201,0.005763688760806916,0.0,0.015384615384615385,derived descriptive analysis,lineage-distribution assessment family
fedora,UserOrDynamicUser,8,0,0,8,324,193,0.024691358024691357,0.00791452849396464,0.04609929078014184,derived descriptive analysis,lineage-distribution assessment family
arch,AmbientCapabilities,0,1,0,1,196,114,0.00510204081632653,0.0,0.017045454545454544,derived descriptive analysis,lineage-distribution assessment family
arch,CapabilityBoundingSet,4,0,0,4,204,115,0.0196078431372549,0.004254868373602597,0.04255571241302809,derived descriptive analysis,lineage-distribution assessment family
arch,Delegate,0,0,0,0,196,114,0.0,0.0,0.0,derived descriptive analysis,lineage-distribution assessment family
arch,DeviceAllow,1,0,2,3,196,114,0.015306122448979591,0.0,0.035933554577591724,derived descriptive analysis,lineage-distribution assessment family
arch,IPAddressDeny,0,0,0,0,196,114,0.0,0.0,0.0,derived descriptive analysis,lineage-distribution assessment family
arch,KeyringMode,0,0,0,0,197,115,0.0,0.0,0.0,derived descriptive analysis,lineage-distribution assessment family
arch,LockPersonality,4,0,0,4,197,115,0.02030456852791878,0.004464285714285714,0.04444719471947191,derived descriptive analysis,lineage-distribution assessment family
arch,MemoryDenyWriteExecute,3,0,0,3,197,115,0.015228426395939087,0.0,0.03553299492385787,derived descriptive analysis,lineage-distribution assessment family
arch,NoNewPrivileges,4,0,0,4,197,115,0.02030456852791878,0.004131806278270925,0.043478260869565216,derived descriptive analysis,lineage-distribution assessment family
arch,NotifyAccess,0,0,0,0,197,115,0.0,0.0,0.0,derived descriptive analysis,lineage-distribution assessment family
arch,PrivateDevices,3,0,0,3,197,115,0.015228426395939087,0.0,0.0357182895579756,derived descriptive analysis,lineage-distribution assessment family
arch,PrivateMounts,0,0,0,0,196,114,0.0,0.0,0.0,derived descriptive analysis,lineage-distribution assessment family
arch,PrivateNetwork,1,0,0,1,196,114,0.00510204081632653,0.0,0.017045454545454544,derived descriptive analysis,lineage-distribution assessment family
arch,PrivateTmp,2,1,1,4,197,115,0.02030456852791878,0.004484304932735426,0.04411967825804352,derived descriptive analysis,lineage-distribution assessment family
arch,PrivateUsers,1,0,0,1,196,114,0.00510204081632653,0.0,0.01744186046511628,derived descriptive analysis,lineage-distribution assessment family
arch,ProcSubset,0,0,0,0,196,114,0.0,0.0,0.0,derived descriptive analysis,lineage-distribution assessment family
arch,ProtectClock,2,0,0,2,197,115,0.01015228426395939,0.0,0.026741561727330176,derived descriptive analysis,lineage-distribution assessment family
arch,ProtectControlGroups,4,0,0,4,198,115,0.020202020202020204,0.0044444444444444444,0.04444719471947191,derived descriptive analysis,lineage-distribution assessment family
arch,ProtectHome,4,0,1,5,198,115,0.025252525252525252,0.005235602094240838,0.05128205128205128,derived descriptive analysis,lineage-distribution assessment family
arch,ProtectHostname,4,0,0,4,198,115,0.020202020202020204,0.0043663375735712925,0.04348353735753475,derived descriptive analysis,lineage-distribution assessment family
arch,ProtectKernelLogs,3,0,0,3,198,115,0.015151515151515152,0.0,0.03646150914634142,derived descriptive analysis,lineage-distribution assessment family
arch,ProtectKernelModules,4,0,0,4,198,115,0.020202020202020204,0.004545454545454545,0.04411967825804352,derived descriptive analysis,lineage-distribution assessment family
arch,ProtectKernelTunables,4,0,0,4,198,115,0.020202020202020204,0.004464285714285714,0.04375,derived descriptive analysis,lineage-distribution assessment family
arch,ProtectProc,0,0,0,0,197,115,0.0,0.0,0.0,derived descriptive analysis,lineage-distribution assessment family
arch,ProtectSystem,3,0,2,5,198,115,0.025252525252525252,0.005180679450884035,0.05232558139534884,derived descriptive analysis,lineage-distribution assessment family
arch,RemoveIPC,2,0,2,4,175,108,0.022857142857142857,0.005208333333333333,0.04908902447245992,derived descriptive analysis,lineage-distribution assessment family
arch,RestrictAddressFamilies,2,0,0,2,198,115,0.010101010101010102,0.0,0.02717391304347826,derived descriptive analysis,lineage-distribution assessment family
arch,RestrictNamespaces,3,0,0,3,197,115,0.015228426395939087,0.0,0.0368469785575048,derived descriptive analysis,lineage-distribution assessment family
arch,RestrictRealtime,4,0,0,4,198,115,0.020202020202020204,0.004463789682539683,0.04371670081967212,derived descriptive analysis,lineage-distribution assessment family
arch,RestrictSUIDSGID,3,0,0,3,197,115,0.015228426395939087,0.0,0.0355375271936185,derived descriptive analysis,lineage-distribution assessment family
arch,RootDirectoryOrRootImage,0,0,1,1,196,114,0.00510204081632653,0.0,0.01764705882352941,derived descriptive analysis,lineage-distribution assessment family
arch,SupplementaryGroups,3,1,0,4,175,108,0.022857142857142857,0.00510204081632653,0.04819277108433735,derived descriptive analysis,lineage-distribution assessment family
arch,SystemCallArchitectures,3,0,0,3,197,115,0.015228426395939087,0.0,0.035503709488481056,derived descriptive analysis,lineage-distribution assessment family
arch,SystemCallFilter,1,0,3,4,197,115,0.02030456852791878,0.004545454545454545,0.04455445544554455,derived descriptive analysis,lineage-distribution assessment family
arch,UMask,0,1,0,1,196,114,0.00510204081632653,0.0,0.016129032258064516,derived descriptive analysis,lineage-distribution assessment family
arch,UserOrDynamicUser,3,0,1,4,175,108,0.022857142857142857,0.005263157894736842,0.048484848484848485,derived descriptive analysis,lineage-distribution assessment family
