pair,family_type,assessment_family,projects,lineages,left_enabled,right_enabled,left_proportion,right_proportion,left_minus_right_percentage_points,ci_low_percentage_points,ci_high_percentage_points,cohort,observational_unit
Debian ↔ Fedora,CROSS_FAMILY,AmbientCapabilities,178,335,319,321,0.9522388059701492,0.9582089552238806,-0.5970149253731344,-1.6877993499828943,0.0,C1X,paired lineage
Debian ↔ Fedora,CROSS_FAMILY,CapabilityBoundingSet,178,335,85,77,0.2537313432835821,0.2298507462686567,2.3880597014925375,0.0,5.579399141630901,C1X,paired lineage
Debian ↔ Fedora,CROSS_FAMILY,Delegate,178,335,332,332,0.991044776119403,0.991044776119403,0.0,0.0,0.0,C1X,paired lineage
Debian ↔ Fedora,CROSS_FAMILY,DeviceAllow,178,335,18,18,0.05373134328358209,0.05373134328358209,0.0,-1.7543859649122806,1.2659232469359036,C1X,paired lineage
Debian ↔ Fedora,CROSS_FAMILY,IPAddressDeny,178,335,19,19,0.056716417910447764,0.056716417910447764,0.0,0.0,0.0,C1X,paired lineage
Debian ↔ Fedora,CROSS_FAMILY,KeyringMode,178,335,334,334,0.9970149253731343,0.9970149253731343,0.0,0.0,0.0,C1X,paired lineage
Debian ↔ Fedora,CROSS_FAMILY,LockPersonality,178,335,46,40,0.1373134328358209,0.11940298507462686,1.791044776119403,0.0,4.417670682730924,C1X,paired lineage
Debian ↔ Fedora,CROSS_FAMILY,MemoryDenyWriteExecute,178,335,56,52,0.16716417910447762,0.15522388059701492,1.1940298507462688,-1.1594202898550725,4.132309078481327,C1X,paired lineage
Debian ↔ Fedora,CROSS_FAMILY,NoNewPrivileges,178,335,60,52,0.1791044776119403,0.15522388059701492,2.3880597014925375,0.4015863051404013,5.384615384615385,C1X,paired lineage
Debian ↔ Fedora,CROSS_FAMILY,NotifyAccess,178,335,325,324,0.9701492537313433,0.9671641791044776,0.2985074626865672,0.0,1.1764705882352942,C1X,paired lineage
Debian ↔ Fedora,CROSS_FAMILY,PrivateDevices,178,335,38,31,0.11343283582089553,0.09253731343283582,2.0895522388059704,0.23916375400138,4.59778929553628,C1X,paired lineage
Debian ↔ Fedora,CROSS_FAMILY,PrivateMounts,178,335,335,335,1.0,1.0,0.0,0.0,0.0,C1X,paired lineage
Debian ↔ Fedora,CROSS_FAMILY,PrivateNetwork,178,335,13,13,0.03880597014925373,0.03880597014925373,0.0,0.0,0.0,C1X,paired lineage
Debian ↔ Fedora,CROSS_FAMILY,PrivateTmp,178,335,56,47,0.16716417910447762,0.14029850746268657,2.6865671641791042,0.0,6.593406593406594,C1X,paired lineage
Debian ↔ Fedora,CROSS_FAMILY,PrivateUsers,178,335,9,7,0.026865671641791045,0.020895522388059702,0.5970149253731344,0.0,2.290131017738795,C1X,paired lineage
Debian ↔ Fedora,CROSS_FAMILY,ProcSubset,178,335,3,2,0.008955223880597015,0.005970149253731343,0.2985074626865672,0.0,1.1764705882352942,C1X,paired lineage
Debian ↔ Fedora,CROSS_FAMILY,ProtectClock,178,335,31,22,0.09253731343283582,0.06567164179104477,2.6865671641791042,0.7152820355610056,5.803571428571429,C1X,paired lineage
Debian ↔ Fedora,CROSS_FAMILY,ProtectControlGroups,178,335,59,50,0.1761194029850746,0.14925373134328357,2.6865671641791042,0.38019213042977307,5.809128630705394,C1X,paired lineage
Debian ↔ Fedora,CROSS_FAMILY,ProtectHome,178,335,49,39,0.14626865671641792,0.11641791044776119,2.9850746268656714,0.9460774197352518,6.250612745098031,C1X,paired lineage
Debian ↔ Fedora,CROSS_FAMILY,ProtectHostname,178,335,42,34,0.1253731343283582,0.10149253731343283,2.3880597014925375,0.5141058598642145,5.263157894736842,C1X,paired lineage
Debian ↔ Fedora,CROSS_FAMILY,ProtectKernelLogs,178,335,46,37,0.1373134328358209,0.11044776119402985,2.6865671641791042,0.8107834555202977,5.327868852459016,C1X,paired lineage
Debian ↔ Fedora,CROSS_FAMILY,ProtectKernelModules,178,335,56,48,0.16716417910447762,0.14328358208955225,2.3880597014925375,0.0,5.376464631853029,C1X,paired lineage
Debian ↔ Fedora,CROSS_FAMILY,ProtectKernelTunables,178,335,43,35,0.12835820895522387,0.1044776119402985,2.3880597014925375,0.22469396475881662,5.517650265776196,C1X,paired lineage
Debian ↔ Fedora,CROSS_FAMILY,ProtectProc,178,335,23,19,0.06865671641791045,0.056716417910447764,1.1940298507462688,0.0,2.7777777777777777,C1X,paired lineage
Debian ↔ Fedora,CROSS_FAMILY,ProtectSystem,178,335,38,33,0.11343283582089553,0.09850746268656717,1.4925373134328357,-0.42198562540227413,4.181217789907394,C1X,paired lineage
Debian ↔ Fedora,CROSS_FAMILY,RemoveIPC,178,335,15,13,0.04477611940298507,0.03880597014925373,0.5970149253731344,-0.6431386785603153,2.4390243902439024,C1X,paired lineage
Debian ↔ Fedora,CROSS_FAMILY,RestrictAddressFamilies,178,335,52,47,0.15522388059701492,0.14029850746268657,1.4925373134328357,0.0,3.9146175449127463,C1X,paired lineage
Debian ↔ Fedora,CROSS_FAMILY,RestrictNamespaces,178,335,42,36,0.1253731343283582,0.10746268656716418,1.791044776119403,0.0,4.361463432725113,C1X,paired lineage
Debian ↔ Fedora,CROSS_FAMILY,RestrictRealtime,178,335,57,51,0.1701492537313433,0.15223880597014924,1.791044776119403,-0.3077881619937694,4.651343348259422,C1X,paired lineage
Debian ↔ Fedora,CROSS_FAMILY,RestrictSUIDSGID,178,335,40,35,0.11940298507462686,0.1044776119402985,1.4925373134328357,-0.3049248092174173,4.032258064516129,C1X,paired lineage
Debian ↔ Fedora,CROSS_FAMILY,RootDirectoryOrRootImage,178,335,0,0,0.0,0.0,0.0,0.0,0.0,C1X,paired lineage
Debian ↔ Fedora,CROSS_FAMILY,SupplementaryGroups,178,335,62,72,0.18507462686567164,0.21492537313432836,-2.9850746268656714,-10.180083911125118,1.2195121951219512,C1X,paired lineage
Debian ↔ Fedora,CROSS_FAMILY,SystemCallArchitectures,178,335,43,38,0.12835820895522387,0.11343283582089553,1.4925373134328357,-0.37178188980746824,4.029304029304029,C1X,paired lineage
Debian ↔ Fedora,CROSS_FAMILY,SystemCallFilter,178,335,44,36,0.13134328358208955,0.10746268656716418,2.3880597014925375,0.8644912054059426,4.762283894449493,C1X,paired lineage
Debian ↔ Fedora,CROSS_FAMILY,UMask,178,335,6,6,0.01791044776119403,0.01791044776119403,0.0,-0.9036144578313252,0.8645533141210375,C1X,paired lineage
Debian ↔ Fedora,CROSS_FAMILY,UserOrDynamicUser,178,335,66,76,0.19701492537313434,0.22686567164179106,-2.9850746268656714,-10.037923205508845,1.2903225806451613,C1X,paired lineage
Debian ↔ Arch,CROSS_FAMILY,AmbientCapabilities,130,192,177,172,0.921875,0.8958333333333334,2.604166666666667,0.0,5.699481865284974,C1X,paired lineage
Debian ↔ Arch,CROSS_FAMILY,CapabilityBoundingSet,130,192,73,75,0.3802083333333333,0.390625,-1.0416666666666665,-7.965486725663716,5.465368852459003,C1X,paired lineage
Debian ↔ Arch,CROSS_FAMILY,Delegate,130,192,190,190,0.9895833333333334,0.9895833333333334,0.0,0.0,0.0,C1X,paired lineage
Debian ↔ Arch,CROSS_FAMILY,DeviceAllow,130,192,14,18,0.07291666666666667,0.09375,-2.083333333333333,-6.952204219543991,3.0306875865251444,C1X,paired lineage
Debian ↔ Arch,CROSS_FAMILY,IPAddressDeny,130,192,4,4,0.020833333333333332,0.020833333333333332,0.0,0.0,0.0,C1X,paired lineage
Debian ↔ Arch,CROSS_FAMILY,KeyringMode,130,192,192,192,1.0,1.0,0.0,0.0,0.0,C1X,paired lineage
Debian ↔ Arch,CROSS_FAMILY,LockPersonality,130,192,28,30,0.14583333333333334,0.15625,-1.0416666666666665,-5.181871274970798,2.941538684439288,C1X,paired lineage
Debian ↔ Arch,CROSS_FAMILY,MemoryDenyWriteExecute,130,192,33,34,0.171875,0.17708333333333334,-0.5208333333333333,-4.433771209633278,3.636600378787875,C1X,paired lineage
Debian ↔ Arch,CROSS_FAMILY,NoNewPrivileges,130,192,42,48,0.21875,0.25,-3.125,-8.911333097595474,2.395425495163516,C1X,paired lineage
Debian ↔ Arch,CROSS_FAMILY,NotifyAccess,130,192,190,190,0.9895833333333334,0.9895833333333334,0.0,0.0,0.0,C1X,paired lineage
Debian ↔ Arch,CROSS_FAMILY,PrivateDevices,130,192,33,33,0.171875,0.171875,0.0,-4.597701149425287,4.9108972482435576,C1X,paired lineage
Debian ↔ Arch,CROSS_FAMILY,PrivateMounts,130,192,192,192,1.0,1.0,0.0,0.0,0.0,C1X,paired lineage
Debian ↔ Arch,CROSS_FAMILY,PrivateNetwork,130,192,9,9,0.046875,0.046875,0.0,0.0,0.0,C1X,paired lineage
Debian ↔ Arch,CROSS_FAMILY,PrivateTmp,130,192,44,43,0.22916666666666666,0.22395833333333334,0.5208333333333333,-4.568527918781726,5.472636815920398,C1X,paired lineage
Debian ↔ Arch,CROSS_FAMILY,PrivateUsers,130,192,10,8,0.052083333333333336,0.041666666666666664,1.0416666666666665,-1.6666666666666667,4.324324324324325,C1X,paired lineage
Debian ↔ Arch,CROSS_FAMILY,ProcSubset,130,192,3,3,0.015625,0.015625,0.0,-1.5544041450777202,1.5546065414507741,C1X,paired lineage
Debian ↔ Arch,CROSS_FAMILY,ProtectClock,130,192,24,21,0.125,0.109375,1.5625,-2.010304045479925,5.479828390787289,C1X,paired lineage
Debian ↔ Arch,CROSS_FAMILY,ProtectControlGroups,130,192,42,40,0.21875,0.20833333333333334,1.0416666666666665,-3.1254090314136125,5.320578814916474,C1X,paired lineage
Debian ↔ Arch,CROSS_FAMILY,ProtectHome,130,192,37,40,0.19270833333333334,0.20833333333333334,-1.5625,-5.660913379073756,2.4271844660194173,C1X,paired lineage
Debian ↔ Arch,CROSS_FAMILY,ProtectHostname,130,192,28,32,0.14583333333333334,0.16666666666666666,-2.083333333333333,-6.321839080459771,2.105541631857417,C1X,paired lineage
Debian ↔ Arch,CROSS_FAMILY,ProtectKernelLogs,130,192,31,30,0.16145833333333334,0.15625,0.5208333333333333,-3.431795131845842,4.545454545454546,C1X,paired lineage
Debian ↔ Arch,CROSS_FAMILY,ProtectKernelModules,130,192,41,38,0.21354166666666666,0.19791666666666666,1.5625,-2.6455026455026456,5.820234242564338,C1X,paired lineage
Debian ↔ Arch,CROSS_FAMILY,ProtectKernelTunables,130,192,40,35,0.20833333333333334,0.18229166666666666,2.604166666666667,-2.4630541871921183,8.247547793013709,C1X,paired lineage
Debian ↔ Arch,CROSS_FAMILY,ProtectProc,130,192,19,13,0.09895833333333333,0.06770833333333333,3.125,-0.5102694924123495,7.526881720430108,C1X,paired lineage
Debian ↔ Arch,CROSS_FAMILY,ProtectSystem,130,192,26,30,0.13541666666666666,0.15625,-2.083333333333333,-6.857732634338139,2.512562814070352,C1X,paired lineage
Debian ↔ Arch,CROSS_FAMILY,RemoveIPC,130,192,18,18,0.09375,0.09375,0.0,-3.8461538461538463,3.930192335999214,C1X,paired lineage
Debian ↔ Arch,CROSS_FAMILY,RestrictAddressFamilies,130,192,31,29,0.16145833333333334,0.15104166666666666,1.0416666666666665,-1.5959580157014448,4.167212041884809,C1X,paired lineage
Debian ↔ Arch,CROSS_FAMILY,RestrictNamespaces,130,192,27,27,0.140625,0.140625,0.0,-3.5362554112554108,3.5175879396984926,C1X,paired lineage
Debian ↔ Arch,CROSS_FAMILY,RestrictRealtime,130,192,35,37,0.18229166666666666,0.19270833333333334,-1.0416666666666665,-5.2138284409816125,3.1581328887830407,C1X,paired lineage
Debian ↔ Arch,CROSS_FAMILY,RestrictSUIDSGID,130,192,26,27,0.13541666666666666,0.140625,-0.5208333333333333,-4.494522471910113,3.571428571428571,C1X,paired lineage
Debian ↔ Arch,CROSS_FAMILY,RootDirectoryOrRootImage,130,192,0,0,0.0,0.0,0.0,0.0,0.0,C1X,paired lineage
Debian ↔ Arch,CROSS_FAMILY,SupplementaryGroups,130,192,58,67,0.3020833333333333,0.3489583333333333,-4.6875,-14.692291608586562,2.2989829969807705,C1X,paired lineage
Debian ↔ Arch,CROSS_FAMILY,SystemCallArchitectures,130,192,22,19,0.11458333333333333,0.09895833333333333,1.5625,-1.6304347826086956,5.294117647058823,C1X,paired lineage
Debian ↔ Arch,CROSS_FAMILY,SystemCallFilter,130,192,24,23,0.125,0.11979166666666667,0.5208333333333333,-2.793296089385475,3.954802259887006,C1X,paired lineage
Debian ↔ Arch,CROSS_FAMILY,UMask,130,192,5,4,0.026041666666666668,0.020833333333333332,0.5208333333333333,0.0,1.7142857142857144,C1X,paired lineage
Debian ↔ Arch,CROSS_FAMILY,UserOrDynamicUser,130,192,58,67,0.3020833333333333,0.3489583333333333,-4.6875,-14.563106796116504,2.3529411764705883,C1X,paired lineage
Ubuntu ↔ Fedora,CROSS_FAMILY,AmbientCapabilities,239,434,418,420,0.9631336405529954,0.967741935483871,-0.4608294930875576,-1.3236522751822843,0.0,C1X,paired lineage
Ubuntu ↔ Fedora,CROSS_FAMILY,CapabilityBoundingSet,239,434,106,94,0.24423963133640553,0.21658986175115208,2.7649769585253456,0.5194245409762651,5.77517144995494,C1X,paired lineage
Ubuntu ↔ Fedora,CROSS_FAMILY,Delegate,239,434,431,431,0.9930875576036866,0.9930875576036866,0.0,0.0,0.0,C1X,paired lineage
Ubuntu ↔ Fedora,CROSS_FAMILY,DeviceAllow,239,434,27,25,0.06221198156682028,0.0576036866359447,0.4608294930875576,-0.9346231929714024,2.0896390142311683,C1X,paired lineage
Ubuntu ↔ Fedora,CROSS_FAMILY,IPAddressDeny,239,434,22,22,0.05069124423963134,0.05069124423963134,0.0,0.0,0.0,C1X,paired lineage
Ubuntu ↔ Fedora,CROSS_FAMILY,KeyringMode,239,434,434,434,1.0,1.0,0.0,0.0,0.0,C1X,paired lineage
Ubuntu ↔ Fedora,CROSS_FAMILY,LockPersonality,239,434,58,50,0.1336405529953917,0.1152073732718894,1.8433179723502304,0.0,4.228874509627091,C1X,paired lineage
Ubuntu ↔ Fedora,CROSS_FAMILY,MemoryDenyWriteExecute,239,434,66,60,0.15207373271889402,0.1382488479262673,1.3824884792626728,-0.6060606060606061,3.968303202174169,C1X,paired lineage
Ubuntu ↔ Fedora,CROSS_FAMILY,NoNewPrivileges,239,434,75,64,0.1728110599078341,0.14746543778801843,2.5345622119815667,0.5601331441667576,5.26345968131337,C1X,paired lineage
Ubuntu ↔ Fedora,CROSS_FAMILY,NotifyAccess,239,434,422,421,0.9723502304147466,0.9700460829493087,0.2304147465437788,0.0,0.8620689655172413,C1X,paired lineage
Ubuntu ↔ Fedora,CROSS_FAMILY,PrivateDevices,239,434,55,44,0.12672811059907835,0.10138248847926268,2.5345622119815667,0.6492459153749477,5.217675475987492,C1X,paired lineage
Ubuntu ↔ Fedora,CROSS_FAMILY,PrivateMounts,239,434,434,434,1.0,1.0,0.0,0.0,0.0,C1X,paired lineage
Ubuntu ↔ Fedora,CROSS_FAMILY,PrivateNetwork,239,434,17,17,0.03917050691244239,0.03917050691244239,0.0,0.0,0.0,C1X,paired lineage
Ubuntu ↔ Fedora,CROSS_FAMILY,PrivateTmp,239,434,78,64,0.17972350230414746,0.14746543778801843,3.225806451612903,0.5713878713878714,6.722891079508724,C1X,paired lineage
Ubuntu ↔ Fedora,CROSS_FAMILY,PrivateUsers,239,434,16,12,0.03686635944700461,0.027649769585253458,0.9216589861751152,0.0,2.5316455696202533,C1X,paired lineage
Ubuntu ↔ Fedora,CROSS_FAMILY,ProcSubset,239,434,7,6,0.016129032258064516,0.013824884792626729,0.2304147465437788,0.0,0.8670520231213872,C1X,paired lineage
Ubuntu ↔ Fedora,CROSS_FAMILY,ProtectClock,239,434,40,29,0.09216589861751152,0.06682027649769585,2.5345622119815667,0.702576112412178,5.172413793103448,C1X,paired lineage
Ubuntu ↔ Fedora,CROSS_FAMILY,ProtectControlGroups,239,434,71,63,0.16359447004608296,0.14516129032258066,1.8433179723502304,-0.3414601572933669,4.657713966212706,C1X,paired lineage
Ubuntu ↔ Fedora,CROSS_FAMILY,ProtectHome,239,434,68,53,0.15668202764976957,0.12211981566820276,3.4562211981566824,1.196378041878891,6.629834254143646,C1X,paired lineage
Ubuntu ↔ Fedora,CROSS_FAMILY,ProtectHostname,239,434,52,42,0.11981566820276497,0.0967741935483871,2.3041474654377883,0.5757606896577034,4.848701298701295,C1X,paired lineage
Ubuntu ↔ Fedora,CROSS_FAMILY,ProtectKernelLogs,239,434,56,46,0.12903225806451613,0.10599078341013825,2.3041474654377883,0.5249343832020997,4.788774563548958,C1X,paired lineage
Ubuntu ↔ Fedora,CROSS_FAMILY,ProtectKernelModules,239,434,67,59,0.1543778801843318,0.1359447004608295,1.8433179723502304,-0.2890805372520602,4.68341775526526,C1X,paired lineage
Ubuntu ↔ Fedora,CROSS_FAMILY,ProtectKernelTunables,239,434,54,45,0.12442396313364056,0.10368663594470046,2.0737327188940093,0.0,4.864996489996488,C1X,paired lineage
Ubuntu ↔ Fedora,CROSS_FAMILY,ProtectProc,239,434,28,23,0.06451612903225806,0.052995391705069124,1.1520737327188941,0.0,2.895918440113688,C1X,paired lineage
Ubuntu ↔ Fedora,CROSS_FAMILY,ProtectSystem,239,434,52,43,0.11981566820276497,0.09907834101382489,2.0737327188940093,0.2272598433312719,4.60137247077992,C1X,paired lineage
Ubuntu ↔ Fedora,CROSS_FAMILY,RemoveIPC,239,434,25,19,0.0576036866359447,0.04377880184331797,1.3824884792626728,0.0,3.385527012711863,C1X,paired lineage
Ubuntu ↔ Fedora,CROSS_FAMILY,RestrictAddressFamilies,239,434,63,56,0.14516129032258066,0.12903225806451613,1.6129032258064515,0.19645402365268305,3.7737220272049123,C1X,paired lineage
Ubuntu ↔ Fedora,CROSS_FAMILY,RestrictNamespaces,239,434,53,45,0.12211981566820276,0.10368663594470046,1.8433179723502304,0.20574023477028947,4.069925429726995,C1X,paired lineage
Ubuntu ↔ Fedora,CROSS_FAMILY,RestrictRealtime,239,434,68,60,0.15668202764976957,0.1382488479262673,1.8433179723502304,0.0,4.348142062689581,C1X,paired lineage
Ubuntu ↔ Fedora,CROSS_FAMILY,RestrictSUIDSGID,239,434,54,45,0.12442396313364056,0.10368663594470046,2.0737327188940093,0.23089403396028985,4.502423039152896,C1X,paired lineage
Ubuntu ↔ Fedora,CROSS_FAMILY,RootDirectoryOrRootImage,239,434,0,0,0.0,0.0,0.0,0.0,0.0,C1X,paired lineage
Ubuntu ↔ Fedora,CROSS_FAMILY,SupplementaryGroups,239,434,95,104,0.21889400921658986,0.23963133640552994,-2.0737327188940093,-4.776476896952364,0.0,C1X,paired lineage
Ubuntu ↔ Fedora,CROSS_FAMILY,SystemCallArchitectures,239,434,54,48,0.12442396313364056,0.11059907834101383,1.3824884792626728,-0.22172949002217296,3.8781163434903045,C1X,paired lineage
Ubuntu ↔ Fedora,CROSS_FAMILY,SystemCallFilter,239,434,53,44,0.12211981566820276,0.10138248847926268,2.0737327188940093,0.6072567783094099,4.3245753493431485,C1X,paired lineage
Ubuntu ↔ Fedora,CROSS_FAMILY,UMask,239,434,8,8,0.018433179723502304,0.018433179723502304,0.0,-0.6452660242982823,0.6803107606679029,C1X,paired lineage
Ubuntu ↔ Fedora,CROSS_FAMILY,UserOrDynamicUser,239,434,100,108,0.2304147465437788,0.2488479262672811,-1.8433179723502304,-4.645490295778609,0.3138393545403103,C1X,paired lineage
Ubuntu ↔ Arch,CROSS_FAMILY,AmbientCapabilities,152,238,223,218,0.9369747899159664,0.9159663865546218,2.100840336134454,0.0,4.471544715447155,C1X,paired lineage
Ubuntu ↔ Arch,CROSS_FAMILY,CapabilityBoundingSet,152,238,85,85,0.35714285714285715,0.35714285714285715,0.0,-5.628713391871287,5.381528857631379,C1X,paired lineage
Ubuntu ↔ Arch,CROSS_FAMILY,Delegate,152,238,235,235,0.9873949579831933,0.9873949579831933,0.0,0.0,0.0,C1X,paired lineage
Ubuntu ↔ Arch,CROSS_FAMILY,DeviceAllow,152,238,17,19,0.07142857142857142,0.07983193277310924,-0.8403361344537815,-4.955048023229842,3.571428571428571,C1X,paired lineage
Ubuntu ↔ Arch,CROSS_FAMILY,IPAddressDeny,152,238,7,7,0.029411764705882353,0.029411764705882353,0.0,0.0,0.0,C1X,paired lineage
Ubuntu ↔ Arch,CROSS_FAMILY,KeyringMode,152,238,238,238,1.0,1.0,0.0,0.0,0.0,C1X,paired lineage
Ubuntu ↔ Arch,CROSS_FAMILY,LockPersonality,152,238,34,37,0.14285714285714285,0.15546218487394958,-1.2605042016806722,-4.938688688688688,2.3622047244094486,C1X,paired lineage
Ubuntu ↔ Arch,CROSS_FAMILY,MemoryDenyWriteExecute,152,238,38,39,0.15966386554621848,0.1638655462184874,-0.42016806722689076,-3.8282112624217888,3.070175438596491,C1X,paired lineage
Ubuntu ↔ Arch,CROSS_FAMILY,NoNewPrivileges,152,238,50,55,0.21008403361344538,0.23109243697478993,-2.100840336134454,-6.926406926406926,2.4896265560165975,C1X,paired lineage
Ubuntu ↔ Arch,CROSS_FAMILY,NotifyAccess,152,238,232,233,0.9747899159663865,0.9789915966386554,-0.42016806722689076,-1.3513513513513513,0.0,C1X,paired lineage
Ubuntu ↔ Arch,CROSS_FAMILY,PrivateDevices,152,238,42,40,0.17647058823529413,0.16806722689075632,0.8403361344537815,-3.017567920585162,5.286760779602184,C1X,paired lineage
Ubuntu ↔ Arch,CROSS_FAMILY,PrivateMounts,152,238,238,238,1.0,1.0,0.0,0.0,0.0,C1X,paired lineage
Ubuntu ↔ Arch,CROSS_FAMILY,PrivateNetwork,152,238,13,13,0.0546218487394958,0.0546218487394958,0.0,0.0,0.0,C1X,paired lineage
Ubuntu ↔ Arch,CROSS_FAMILY,PrivateTmp,152,238,56,52,0.23529411764705882,0.2184873949579832,1.680672268907563,-2.884702166064982,6.202067183462525,C1X,paired lineage
Ubuntu ↔ Arch,CROSS_FAMILY,PrivateUsers,152,238,14,14,0.058823529411764705,0.058823529411764705,0.0,-2.5381786113739997,2.7274502840909065,C1X,paired lineage
Ubuntu ↔ Arch,CROSS_FAMILY,ProcSubset,152,238,7,7,0.029411764705882353,0.029411764705882353,0.0,-1.25,1.2711864406779663,C1X,paired lineage
Ubuntu ↔ Arch,CROSS_FAMILY,ProtectClock,152,238,31,28,0.13025210084033614,0.11764705882352941,1.2605042016806722,-2.118869455463397,4.780919799064611,C1X,paired lineage
Ubuntu ↔ Arch,CROSS_FAMILY,ProtectControlGroups,152,238,51,47,0.21428571428571427,0.19747899159663865,1.680672268907563,-1.702127659574468,5.426567239635992,C1X,paired lineage
Ubuntu ↔ Arch,CROSS_FAMILY,ProtectHome,152,238,47,47,0.19747899159663865,0.19747899159663865,0.0,-3.8965273856578198,3.896357548701295,C1X,paired lineage
Ubuntu ↔ Arch,CROSS_FAMILY,ProtectHostname,152,238,35,39,0.14705882352941177,0.1638655462184874,-1.680672268907563,-5.454545454545454,2.0749049100968158,C1X,paired lineage
Ubuntu ↔ Arch,CROSS_FAMILY,ProtectKernelLogs,152,238,37,37,0.15546218487394958,0.15546218487394958,0.0,-3.524229074889868,3.5436132983377036,C1X,paired lineage
Ubuntu ↔ Arch,CROSS_FAMILY,ProtectKernelModules,152,238,50,45,0.21008403361344538,0.18907563025210083,2.100840336134454,-1.3395873552123552,5.936186084361859,C1X,paired lineage
Ubuntu ↔ Arch,CROSS_FAMILY,ProtectKernelTunables,152,238,49,42,0.20588235294117646,0.17647058823529413,2.941176470588235,-1.2878323393344853,7.589426989150088,C1X,paired lineage
Ubuntu ↔ Arch,CROSS_FAMILY,ProtectProc,152,238,22,18,0.09243697478991597,0.07563025210084033,1.680672268907563,-1.4018691588785046,5.381491543084676,C1X,paired lineage
Ubuntu ↔ Arch,CROSS_FAMILY,ProtectSystem,152,238,31,36,0.13025210084033614,0.15126050420168066,-2.100840336134454,-6.024096385542169,1.7094017094017095,C1X,paired lineage
Ubuntu ↔ Arch,CROSS_FAMILY,RemoveIPC,152,238,22,24,0.09243697478991597,0.10084033613445378,-0.8403361344537815,-4.247309619650045,2.6200873362445414,C1X,paired lineage
Ubuntu ↔ Arch,CROSS_FAMILY,RestrictAddressFamilies,152,238,36,36,0.15126050420168066,0.15126050420168066,0.0,-2.4898858921161824,2.767072902942464,C1X,paired lineage
Ubuntu ↔ Arch,CROSS_FAMILY,RestrictNamespaces,152,238,34,34,0.14285714285714285,0.14285714285714285,0.0,-3.113144455252918,3.238913255360623,C1X,paired lineage
Ubuntu ↔ Arch,CROSS_FAMILY,RestrictRealtime,152,238,41,44,0.1722689075630252,0.18487394957983194,-1.2605042016806722,-4.958677685950414,2.4901473983923257,C1X,paired lineage
Ubuntu ↔ Arch,CROSS_FAMILY,RestrictSUIDSGID,152,238,32,34,0.13445378151260504,0.14285714285714285,-0.8403361344537815,-4.266063909850904,2.7400402161618653,C1X,paired lineage
Ubuntu ↔ Arch,CROSS_FAMILY,RootDirectoryOrRootImage,152,238,0,0,0.0,0.0,0.0,0.0,0.0,C1X,paired lineage
Ubuntu ↔ Arch,CROSS_FAMILY,SupplementaryGroups,152,238,82,80,0.3445378151260504,0.33613445378151263,0.8403361344537815,-1.3953488372093024,3.3495054631150434,C1X,paired lineage
Ubuntu ↔ Arch,CROSS_FAMILY,SystemCallArchitectures,152,238,27,26,0.1134453781512605,0.1092436974789916,0.42016806722689076,-2.608695652173913,3.518032079589862,C1X,paired lineage
Ubuntu ↔ Arch,CROSS_FAMILY,SystemCallFilter,152,238,30,31,0.12605042016806722,0.13025210084033614,-0.42016806722689076,-3.419243986254296,2.666666666666667,C1X,paired lineage
Ubuntu ↔ Arch,CROSS_FAMILY,UMask,152,238,7,6,0.029411764705882353,0.025210084033613446,0.42016806722689076,0.0,1.3888888888888888,C1X,paired lineage
Ubuntu ↔ Arch,CROSS_FAMILY,UserOrDynamicUser,152,238,82,80,0.3445378151260504,0.33613445378151263,0.8403361344537815,-1.3763053312476219,3.200275229357794,C1X,paired lineage
Fedora ↔ Arch,CROSS_FAMILY,AmbientCapabilities,156,258,247,243,0.9573643410852714,0.9418604651162791,1.550387596899225,-0.41841004184100417,3.937007874015748,C1X,paired lineage
Fedora ↔ Arch,CROSS_FAMILY,CapabilityBoundingSet,156,258,74,84,0.2868217054263566,0.32558139534883723,-3.875968992248062,-8.898519522404447,0.3861377989284961,C1X,paired lineage
Fedora ↔ Arch,CROSS_FAMILY,Delegate,156,258,258,258,1.0,1.0,0.0,0.0,0.0,C1X,paired lineage
Fedora ↔ Arch,CROSS_FAMILY,DeviceAllow,156,258,14,17,0.05426356589147287,0.06589147286821706,-1.1627906976744187,-4.5627770853383405,1.8659782075537756,C1X,paired lineage
Fedora ↔ Arch,CROSS_FAMILY,IPAddressDeny,156,258,10,10,0.03875968992248062,0.03875968992248062,0.0,0.0,0.0,C1X,paired lineage
Fedora ↔ Arch,CROSS_FAMILY,KeyringMode,156,258,257,257,0.9961240310077519,0.9961240310077519,0.0,0.0,0.0,C1X,paired lineage
Fedora ↔ Arch,CROSS_FAMILY,LockPersonality,156,258,35,45,0.13565891472868216,0.1744186046511628,-3.875968992248062,-6.787458379578245,-1.6666666666666667,C1X,paired lineage
Fedora ↔ Arch,CROSS_FAMILY,MemoryDenyWriteExecute,156,258,32,38,0.12403100775193798,0.14728682170542637,-2.3255813953488373,-4.800087336244541,-0.3622861403233406,C1X,paired lineage
Fedora ↔ Arch,CROSS_FAMILY,NoNewPrivileges,156,258,37,53,0.1434108527131783,0.2054263565891473,-6.2015503875969,-10.212765957446807,-2.8036448598130854,C1X,paired lineage
Fedora ↔ Arch,CROSS_FAMILY,NotifyAccess,156,258,253,254,0.9806201550387597,0.9844961240310077,-0.3875968992248062,-1.3043478260869565,0.0,C1X,paired lineage
Fedora ↔ Arch,CROSS_FAMILY,PrivateDevices,156,258,33,44,0.12790697674418605,0.17054263565891473,-4.263565891472868,-7.87037037037037,-1.2819148936170233,C1X,paired lineage
Fedora ↔ Arch,CROSS_FAMILY,PrivateMounts,156,258,257,257,0.9961240310077519,0.9961240310077519,0.0,0.0,0.0,C1X,paired lineage
Fedora ↔ Arch,CROSS_FAMILY,PrivateNetwork,156,258,21,21,0.08139534883720931,0.08139534883720931,0.0,-1.1584133967854897,1.1674291707198425,C1X,paired lineage
Fedora ↔ Arch,CROSS_FAMILY,PrivateTmp,156,258,56,60,0.21705426356589147,0.23255813953488372,-1.550387596899225,-5.479596555112421,2.2026431718061676,C1X,paired lineage
Fedora ↔ Arch,CROSS_FAMILY,PrivateUsers,156,258,10,14,0.03875968992248062,0.05426356589147287,-1.550387596899225,-3.3333333333333335,-0.3496198923028196,C1X,paired lineage
Fedora ↔ Arch,CROSS_FAMILY,ProcSubset,156,258,8,10,0.031007751937984496,0.03875968992248062,-0.7751937984496124,-2.0516528925619832,0.0,C1X,paired lineage
Fedora ↔ Arch,CROSS_FAMILY,ProtectClock,156,258,27,34,0.10465116279069768,0.13178294573643412,-2.7131782945736433,-5.34997795414462,-0.4650091094202138,C1X,paired lineage
Fedora ↔ Arch,CROSS_FAMILY,ProtectControlGroups,156,258,45,52,0.1744186046511628,0.20155038759689922,-2.7131782945736433,-5.701796077646588,0.0,C1X,paired lineage
Fedora ↔ Arch,CROSS_FAMILY,ProtectHome,156,258,39,46,0.1511627906976744,0.17829457364341086,-2.7131782945736433,-6.349374495560936,0.4098360655737705,C1X,paired lineage
Fedora ↔ Arch,CROSS_FAMILY,ProtectHostname,156,258,34,42,0.13178294573643412,0.16279069767441862,-3.10077519379845,-5.833333333333333,-0.7518092985272179,C1X,paired lineage
Fedora ↔ Arch,CROSS_FAMILY,ProtectKernelLogs,156,258,32,41,0.12403100775193798,0.15891472868217055,-3.488372093023256,-6.11353711790393,-1.360314396028685,C1X,paired lineage
Fedora ↔ Arch,CROSS_FAMILY,ProtectKernelModules,156,258,41,49,0.15891472868217055,0.18992248062015504,-3.10077519379845,-6.048387096774194,-0.6776836158192131,C1X,paired lineage
Fedora ↔ Arch,CROSS_FAMILY,ProtectKernelTunables,156,258,38,46,0.14728682170542637,0.17829457364341086,-3.10077519379845,-6.194781686535507,-0.38461538461538464,C1X,paired lineage
Fedora ↔ Arch,CROSS_FAMILY,ProtectProc,156,258,18,22,0.06976744186046512,0.08527131782945736,-1.550387596899225,-3.571428571428571,0.3058103975535168,C1X,paired lineage
Fedora ↔ Arch,CROSS_FAMILY,ProtectSystem,156,258,29,37,0.1124031007751938,0.1434108527131783,-3.10077519379845,-6.25,-0.37033620336203416,C1X,paired lineage
Fedora ↔ Arch,CROSS_FAMILY,RemoveIPC,156,258,18,25,0.06976744186046512,0.09689922480620156,-2.7131782945736433,-5.333333333333334,-0.6825938566552902,C1X,paired lineage
Fedora ↔ Arch,CROSS_FAMILY,RestrictAddressFamilies,156,258,39,47,0.1511627906976744,0.1821705426356589,-3.10077519379845,-6.122644460082884,-0.6268132167682414,C1X,paired lineage
Fedora ↔ Arch,CROSS_FAMILY,RestrictNamespaces,156,258,34,43,0.13178294573643412,0.16666666666666666,-3.488372093023256,-6.363636363636363,-1.1450381679389312,C1X,paired lineage
Fedora ↔ Arch,CROSS_FAMILY,RestrictRealtime,156,258,43,53,0.16666666666666666,0.2054263565891473,-3.875968992248062,-6.726457399103139,-1.4545454545454546,C1X,paired lineage
Fedora ↔ Arch,CROSS_FAMILY,RestrictSUIDSGID,156,258,30,41,0.11627906976744186,0.15891472868217055,-4.263565891472868,-7.43801652892562,-1.7543859649122806,C1X,paired lineage
Fedora ↔ Arch,CROSS_FAMILY,RootDirectoryOrRootImage,156,258,0,0,0.0,0.0,0.0,0.0,0.0,C1X,paired lineage
Fedora ↔ Arch,CROSS_FAMILY,SupplementaryGroups,156,258,78,78,0.3023255813953488,0.3023255813953488,0.0,-2.928870292887029,2.880658436213992,C1X,paired lineage
Fedora ↔ Arch,CROSS_FAMILY,SystemCallArchitectures,156,258,25,33,0.09689922480620156,0.12790697674418605,-3.10077519379845,-6.048387096774194,-0.6209274854246875,C1X,paired lineage
Fedora ↔ Arch,CROSS_FAMILY,SystemCallFilter,156,258,27,34,0.10465116279069768,0.13178294573643412,-2.7131782945736433,-5.5560718711276325,-0.36363636363636365,C1X,paired lineage
Fedora ↔ Arch,CROSS_FAMILY,UMask,156,258,10,11,0.03875968992248062,0.04263565891472868,-0.3875968992248062,-1.8315018315018317,0.8547008547008548,C1X,paired lineage
Fedora ↔ Arch,CROSS_FAMILY,UserOrDynamicUser,156,258,80,82,0.31007751937984496,0.3178294573643411,-0.7751937984496124,-3.7880094043887147,2.0,C1X,paired lineage
Debian ↔ Ubuntu,DERIVATIVE_FAMILY,AmbientCapabilities,256,459,437,437,0.9520697167755992,0.9520697167755992,0.0,0.0,0.0,C1D,paired lineage
Debian ↔ Ubuntu,DERIVATIVE_FAMILY,CapabilityBoundingSet,256,459,117,119,0.2549019607843137,0.25925925925925924,-0.4357298474945534,-1.4427083333333333,0.3704220980757286,C1D,paired lineage
Debian ↔ Ubuntu,DERIVATIVE_FAMILY,Delegate,256,459,454,454,0.9891067538126361,0.9891067538126361,0.0,0.0,0.0,C1D,paired lineage
Debian ↔ Ubuntu,DERIVATIVE_FAMILY,DeviceAllow,256,459,32,31,0.06971677559912855,0.06753812636165578,0.2178649237472767,0.0,0.5110950572995095,C1D,paired lineage
Debian ↔ Ubuntu,DERIVATIVE_FAMILY,IPAddressDeny,256,459,20,20,0.04357298474945534,0.04357298474945534,0.0,0.0,0.0,C1D,paired lineage
Debian ↔ Ubuntu,DERIVATIVE_FAMILY,KeyringMode,256,459,458,458,0.9978213507625272,0.9978213507625272,0.0,0.0,0.0,C1D,paired lineage
Debian ↔ Ubuntu,DERIVATIVE_FAMILY,LockPersonality,256,459,58,59,0.12636165577342048,0.12854030501089325,-0.2178649237472767,-0.7853403141361256,0.0,C1D,paired lineage
Debian ↔ Ubuntu,DERIVATIVE_FAMILY,MemoryDenyWriteExecute,256,459,67,68,0.14596949891067537,0.14814814814814814,-0.2178649237472767,-0.7772272736436765,0.0,C1D,paired lineage
Debian ↔ Ubuntu,DERIVATIVE_FAMILY,NoNewPrivileges,256,459,81,83,0.17647058823529413,0.18082788671023964,-0.4357298474945534,-1.201364407886147,0.0,C1D,paired lineage
Debian ↔ Ubuntu,DERIVATIVE_FAMILY,NotifyAccess,256,459,448,447,0.9760348583877996,0.9738562091503268,0.2178649237472767,0.0,0.7874533775383333,C1D,paired lineage
Debian ↔ Ubuntu,DERIVATIVE_FAMILY,PrivateDevices,256,459,59,58,0.12854030501089325,0.12636165577342048,0.2178649237472767,-0.546448087431694,0.8621061878387225,C1D,paired lineage
Debian ↔ Ubuntu,DERIVATIVE_FAMILY,PrivateMounts,256,459,459,459,1.0,1.0,0.0,0.0,0.0,C1D,paired lineage
Debian ↔ Ubuntu,DERIVATIVE_FAMILY,PrivateNetwork,256,459,19,19,0.04139433551198257,0.04139433551198257,0.0,0.0,0.0,C1D,paired lineage
Debian ↔ Ubuntu,DERIVATIVE_FAMILY,PrivateTmp,256,459,83,82,0.18082788671023964,0.1786492374727669,0.2178649237472767,0.0,0.7968392387895225,C1D,paired lineage
Debian ↔ Ubuntu,DERIVATIVE_FAMILY,PrivateUsers,256,459,12,12,0.026143790849673203,0.026143790849673203,0.0,0.0,0.0,C1D,paired lineage
Debian ↔ Ubuntu,DERIVATIVE_FAMILY,ProcSubset,256,459,3,4,0.006535947712418301,0.008714596949891068,-0.2178649237472767,-0.78125,0.0,C1D,paired lineage
Debian ↔ Ubuntu,DERIVATIVE_FAMILY,ProtectClock,256,459,37,38,0.08061002178649238,0.08278867102396514,-0.2178649237472767,-0.7915697902244051,0.0,C1D,paired lineage
Debian ↔ Ubuntu,DERIVATIVE_FAMILY,ProtectControlGroups,256,459,72,72,0.1568627450980392,0.1568627450980392,0.0,-0.9902841905138144,0.7312614259597806,C1D,paired lineage
Debian ↔ Ubuntu,DERIVATIVE_FAMILY,ProtectHome,256,459,66,65,0.1437908496732026,0.14161220043572983,0.2178649237472767,0.0,0.7832898172323759,C1D,paired lineage
Debian ↔ Ubuntu,DERIVATIVE_FAMILY,ProtectHostname,256,459,51,52,0.1111111111111111,0.11328976034858387,-0.2178649237472767,-0.7905399063480971,0.0,C1D,paired lineage
Debian ↔ Ubuntu,DERIVATIVE_FAMILY,ProtectKernelLogs,256,459,51,51,0.1111111111111111,0.1111111111111111,0.0,-0.7673126106629944,0.47551164324873446,C1D,paired lineage
Debian ↔ Ubuntu,DERIVATIVE_FAMILY,ProtectKernelModules,256,459,69,69,0.1503267973856209,0.1503267973856209,0.0,-1.0309944324569114,0.7476845374671215,C1D,paired lineage
Debian ↔ Ubuntu,DERIVATIVE_FAMILY,ProtectKernelTunables,256,459,59,60,0.12854030501089325,0.13071895424836602,-0.2178649237472767,-1.0638297872340425,0.5277044854881267,C1D,paired lineage
Debian ↔ Ubuntu,DERIVATIVE_FAMILY,ProtectProc,256,459,29,29,0.06318082788671024,0.06318082788671024,0.0,-0.7445564516129032,0.4815409309791332,C1D,paired lineage
Debian ↔ Ubuntu,DERIVATIVE_FAMILY,ProtectSystem,256,459,47,47,0.10239651416122005,0.10239651416122005,0.0,0.0,0.0,C1D,paired lineage
Debian ↔ Ubuntu,DERIVATIVE_FAMILY,RemoveIPC,256,459,23,23,0.05010893246187364,0.05010893246187364,0.0,0.0,0.0,C1D,paired lineage
Debian ↔ Ubuntu,DERIVATIVE_FAMILY,RestrictAddressFamilies,256,459,65,65,0.14161220043572983,0.14161220043572983,0.0,0.0,0.0,C1D,paired lineage
Debian ↔ Ubuntu,DERIVATIVE_FAMILY,RestrictNamespaces,256,459,51,53,0.1111111111111111,0.11546840958605664,-0.4357298474945534,-1.1594202898550725,0.0,C1D,paired lineage
Debian ↔ Ubuntu,DERIVATIVE_FAMILY,RestrictRealtime,256,459,70,71,0.15250544662309368,0.15468409586056645,-0.2178649237472767,-0.7853918456528011,0.0,C1D,paired lineage
Debian ↔ Ubuntu,DERIVATIVE_FAMILY,RestrictSUIDSGID,256,459,49,50,0.10675381263616558,0.10893246187363835,-0.2178649237472767,-0.78125,0.0,C1D,paired lineage
Debian ↔ Ubuntu,DERIVATIVE_FAMILY,RootDirectoryOrRootImage,256,459,0,0,0.0,0.0,0.0,0.0,0.0,C1D,paired lineage
Debian ↔ Ubuntu,DERIVATIVE_FAMILY,SupplementaryGroups,256,459,104,114,0.22657952069716775,0.24836601307189543,-2.178649237472767,-7.017543859649122,0.0,C1D,paired lineage
Debian ↔ Ubuntu,DERIVATIVE_FAMILY,SystemCallArchitectures,256,459,52,52,0.11328976034858387,0.11328976034858387,0.0,-0.7634074622215298,0.4800192307692305,C1D,paired lineage
Debian ↔ Ubuntu,DERIVATIVE_FAMILY,SystemCallFilter,256,459,52,51,0.11328976034858387,0.1111111111111111,0.2178649237472767,0.0,0.5110950572995095,C1D,paired lineage
Debian ↔ Ubuntu,DERIVATIVE_FAMILY,UMask,256,459,6,6,0.013071895424836602,0.013071895424836602,0.0,0.0,0.0,C1D,paired lineage
Debian ↔ Ubuntu,DERIVATIVE_FAMILY,UserOrDynamicUser,256,459,108,118,0.23529411764705882,0.2570806100217865,-2.178649237472767,-7.142857142857142,0.0,C1D,paired lineage
