distribution,assessment_id,assessment_family,enabled,lineages,projects,proportion,ci_low,ci_high,cohort,observational_unit
arch,AmbientCapabilities,AmbientCapabilities,323,351,219,0.9202279202279202,0.8848684210526315,0.949438202247191,C1X,lineage-distribution
arch,CapabilityBoundingSet_CAP_AUDIT,CapabilityBoundingSet,74,351,219,0.21082621082621084,0.14465045261206239,0.28493150684931506,C1X,lineage-distribution
arch,CapabilityBoundingSet_CAP_BLOCK_SUSPEND,CapabilityBoundingSet,74,351,219,0.21082621082621084,0.144169790138081,0.2857142857142857,C1X,lineage-distribution
arch,CapabilityBoundingSet_CAP_BPF,CapabilityBoundingSet,71,351,219,0.2022792022792023,0.1356442673078009,0.2784136730205278,C1X,lineage-distribution
arch,CapabilityBoundingSet_CAP_CHOWN_FSETID_SETFCAP,CapabilityBoundingSet,63,351,219,0.1794871794871795,0.11964962121212122,0.25,C1X,lineage-distribution
arch,CapabilityBoundingSet_CAP_DAC_FOWNER_IPC_OWNER,CapabilityBoundingSet,57,351,219,0.1623931623931624,0.1090897001934236,0.22185528429797405,C1X,lineage-distribution
arch,CapabilityBoundingSet_CAP_IPC_LOCK,CapabilityBoundingSet,68,351,219,0.19373219373219372,0.13249831081081082,0.266235145873956,C1X,lineage-distribution
arch,CapabilityBoundingSet_CAP_KILL,CapabilityBoundingSet,71,351,219,0.2022792022792023,0.13757836123607936,0.2758673577321768,C1X,lineage-distribution
arch,CapabilityBoundingSet_CAP_LEASE,CapabilityBoundingSet,74,351,219,0.21082621082621084,0.14457210284436717,0.2857142857142857,C1X,lineage-distribution
arch,CapabilityBoundingSet_CAP_LINUX_IMMUTABLE,CapabilityBoundingSet,74,351,219,0.21082621082621084,0.14457831325301204,0.2879591623036649,C1X,lineage-distribution
arch,CapabilityBoundingSet_CAP_MAC,CapabilityBoundingSet,74,351,219,0.21082621082621084,0.14479744847467838,0.2869578352817549,C1X,lineage-distribution
arch,CapabilityBoundingSet_CAP_MKNOD,CapabilityBoundingSet,92,351,219,0.2621082621082621,0.19475936692506463,0.3375,C1X,lineage-distribution
arch,CapabilityBoundingSet_CAP_NET_ADMIN,CapabilityBoundingSet,70,351,219,0.19943019943019943,0.1357683094957524,0.27745704440068597,C1X,lineage-distribution
arch,CapabilityBoundingSet_CAP_NET_BIND_SERVICE_BROADCAST_RAW),CapabilityBoundingSet,49,351,219,0.1396011396011396,0.08253736068895644,0.20801091811414374,C1X,lineage-distribution
arch,CapabilityBoundingSet_CAP_SET_UID_GID_PCAP,CapabilityBoundingSet,64,351,219,0.18233618233618235,0.1239868330033633,0.2488255559606269,C1X,lineage-distribution
arch,CapabilityBoundingSet_CAP_SYSLOG,CapabilityBoundingSet,90,351,219,0.2564102564102564,0.1875,0.333353808353808,C1X,lineage-distribution
arch,CapabilityBoundingSet_CAP_SYS_ADMIN,CapabilityBoundingSet,64,351,219,0.18233618233618235,0.1236247947454844,0.25588410364145653,C1X,lineage-distribution
arch,CapabilityBoundingSet_CAP_SYS_BOOT,CapabilityBoundingSet,75,351,219,0.21367521367521367,0.1467065868263473,0.29058154799819774,C1X,lineage-distribution
arch,CapabilityBoundingSet_CAP_SYS_CHROOT,CapabilityBoundingSet,73,351,219,0.20797720797720798,0.14240810512418645,0.28418301114717087,C1X,lineage-distribution
arch,CapabilityBoundingSet_CAP_SYS_MODULE,CapabilityBoundingSet,93,351,219,0.26495726495726496,0.19390367736312988,0.34139157026011346,C1X,lineage-distribution
arch,CapabilityBoundingSet_CAP_SYS_NICE_RESOURCE,CapabilityBoundingSet,68,351,219,0.19373219373219372,0.13437479812661499,0.2631615804216423,C1X,lineage-distribution
arch,CapabilityBoundingSet_CAP_SYS_PACCT,CapabilityBoundingSet,74,351,219,0.21082621082621084,0.1440677966101695,0.2865333701972218,C1X,lineage-distribution
arch,CapabilityBoundingSet_CAP_SYS_PTRACE,CapabilityBoundingSet,73,351,219,0.20797720797720798,0.14252308230619892,0.28693243577075095,C1X,lineage-distribution
arch,CapabilityBoundingSet_CAP_SYS_RAWIO,CapabilityBoundingSet,93,351,219,0.26495726495726496,0.1954532392894462,0.3423443898443898,C1X,lineage-distribution
arch,CapabilityBoundingSet_CAP_SYS_TIME,CapabilityBoundingSet,86,351,219,0.245014245014245,0.1758763514542409,0.32432633526383525,C1X,lineage-distribution
arch,CapabilityBoundingSet_CAP_SYS_TTY_CONFIG,CapabilityBoundingSet,73,351,219,0.20797720797720798,0.14198688950999241,0.2875674284903116,C1X,lineage-distribution
arch,CapabilityBoundingSet_CAP_WAKE_ALARM,CapabilityBoundingSet,87,351,219,0.24786324786324787,0.1778336197021764,0.3294460641399417,C1X,lineage-distribution
arch,Delegate,Delegate,348,351,219,0.9914529914529915,0.9768735570198352,1.0,C1X,lineage-distribution
arch,DeviceAllow,DeviceAllow,26,351,219,0.07407407407407407,0.045973718012054146,0.10764022435897434,C1X,lineage-distribution
arch,IPAddressDeny,IPAddressDeny,10,351,219,0.02849002849002849,0.008379304710477584,0.05421803493041934,C1X,lineage-distribution
arch,KeyringMode,KeyringMode,350,351,219,0.9971509971509972,0.9904761904761905,1.0,C1X,lineage-distribution
arch,LockPersonality,LockPersonality,61,351,219,0.1737891737891738,0.12131086674241195,0.23437615912462906,C1X,lineage-distribution
arch,MemoryDenyWriteExecute,MemoryDenyWriteExecute,52,351,219,0.14814814814814814,0.10632183908045977,0.19802213711937228,C1X,lineage-distribution
arch,NoNewPrivileges,NoNewPrivileges,76,351,219,0.21652421652421652,0.1611994867706413,0.27859477909715874,C1X,lineage-distribution
arch,NotifyAccess,NotifyAccess,346,351,219,0.9857549857549858,0.9617639555822329,1.0,C1X,lineage-distribution
arch,PrivateDevices,PrivateDevices,59,351,219,0.16809116809116809,0.12285359940320777,0.22293639804301663,C1X,lineage-distribution
arch,PrivateMounts,PrivateMounts,350,351,219,0.9971509971509972,0.9909631729334255,1.0,C1X,lineage-distribution
arch,PrivateNetwork,PrivateNetwork,25,351,219,0.07122507122507123,0.03537716890129224,0.11276077477021058,C1X,lineage-distribution
arch,PrivateTmp,PrivateTmp,78,351,219,0.2222222222222222,0.1653327913279133,0.2862045831448815,C1X,lineage-distribution
arch,PrivateUsers,PrivateUsers,18,351,219,0.05128205128205128,0.024655849988771614,0.08517651697903131,C1X,lineage-distribution
arch,ProcSubset,ProcSubset,11,351,219,0.03133903133903134,0.008547008547008548,0.0625,C1X,lineage-distribution
arch,ProtectClock,ProtectClock,43,351,219,0.1225071225071225,0.07886318782924896,0.17207864464911943,C1X,lineage-distribution
arch,ProtectControlGroups,ProtectControlGroups,68,351,219,0.19373219373219372,0.1395836528610254,0.25373602208393764,C1X,lineage-distribution
arch,ProtectHome,ProtectHome,64,351,219,0.18233618233618235,0.13020613704819278,0.24566473988439305,C1X,lineage-distribution
arch,ProtectHostname,ProtectHostname,58,351,219,0.16524216524216523,0.11197866968829517,0.2252572894282223,C1X,lineage-distribution
arch,ProtectKernelLogs,ProtectKernelLogs,52,351,219,0.14814814814814814,0.10028579636272567,0.2043360690850322,C1X,lineage-distribution
arch,ProtectKernelModules,ProtectKernelModules,65,351,219,0.18518518518518517,0.13350349040139617,0.24471299093655588,C1X,lineage-distribution
arch,ProtectKernelTunables,ProtectKernelTunables,63,351,219,0.1794871794871795,0.1291204282588309,0.23919332292933257,C1X,lineage-distribution
arch,ProtectProc,ProtectProc,27,351,219,0.07692307692307693,0.04371549580681866,0.1197795752308814,C1X,lineage-distribution
arch,ProtectSystem,ProtectSystem,50,351,219,0.14245014245014245,0.09912536443148688,0.19148936170212766,C1X,lineage-distribution
arch,RemoveIPC,RemoveIPC,34,351,219,0.09686609686609686,0.05540146014876073,0.14566112159149372,C1X,lineage-distribution
arch,RestrictAddressFamilies_AF_INET_INET6,RestrictAddressFamilies,27,351,219,0.07692307692307693,0.041896971384432984,0.11730574307701387,C1X,lineage-distribution
arch,RestrictAddressFamilies_AF_NETLINK,RestrictAddressFamilies,39,351,219,0.1111111111111111,0.06648179430932061,0.16,C1X,lineage-distribution
arch,RestrictAddressFamilies_AF_PACKET,RestrictAddressFamilies,57,351,219,0.1623931623931624,0.11190217391304348,0.21813682393930503,C1X,lineage-distribution
arch,RestrictAddressFamilies_AF_UNIX,RestrictAddressFamilies,4,351,219,0.011396011396011397,0.002564102564102564,0.024064976483473992,C1X,lineage-distribution
arch,RestrictAddressFamilies_OTHER,RestrictAddressFamilies,52,351,219,0.14814814814814814,0.09946118656857196,0.20408711871845506,C1X,lineage-distribution
arch,RestrictNamespaces_cgroup,RestrictNamespaces,54,351,219,0.15384615384615385,0.10795454545454546,0.2080745341614907,C1X,lineage-distribution
arch,RestrictNamespaces_ipc,RestrictNamespaces,54,351,219,0.15384615384615385,0.10703159495658146,0.20991334181660035,C1X,lineage-distribution
arch,RestrictNamespaces_mnt,RestrictNamespaces,54,351,219,0.15384615384615385,0.1069473456996435,0.20754854904556988,C1X,lineage-distribution
arch,RestrictNamespaces_net,RestrictNamespaces,54,351,219,0.15384615384615385,0.1065568808796094,0.21005917159763313,C1X,lineage-distribution
arch,RestrictNamespaces_pid,RestrictNamespaces,54,351,219,0.15384615384615385,0.10644108707312712,0.2084507042253521,C1X,lineage-distribution
arch,RestrictNamespaces_user,RestrictNamespaces,54,351,219,0.15384615384615385,0.1068242055832445,0.20917238621976406,C1X,lineage-distribution
arch,RestrictNamespaces_uts,RestrictNamespaces,54,351,219,0.15384615384615385,0.10498651411667465,0.21123310953288682,C1X,lineage-distribution
arch,RestrictRealtime,RestrictRealtime,69,351,219,0.19658119658119658,0.1411014912941101,0.26330532212885155,C1X,lineage-distribution
arch,RestrictSUIDSGID,RestrictSUIDSGID,52,351,219,0.14814814814814814,0.10129513550033782,0.20448179271708683,C1X,lineage-distribution
arch,RootDirectoryOrRootImage,RootDirectoryOrRootImage,0,351,219,0.0,0.0,0.0,C1X,lineage-distribution
arch,SupplementaryGroups,SupplementaryGroups,107,351,219,0.30484330484330485,0.23314563658923276,0.37967991939858947,C1X,lineage-distribution
arch,SystemCallArchitectures,SystemCallArchitectures,41,351,219,0.1168091168091168,0.07671957671957672,0.16326700680272105,C1X,lineage-distribution
arch,SystemCallFilter_clock,SystemCallFilter,42,351,219,0.11965811965811966,0.07981158225951454,0.16717348753611186,C1X,lineage-distribution
arch,SystemCallFilter_cpu_emulation,SystemCallFilter,42,351,219,0.11965811965811966,0.0783132530120482,0.16716440593385656,C1X,lineage-distribution
arch,SystemCallFilter_debug,SystemCallFilter,42,351,219,0.11965811965811966,0.07988980716253444,0.16761404689963214,C1X,lineage-distribution
arch,SystemCallFilter_module,SystemCallFilter,42,351,219,0.11965811965811966,0.07878715556519852,0.16667754569190585,C1X,lineage-distribution
arch,SystemCallFilter_mount,SystemCallFilter,43,351,219,0.1225071225071225,0.0812991050078568,0.17191977077363896,C1X,lineage-distribution
arch,SystemCallFilter_obsolete,SystemCallFilter,42,351,219,0.11965811965811966,0.0782111611377976,0.16666666666666666,C1X,lineage-distribution
arch,SystemCallFilter_privileged,SystemCallFilter,16,351,219,0.045584045584045586,0.020831980519480518,0.07808395745142725,C1X,lineage-distribution
arch,SystemCallFilter_raw_io,SystemCallFilter,42,351,219,0.11965811965811966,0.08011869436201781,0.16714718534231407,C1X,lineage-distribution
arch,SystemCallFilter_reboot,SystemCallFilter,42,351,219,0.11965811965811966,0.07999501246882794,0.16666666666666666,C1X,lineage-distribution
arch,SystemCallFilter_resources,SystemCallFilter,16,351,219,0.045584045584045586,0.019941603535353535,0.07936624649859941,C1X,lineage-distribution
arch,SystemCallFilter_swap,SystemCallFilter,42,351,219,0.11965811965811966,0.07950822989746358,0.16666666666666666,C1X,lineage-distribution
arch,UMask,UMask,11,351,219,0.03133903133903134,0.011560693641618497,0.05421803493041934,C1X,lineage-distribution
arch,UserOrDynamicUser,UserOrDynamicUser,110,351,219,0.31339031339031337,0.24188548408400476,0.39206198608475645,C1X,lineage-distribution
debian,AmbientCapabilities,AmbientCapabilities,388,410,232,0.9463414634146341,0.9183006535947712,0.9689701710841238,C1X,lineage-distribution
debian,CapabilityBoundingSet_CAP_AUDIT,CapabilityBoundingSet,70,410,232,0.17073170731707318,0.11792889145830322,0.22842790221271594,C1X,lineage-distribution
debian,CapabilityBoundingSet_CAP_BLOCK_SUSPEND,CapabilityBoundingSet,72,410,232,0.17560975609756097,0.1195094648707681,0.23214736652236648,C1X,lineage-distribution
debian,CapabilityBoundingSet_CAP_BPF,CapabilityBoundingSet,69,410,232,0.16829268292682928,0.11695797329143755,0.22686672061379848,C1X,lineage-distribution
debian,CapabilityBoundingSet_CAP_CHOWN_FSETID_SETFCAP,CapabilityBoundingSet,56,410,232,0.13658536585365855,0.09287686317066166,0.1981988645450184,C1X,lineage-distribution
debian,CapabilityBoundingSet_CAP_DAC_FOWNER_IPC_OWNER,CapabilityBoundingSet,50,410,232,0.12195121951219512,0.08315705281252984,0.17337516454262664,C1X,lineage-distribution
debian,CapabilityBoundingSet_CAP_IPC_LOCK,CapabilityBoundingSet,69,410,232,0.16829268292682928,0.11289754656974102,0.22505886079742468,C1X,lineage-distribution
debian,CapabilityBoundingSet_CAP_KILL,CapabilityBoundingSet,68,410,232,0.16585365853658537,0.11598632501930853,0.22327848626709404,C1X,lineage-distribution
debian,CapabilityBoundingSet_CAP_LEASE,CapabilityBoundingSet,72,410,232,0.17560975609756097,0.12138538804131527,0.22916755093378605,C1X,lineage-distribution
debian,CapabilityBoundingSet_CAP_LINUX_IMMUTABLE,CapabilityBoundingSet,70,410,232,0.17073170731707318,0.12051204819277109,0.22973082305606576,C1X,lineage-distribution
debian,CapabilityBoundingSet_CAP_MAC,CapabilityBoundingSet,71,410,232,0.17317073170731706,0.12195121951219512,0.23053043020721103,C1X,lineage-distribution
debian,CapabilityBoundingSet_CAP_MKNOD,CapabilityBoundingSet,88,410,232,0.2146341463414634,0.16336509279068612,0.2727327624066754,C1X,lineage-distribution
debian,CapabilityBoundingSet_CAP_NET_ADMIN,CapabilityBoundingSet,63,410,232,0.15365853658536585,0.0997060376611253,0.20873919769550836,C1X,lineage-distribution
debian,CapabilityBoundingSet_CAP_NET_BIND_SERVICE_BROADCAST_RAW),CapabilityBoundingSet,46,410,232,0.11219512195121951,0.05665704935876861,0.16360099383709947,C1X,lineage-distribution
debian,CapabilityBoundingSet_CAP_SET_UID_GID_PCAP,CapabilityBoundingSet,53,410,232,0.12926829268292683,0.0894557414019921,0.18038414205344577,C1X,lineage-distribution
debian,CapabilityBoundingSet_CAP_SYSLOG,CapabilityBoundingSet,87,410,232,0.2121951219512195,0.15690866510538642,0.2716653896300507,C1X,lineage-distribution
debian,CapabilityBoundingSet_CAP_SYS_ADMIN,CapabilityBoundingSet,57,410,232,0.13902439024390245,0.0922321490050265,0.2060212588981739,C1X,lineage-distribution
debian,CapabilityBoundingSet_CAP_SYS_BOOT,CapabilityBoundingSet,73,410,232,0.17804878048780487,0.12225705329153605,0.23366982843210132,C1X,lineage-distribution
debian,CapabilityBoundingSet_CAP_SYS_CHROOT,CapabilityBoundingSet,67,410,232,0.16341463414634147,0.10978351950082672,0.21844660194174756,C1X,lineage-distribution
debian,CapabilityBoundingSet_CAP_SYS_MODULE,CapabilityBoundingSet,94,410,232,0.22926829268292684,0.17190988390140932,0.28834500067311575,C1X,lineage-distribution
debian,CapabilityBoundingSet_CAP_SYS_NICE_RESOURCE,CapabilityBoundingSet,65,410,232,0.15853658536585366,0.10874576009867407,0.21739130434782608,C1X,lineage-distribution
debian,CapabilityBoundingSet_CAP_SYS_PACCT,CapabilityBoundingSet,73,410,232,0.17804878048780487,0.12259375,0.23313128442345005,C1X,lineage-distribution
debian,CapabilityBoundingSet_CAP_SYS_PTRACE,CapabilityBoundingSet,70,410,232,0.17073170731707318,0.12034110865564789,0.22986677009103604,C1X,lineage-distribution
debian,CapabilityBoundingSet_CAP_SYS_RAWIO,CapabilityBoundingSet,91,410,232,0.22195121951219512,0.16666666666666666,0.27963590232342483,C1X,lineage-distribution
debian,CapabilityBoundingSet_CAP_SYS_TIME,CapabilityBoundingSet,80,410,232,0.1951219512195122,0.14324272482200873,0.25297856704106697,C1X,lineage-distribution
debian,CapabilityBoundingSet_CAP_SYS_TTY_CONFIG,CapabilityBoundingSet,72,410,232,0.17560975609756097,0.12292833146696529,0.2333353808353808,C1X,lineage-distribution
debian,CapabilityBoundingSet_CAP_WAKE_ALARM,CapabilityBoundingSet,84,410,232,0.2048780487804878,0.15,0.26000134048257373,C1X,lineage-distribution
debian,Delegate,Delegate,405,410,232,0.9878048780487805,0.974211193618252,0.9975612716078617,C1X,lineage-distribution
debian,DeviceAllow,DeviceAllow,28,410,232,0.06829268292682927,0.04156092611285217,0.09647155453557191,C1X,lineage-distribution
debian,IPAddressDeny,IPAddressDeny,19,410,232,0.046341463414634146,0.009964318499737716,0.0812321491326155,C1X,lineage-distribution
debian,KeyringMode,KeyringMode,409,410,232,0.9975609756097561,0.9908814589665653,1.0,C1X,lineage-distribution
debian,LockPersonality,LockPersonality,54,410,232,0.13170731707317074,0.0728862973760933,0.17939996810814876,C1X,lineage-distribution
debian,MemoryDenyWriteExecute,MemoryDenyWriteExecute,64,410,232,0.15609756097560976,0.10276857429718875,0.19815812211981565,C1X,lineage-distribution
debian,NoNewPrivileges,NoNewPrivileges,76,410,232,0.18536585365853658,0.13212794906343292,0.22916886427566804,C1X,lineage-distribution
debian,NotifyAccess,NotifyAccess,399,410,232,0.973170731707317,0.9514563106796117,0.9900664305786074,C1X,lineage-distribution
debian,PrivateDevices,PrivateDevices,54,410,232,0.13170731707317074,0.09726338230327591,0.1720700278524468,C1X,lineage-distribution
debian,PrivateMounts,PrivateMounts,410,410,232,1.0,1.0,1.0,C1X,lineage-distribution
debian,PrivateNetwork,PrivateNetwork,16,410,232,0.03902439024390244,0.019672131147540985,0.05800571169704129,C1X,lineage-distribution
debian,PrivateTmp,PrivateTmp,72,410,232,0.17560975609756097,0.13189123994921712,0.24026590498109476,C1X,lineage-distribution
debian,PrivateUsers,PrivateUsers,12,410,232,0.02926829268292683,0.012522361359570662,0.05390985324947587,C1X,lineage-distribution
debian,ProcSubset,ProcSubset,3,410,232,0.007317073170731708,0.0,0.017804154302670624,C1X,lineage-distribution
debian,ProtectClock,ProtectClock,36,410,232,0.08780487804878048,0.0606043620057073,0.12159371287581093,C1X,lineage-distribution
debian,ProtectControlGroups,ProtectControlGroups,69,410,232,0.16829268292682928,0.12930929352396972,0.21241830065359477,C1X,lineage-distribution
debian,ProtectHome,ProtectHome,63,410,232,0.15365853658536585,0.11638839723386477,0.20710600375234514,C1X,lineage-distribution
debian,ProtectHostname,ProtectHostname,48,410,232,0.11707317073170732,0.07098350120658903,0.15567480794825692,C1X,lineage-distribution
debian,ProtectKernelLogs,ProtectKernelLogs,51,410,232,0.12439024390243902,0.07861468961979137,0.16169273199221285,C1X,lineage-distribution
debian,ProtectKernelModules,ProtectKernelModules,67,410,232,0.16341463414634147,0.12261290871934606,0.20339193338099842,C1X,lineage-distribution
debian,ProtectKernelTunables,ProtectKernelTunables,57,410,232,0.13902439024390245,0.10291314663118578,0.1834631249555508,C1X,lineage-distribution
debian,ProtectProc,ProtectProc,30,410,232,0.07317073170731707,0.03289473684210526,0.10599161623452333,C1X,lineage-distribution
debian,ProtectSystem,ProtectSystem,43,410,232,0.1048780487804878,0.07398552798207587,0.14357935956455017,C1X,lineage-distribution
debian,RemoveIPC,RemoveIPC,21,410,232,0.05121951219512195,0.026529891108386817,0.0861146675651392,C1X,lineage-distribution
debian,RestrictAddressFamilies_AF_INET_INET6,RestrictAddressFamilies,26,410,232,0.06341463414634146,0.03977272727272727,0.08794048789729617,C1X,lineage-distribution
debian,RestrictAddressFamilies_AF_NETLINK,RestrictAddressFamilies,31,410,232,0.07560975609756097,0.04141706376219651,0.10513486783424451,C1X,lineage-distribution
debian,RestrictAddressFamilies_AF_PACKET,RestrictAddressFamilies,59,410,232,0.14390243902439023,0.0890789675636959,0.18672261660750886,C1X,lineage-distribution
debian,RestrictAddressFamilies_AF_UNIX,RestrictAddressFamilies,3,410,232,0.007317073170731708,0.0,0.01804201341448266,C1X,lineage-distribution
debian,RestrictAddressFamilies_OTHER,RestrictAddressFamilies,55,410,232,0.13414634146341464,0.0815666057753109,0.1747395866968033,C1X,lineage-distribution
debian,RestrictNamespaces_cgroup,RestrictNamespaces,48,410,232,0.11707317073170732,0.07316686024003097,0.15303560376559494,C1X,lineage-distribution
debian,RestrictNamespaces_ipc,RestrictNamespaces,48,410,232,0.11707317073170732,0.07122463020295838,0.15404228360664435,C1X,lineage-distribution
debian,RestrictNamespaces_mnt,RestrictNamespaces,47,410,232,0.11463414634146342,0.07348022979746167,0.15026076060821564,C1X,lineage-distribution
debian,RestrictNamespaces_net,RestrictNamespaces,47,410,232,0.11463414634146342,0.07101769733453515,0.15021459227467812,C1X,lineage-distribution
debian,RestrictNamespaces_pid,RestrictNamespaces,48,410,232,0.11707317073170732,0.07253807742278853,0.1544263578900263,C1X,lineage-distribution
debian,RestrictNamespaces_user,RestrictNamespaces,47,410,232,0.11463414634146342,0.07166075161651028,0.14948673891972858,C1X,lineage-distribution
debian,RestrictNamespaces_uts,RestrictNamespaces,48,410,232,0.11707317073170732,0.07246376811594203,0.15434137551522475,C1X,lineage-distribution
debian,RestrictRealtime,RestrictRealtime,65,410,232,0.15853658536585366,0.10297793263646923,0.20335796760386987,C1X,lineage-distribution
debian,RestrictSUIDSGID,RestrictSUIDSGID,46,410,232,0.11219512195121951,0.06231034887424768,0.15323969972670978,C1X,lineage-distribution
debian,RootDirectoryOrRootImage,RootDirectoryOrRootImage,0,410,232,0.0,0.0,0.0,C1X,lineage-distribution
debian,SupplementaryGroups,SupplementaryGroups,89,410,232,0.21707317073170732,0.15751696014131886,0.2969239133353021,C1X,lineage-distribution
debian,SystemCallArchitectures,SystemCallArchitectures,49,410,232,0.11951219512195121,0.05863791423001949,0.17259786476868327,C1X,lineage-distribution
debian,SystemCallFilter_clock,SystemCallFilter,45,410,232,0.10975609756097561,0.06421528865518014,0.14683556067949743,C1X,lineage-distribution
debian,SystemCallFilter_cpu_emulation,SystemCallFilter,46,410,232,0.11219512195121951,0.060514384378415984,0.15432165861513686,C1X,lineage-distribution
debian,SystemCallFilter_debug,SystemCallFilter,46,410,232,0.11219512195121951,0.06395187338501292,0.1512499017703784,C1X,lineage-distribution
debian,SystemCallFilter_module,SystemCallFilter,46,410,232,0.11219512195121951,0.06309148264984227,0.15241720022399285,C1X,lineage-distribution
debian,SystemCallFilter_mount,SystemCallFilter,43,410,232,0.1048780487804878,0.06552681992337164,0.1390058668352065,C1X,lineage-distribution
debian,SystemCallFilter_obsolete,SystemCallFilter,47,410,232,0.11463414634146342,0.0644149356007606,0.1556034388377363,C1X,lineage-distribution
debian,SystemCallFilter_privileged,SystemCallFilter,10,410,232,0.024390243902439025,0.008280719728500993,0.04885080871616309,C1X,lineage-distribution
debian,SystemCallFilter_raw_io,SystemCallFilter,45,410,232,0.10975609756097561,0.06153583617747441,0.1501696323478501,C1X,lineage-distribution
debian,SystemCallFilter_reboot,SystemCallFilter,47,410,232,0.11463414634146342,0.06413811445788024,0.1552826506630854,C1X,lineage-distribution
debian,SystemCallFilter_resources,SystemCallFilter,10,410,232,0.024390243902439025,0.008379596082373016,0.04852593205340306,C1X,lineage-distribution
debian,SystemCallFilter_swap,SystemCallFilter,47,410,232,0.11463414634146342,0.06376350841920081,0.15613503858590908,C1X,lineage-distribution
debian,UMask,UMask,6,410,232,0.014634146341463415,0.0025906735751295338,0.03205128205128205,C1X,lineage-distribution
debian,UserOrDynamicUser,UserOrDynamicUser,93,410,232,0.22682926829268293,0.17152307173185613,0.30312633710268944,C1X,lineage-distribution
fedora,AmbientCapabilities,AmbientCapabilities,538,556,313,0.9676258992805755,0.9504424778761061,0.9836734693877551,C1X,lineage-distribution
fedora,CapabilityBoundingSet_CAP_AUDIT,CapabilityBoundingSet,70,556,313,0.12589928057553956,0.08350731620271236,0.1700342146044549,C1X,lineage-distribution
fedora,CapabilityBoundingSet_CAP_BLOCK_SUSPEND,CapabilityBoundingSet,73,556,313,0.13129496402877697,0.08597110650427572,0.17517194377751097,C1X,lineage-distribution
fedora,CapabilityBoundingSet_CAP_BPF,CapabilityBoundingSet,67,556,313,0.12050359712230216,0.07905015078928122,0.16466180750088386,C1X,lineage-distribution
fedora,CapabilityBoundingSet_CAP_CHOWN_FSETID_SETFCAP,CapabilityBoundingSet,56,556,313,0.10071942446043165,0.06565637288919732,0.1476384391787475,C1X,lineage-distribution
fedora,CapabilityBoundingSet_CAP_DAC_FOWNER_IPC_OWNER,CapabilityBoundingSet,44,556,313,0.07913669064748201,0.05058019374429909,0.11397857633101285,C1X,lineage-distribution
fedora,CapabilityBoundingSet_CAP_IPC_LOCK,CapabilityBoundingSet,67,556,313,0.12050359712230216,0.0752212389380531,0.1646530202435009,C1X,lineage-distribution
fedora,CapabilityBoundingSet_CAP_KILL,CapabilityBoundingSet,67,556,313,0.12050359712230216,0.07894736842105263,0.1645338938502783,C1X,lineage-distribution
fedora,CapabilityBoundingSet_CAP_LEASE,CapabilityBoundingSet,73,556,313,0.13129496402877697,0.08559498956158663,0.17521477663230237,C1X,lineage-distribution
fedora,CapabilityBoundingSet_CAP_LINUX_IMMUTABLE,CapabilityBoundingSet,70,556,313,0.12589928057553956,0.083999609375,0.17016317016317017,C1X,lineage-distribution
fedora,CapabilityBoundingSet_CAP_MAC,CapabilityBoundingSet,71,556,313,0.12769784172661872,0.08655609826910432,0.1709098679098679,C1X,lineage-distribution
fedora,CapabilityBoundingSet_CAP_MKNOD,CapabilityBoundingSet,95,556,313,0.17086330935251798,0.128059976574342,0.21532250358337313,C1X,lineage-distribution
fedora,CapabilityBoundingSet_CAP_NET_ADMIN,CapabilityBoundingSet,63,556,313,0.11330935251798561,0.07097940785727842,0.15501997480010263,C1X,lineage-distribution
fedora,CapabilityBoundingSet_CAP_NET_BIND_SERVICE_BROADCAST_RAW),CapabilityBoundingSet,57,556,313,0.10251798561151079,0.05673527094052751,0.14508688896263602,C1X,lineage-distribution
fedora,CapabilityBoundingSet_CAP_SET_UID_GID_PCAP,CapabilityBoundingSet,55,556,313,0.09892086330935251,0.06711330869342157,0.13971039975536523,C1X,lineage-distribution
fedora,CapabilityBoundingSet_CAP_SYSLOG,CapabilityBoundingSet,92,556,313,0.16546762589928057,0.11930531776801231,0.21132075471698114,C1X,lineage-distribution
fedora,CapabilityBoundingSet_CAP_SYS_ADMIN,CapabilityBoundingSet,56,556,313,0.10071942446043165,0.06623578535891969,0.14725427085912351,C1X,lineage-distribution
fedora,CapabilityBoundingSet_CAP_SYS_BOOT,CapabilityBoundingSet,74,556,313,0.13309352517985612,0.08747769385196409,0.17579267169344545,C1X,lineage-distribution
fedora,CapabilityBoundingSet_CAP_SYS_CHROOT,CapabilityBoundingSet,68,556,313,0.1223021582733813,0.0807446452942651,0.16727289438502674,C1X,lineage-distribution
fedora,CapabilityBoundingSet_CAP_SYS_MODULE,CapabilityBoundingSet,98,556,313,0.17625899280575538,0.12883281282788758,0.2232658496535704,C1X,lineage-distribution
fedora,CapabilityBoundingSet_CAP_SYS_NICE_RESOURCE,CapabilityBoundingSet,65,556,313,0.11690647482014388,0.0776253647198457,0.1596964776087875,C1X,lineage-distribution
fedora,CapabilityBoundingSet_CAP_SYS_PACCT,CapabilityBoundingSet,73,556,313,0.13129496402877697,0.08659749185522381,0.17507996148425034,C1X,lineage-distribution
fedora,CapabilityBoundingSet_CAP_SYS_PTRACE,CapabilityBoundingSet,70,556,313,0.12589928057553956,0.08474423576118491,0.17123554389109372,C1X,lineage-distribution
fedora,CapabilityBoundingSet_CAP_SYS_RAWIO,CapabilityBoundingSet,98,556,313,0.17625899280575538,0.13014752361332804,0.22243355200741333,C1X,lineage-distribution
fedora,CapabilityBoundingSet_CAP_SYS_TIME,CapabilityBoundingSet,84,556,313,0.1510791366906475,0.10793365549179504,0.19805420972216636,C1X,lineage-distribution
fedora,CapabilityBoundingSet_CAP_SYS_TTY_CONFIG,CapabilityBoundingSet,71,556,313,0.12769784172661872,0.08290728022737578,0.17191811023622044,C1X,lineage-distribution
fedora,CapabilityBoundingSet_CAP_WAKE_ALARM,CapabilityBoundingSet,87,556,313,0.1564748201438849,0.10896855010660982,0.20403598767948544,C1X,lineage-distribution
fedora,Delegate,Delegate,553,556,313,0.9946043165467626,0.9889867841409692,1.0,C1X,lineage-distribution
fedora,DeviceAllow,DeviceAllow,30,556,313,0.0539568345323741,0.03604737706307095,0.0738638923013923,C1X,lineage-distribution
fedora,IPAddressDeny,IPAddressDeny,25,556,313,0.044964028776978415,0.013806706114398421,0.07438046087090176,C1X,lineage-distribution
fedora,KeyringMode,KeyringMode,554,556,313,0.9964028776978417,0.9902714235773347,1.0,C1X,lineage-distribution
fedora,LockPersonality,LockPersonality,66,556,313,0.11870503597122302,0.07214380027110752,0.15843363960491896,C1X,lineage-distribution
fedora,MemoryDenyWriteExecute,MemoryDenyWriteExecute,68,556,313,0.1223021582733813,0.07900197885747019,0.16098425672167957,C1X,lineage-distribution
fedora,NoNewPrivileges,NoNewPrivileges,74,556,313,0.13309352517985612,0.08786411255549521,0.1736934818579832,C1X,lineage-distribution
fedora,NotifyAccess,NotifyAccess,540,556,313,0.9712230215827338,0.9499068314194364,0.9881659303534304,C1X,lineage-distribution
fedora,PrivateDevices,PrivateDevices,55,556,313,0.09892086330935251,0.07306772899930974,0.12867844294370104,C1X,lineage-distribution
fedora,PrivateMounts,PrivateMounts,555,556,313,0.9982014388489209,0.9936575052854123,1.0,C1X,lineage-distribution
fedora,PrivateNetwork,PrivateNetwork,29,556,313,0.052158273381294966,0.03025271798813969,0.0784313725490196,C1X,lineage-distribution
fedora,PrivateTmp,PrivateTmp,87,556,313,0.1564748201438849,0.11965732087227415,0.20425646305193318,C1X,lineage-distribution
fedora,PrivateUsers,PrivateUsers,13,556,313,0.023381294964028777,0.00814083683577677,0.04608294930875576,C1X,lineage-distribution
fedora,ProcSubset,ProcSubset,8,556,313,0.014388489208633094,0.0016693101925283128,0.035051718499905335,C1X,lineage-distribution
fedora,ProtectClock,ProtectClock,39,556,313,0.07014388489208633,0.045454545454545456,0.09845101114249563,C1X,lineage-distribution
fedora,ProtectControlGroups,ProtectControlGroups,77,556,313,0.13848920863309352,0.1051825049500495,0.17514153060167764,C1X,lineage-distribution
fedora,ProtectHome,ProtectHome,66,556,313,0.11870503597122302,0.08784989127773858,0.15879133310496776,C1X,lineage-distribution
fedora,ProtectHostname,ProtectHostname,55,556,313,0.09892086330935251,0.058679687729718606,0.13418554170186547,C1X,lineage-distribution
fedora,ProtectKernelLogs,ProtectKernelLogs,54,556,313,0.09712230215827339,0.05982905982905983,0.12933892522752238,C1X,lineage-distribution
fedora,ProtectKernelModules,ProtectKernelModules,71,556,313,0.12769784172661872,0.09330899987779169,0.16227533496797386,C1X,lineage-distribution
fedora,ProtectKernelTunables,ProtectKernelTunables,58,556,313,0.10431654676258993,0.07478220235676554,0.13839285714285715,C1X,lineage-distribution
fedora,ProtectProc,ProtectProc,29,556,313,0.052158273381294966,0.024240759240759243,0.0783593129029409,C1X,lineage-distribution
fedora,ProtectSystem,ProtectSystem,49,556,313,0.08812949640287769,0.06240815725539277,0.11909059968804726,C1X,lineage-distribution
fedora,RemoveIPC,RemoveIPC,23,556,313,0.04136690647482014,0.01824651625746516,0.07128673261565313,C1X,lineage-distribution
fedora,RestrictAddressFamilies_AF_INET_INET6,RestrictAddressFamilies,38,556,313,0.0683453237410072,0.04583218864468864,0.09307433945364979,C1X,lineage-distribution
fedora,RestrictAddressFamilies_AF_NETLINK,RestrictAddressFamilies,39,556,313,0.07014388489208633,0.041237113402061855,0.09722732843137248,C1X,lineage-distribution
fedora,RestrictAddressFamilies_AF_PACKET,RestrictAddressFamilies,69,556,313,0.12410071942446044,0.08155233646663708,0.16197206667043762,C1X,lineage-distribution
fedora,RestrictAddressFamilies_AF_UNIX,RestrictAddressFamilies,3,556,313,0.00539568345323741,0.0,0.013035584163225648,C1X,lineage-distribution
fedora,RestrictAddressFamilies_OTHER,RestrictAddressFamilies,68,556,313,0.1223021582733813,0.08078431276558247,0.15860742314187706,C1X,lineage-distribution
fedora,RestrictNamespaces_cgroup,RestrictNamespaces,58,556,313,0.10431654676258993,0.06680573985952515,0.13709714277289614,C1X,lineage-distribution
fedora,RestrictNamespaces_ipc,RestrictNamespaces,58,556,313,0.10431654676258993,0.06586699213038891,0.1382024666224789,C1X,lineage-distribution
fedora,RestrictNamespaces_mnt,RestrictNamespaces,57,556,313,0.10251798561151079,0.06609741471215352,0.13488372093023257,C1X,lineage-distribution
fedora,RestrictNamespaces_net,RestrictNamespaces,56,556,313,0.10071942446043165,0.0653061224489796,0.13333333333333333,C1X,lineage-distribution
fedora,RestrictNamespaces_pid,RestrictNamespaces,58,556,313,0.10431654676258993,0.06696381873879259,0.13786798055579272,C1X,lineage-distribution
fedora,RestrictNamespaces_user,RestrictNamespaces,57,556,313,0.10251798561151079,0.06837565104166668,0.13497347040291818,C1X,lineage-distribution
fedora,RestrictNamespaces_uts,RestrictNamespaces,58,556,313,0.10431654676258993,0.06765113422090166,0.138801261829653,C1X,lineage-distribution
fedora,RestrictRealtime,RestrictRealtime,76,556,313,0.1366906474820144,0.09164928879187932,0.1775374812593703,C1X,lineage-distribution
fedora,RestrictSUIDSGID,RestrictSUIDSGID,54,556,313,0.09712230215827339,0.05603849626350198,0.13293821839080458,C1X,lineage-distribution
fedora,RootDirectoryOrRootImage,RootDirectoryOrRootImage,0,556,313,0.0,0.0,0.0,C1X,lineage-distribution
fedora,SupplementaryGroups,SupplementaryGroups,130,556,313,0.23381294964028776,0.1729543437981158,0.3092171052631578,C1X,lineage-distribution
fedora,SystemCallArchitectures,SystemCallArchitectures,56,556,313,0.10071942446043165,0.05344980501245632,0.14643835957743667,C1X,lineage-distribution
fedora,SystemCallFilter_clock,SystemCallFilter,46,556,313,0.08273381294964029,0.048482404692082114,0.11324073296671004,C1X,lineage-distribution
fedora,SystemCallFilter_cpu_emulation,SystemCallFilter,48,556,313,0.08633093525179857,0.047825860978034894,0.12106317638611067,C1X,lineage-distribution
fedora,SystemCallFilter_debug,SystemCallFilter,48,556,313,0.08633093525179857,0.04967334940790944,0.11985089768290395,C1X,lineage-distribution
fedora,SystemCallFilter_module,SystemCallFilter,48,556,313,0.08633093525179857,0.05032822757111598,0.11891136838844575,C1X,lineage-distribution
fedora,SystemCallFilter_mount,SystemCallFilter,46,556,313,0.08273381294964029,0.05102040816326531,0.11093761873100304,C1X,lineage-distribution
fedora,SystemCallFilter_obsolete,SystemCallFilter,49,556,313,0.08812949640287769,0.04971290802032927,0.12250782472613457,C1X,lineage-distribution
fedora,SystemCallFilter_privileged,SystemCallFilter,12,556,313,0.02158273381294964,0.007204028890877953,0.04393362913237389,C1X,lineage-distribution
fedora,SystemCallFilter_raw_io,SystemCallFilter,48,556,313,0.08633093525179857,0.04938205372754729,0.11808205966369223,C1X,lineage-distribution
fedora,SystemCallFilter_reboot,SystemCallFilter,49,556,313,0.08812949640287769,0.050113771147537726,0.12279246959309377,C1X,lineage-distribution
fedora,SystemCallFilter_resources,SystemCallFilter,15,556,313,0.02697841726618705,0.010360828589095717,0.05172503034197186,C1X,lineage-distribution
fedora,SystemCallFilter_swap,SystemCallFilter,49,556,313,0.08812949640287769,0.049790262573933985,0.12359589575530586,C1X,lineage-distribution
fedora,UMask,UMask,12,556,313,0.02158273381294964,0.008716391223882663,0.03932613348221555,C1X,lineage-distribution
fedora,UserOrDynamicUser,UserOrDynamicUser,135,556,313,0.24280575539568344,0.1829064692030716,0.3161043826725744,C1X,lineage-distribution
ubuntu,AmbientCapabilities,AmbientCapabilities,502,525,302,0.9561904761904761,0.9356131705487161,0.9745961812572171,C1X,lineage-distribution
ubuntu,CapabilityBoundingSet_CAP_AUDIT,CapabilityBoundingSet,85,525,302,0.1619047619047619,0.11795579870042261,0.21145707342513784,C1X,lineage-distribution
ubuntu,CapabilityBoundingSet_CAP_BLOCK_SUSPEND,CapabilityBoundingSet,87,525,302,0.1657142857142857,0.11973353424315293,0.21349516651482925,C1X,lineage-distribution
ubuntu,CapabilityBoundingSet_CAP_BPF,CapabilityBoundingSet,83,525,302,0.1580952380952381,0.11641164711428623,0.2098984776462068,C1X,lineage-distribution
ubuntu,CapabilityBoundingSet_CAP_CHOWN_FSETID_SETFCAP,CapabilityBoundingSet,70,525,302,0.13333333333333333,0.09427496114996115,0.18627866400797602,C1X,lineage-distribution
ubuntu,CapabilityBoundingSet_CAP_DAC_FOWNER_IPC_OWNER,CapabilityBoundingSet,62,525,302,0.1180952380952381,0.08270412410639956,0.1637650347447784,C1X,lineage-distribution
ubuntu,CapabilityBoundingSet_CAP_IPC_LOCK,CapabilityBoundingSet,83,525,302,0.1580952380952381,0.1123590332526331,0.20604032429149627,C1X,lineage-distribution
ubuntu,CapabilityBoundingSet_CAP_KILL,CapabilityBoundingSet,83,525,302,0.1580952380952381,0.11556329275148448,0.20743916848207358,C1X,lineage-distribution
ubuntu,CapabilityBoundingSet_CAP_LEASE,CapabilityBoundingSet,87,525,302,0.1657142857142857,0.11842105263157894,0.21444708414234373,C1X,lineage-distribution
ubuntu,CapabilityBoundingSet_CAP_LINUX_IMMUTABLE,CapabilityBoundingSet,85,525,302,0.1619047619047619,0.11841876297472219,0.21272156372335793,C1X,lineage-distribution
ubuntu,CapabilityBoundingSet_CAP_MAC,CapabilityBoundingSet,85,525,302,0.1619047619047619,0.11773956356736243,0.21315192743764172,C1X,lineage-distribution
ubuntu,CapabilityBoundingSet_CAP_MKNOD,CapabilityBoundingSet,112,525,302,0.21333333333333335,0.16737223279142166,0.26757820875321614,C1X,lineage-distribution
ubuntu,CapabilityBoundingSet_CAP_NET_ADMIN,CapabilityBoundingSet,73,525,302,0.13904761904761906,0.09380716463414633,0.184874596988256,C1X,lineage-distribution
ubuntu,CapabilityBoundingSet_CAP_NET_BIND_SERVICE_BROADCAST_RAW),CapabilityBoundingSet,54,525,302,0.10285714285714286,0.05714285714285714,0.14672890351087842,C1X,lineage-distribution
ubuntu,CapabilityBoundingSet_CAP_SET_UID_GID_PCAP,CapabilityBoundingSet,63,525,302,0.12,0.0837906694091249,0.1648107935329539,C1X,lineage-distribution
ubuntu,CapabilityBoundingSet_CAP_SYSLOG,CapabilityBoundingSet,103,525,302,0.1961904761904762,0.14931393723796213,0.24641624471593807,C1X,lineage-distribution
ubuntu,CapabilityBoundingSet_CAP_SYS_ADMIN,CapabilityBoundingSet,71,525,302,0.13523809523809524,0.09375,0.19057827848781939,C1X,lineage-distribution
ubuntu,CapabilityBoundingSet_CAP_SYS_BOOT,CapabilityBoundingSet,88,525,302,0.1676190476190476,0.1206886550924074,0.21637426900584794,C1X,lineage-distribution
ubuntu,CapabilityBoundingSet_CAP_SYS_CHROOT,CapabilityBoundingSet,81,525,302,0.15428571428571428,0.10988949391415759,0.20396827449965887,C1X,lineage-distribution
ubuntu,CapabilityBoundingSet_CAP_SYS_MODULE,CapabilityBoundingSet,113,525,302,0.21523809523809523,0.1681213416333736,0.26744244069999534,C1X,lineage-distribution
ubuntu,CapabilityBoundingSet_CAP_SYS_NICE_RESOURCE,CapabilityBoundingSet,78,525,302,0.14857142857142858,0.10613588895146907,0.19886390286542724,C1X,lineage-distribution
ubuntu,CapabilityBoundingSet_CAP_SYS_PACCT,CapabilityBoundingSet,87,525,302,0.1657142857142857,0.11946737551182143,0.21166950352581054,C1X,lineage-distribution
ubuntu,CapabilityBoundingSet_CAP_SYS_PTRACE,CapabilityBoundingSet,85,525,302,0.1619047619047619,0.1188118811881188,0.21315331793094594,C1X,lineage-distribution
ubuntu,CapabilityBoundingSet_CAP_SYS_RAWIO,CapabilityBoundingSet,115,525,302,0.21904761904761905,0.1727063353954124,0.2729673901782014,C1X,lineage-distribution
ubuntu,CapabilityBoundingSet_CAP_SYS_TIME,CapabilityBoundingSet,95,525,302,0.18095238095238095,0.13502751415756023,0.23076923076923078,C1X,lineage-distribution
ubuntu,CapabilityBoundingSet_CAP_SYS_TTY_CONFIG,CapabilityBoundingSet,87,525,302,0.1657142857142857,0.12149326401353387,0.21510405794475712,C1X,lineage-distribution
ubuntu,CapabilityBoundingSet_CAP_WAKE_ALARM,CapabilityBoundingSet,100,525,302,0.19047619047619047,0.14285714285714285,0.24126898112755013,C1X,lineage-distribution
ubuntu,Delegate,Delegate,519,525,302,0.9885714285714285,0.9772719190482348,0.9977118010929646,C1X,lineage-distribution
ubuntu,DeviceAllow,DeviceAllow,37,525,302,0.07047619047619047,0.047944832423075776,0.0979498861047836,C1X,lineage-distribution
ubuntu,IPAddressDeny,IPAddressDeny,22,525,302,0.0419047619047619,0.010442507883761148,0.07213395250264909,C1X,lineage-distribution
ubuntu,KeyringMode,KeyringMode,525,525,302,1.0,1.0,1.0,C1X,lineage-distribution
ubuntu,LockPersonality,LockPersonality,66,525,302,0.12571428571428572,0.07762506454454332,0.16695168399808555,C1X,lineage-distribution
ubuntu,MemoryDenyWriteExecute,MemoryDenyWriteExecute,74,525,302,0.14095238095238094,0.09459391484039371,0.18074808429118763,C1X,lineage-distribution
ubuntu,NoNewPrivileges,NoNewPrivileges,93,525,302,0.17714285714285713,0.13062813920114805,0.21906448461162675,C1X,lineage-distribution
ubuntu,NotifyAccess,NotifyAccess,511,525,302,0.9733333333333334,0.9517857142857142,0.9906759906759907,C1X,lineage-distribution
ubuntu,PrivateDevices,PrivateDevices,71,525,302,0.13523809523809524,0.10239872483221477,0.1779293784416735,C1X,lineage-distribution
ubuntu,PrivateMounts,PrivateMounts,525,525,302,1.0,1.0,1.0,C1X,lineage-distribution
ubuntu,PrivateNetwork,PrivateNetwork,21,525,302,0.04,0.021831687867856466,0.06100384174025842,C1X,lineage-distribution
ubuntu,PrivateTmp,PrivateTmp,96,525,302,0.18285714285714286,0.13879324024119327,0.24324808101657738,C1X,lineage-distribution
ubuntu,PrivateUsers,PrivateUsers,19,525,302,0.03619047619047619,0.016259063941990774,0.06487916348744137,C1X,lineage-distribution
ubuntu,ProcSubset,ProcSubset,7,525,302,0.013333333333333334,0.0016339202891597097,0.03424825409615898,C1X,lineage-distribution
ubuntu,ProtectClock,ProtectClock,46,525,302,0.08761904761904762,0.061030339744560555,0.12249457126948775,C1X,lineage-distribution
ubuntu,ProtectControlGroups,ProtectControlGroups,83,525,302,0.1580952380952381,0.12291476727447216,0.20000936329588,C1X,lineage-distribution
ubuntu,ProtectHome,ProtectHome,83,525,302,0.1580952380952381,0.12045244107744107,0.20913500816993463,C1X,lineage-distribution
ubuntu,ProtectHostname,ProtectHostname,59,525,302,0.11238095238095239,0.07363383996619209,0.147512986144058,C1X,lineage-distribution
ubuntu,ProtectKernelLogs,ProtectKernelLogs,61,525,302,0.11619047619047619,0.07657631529441274,0.15071295276703145,C1X,lineage-distribution
ubuntu,ProtectKernelModules,ProtectKernelModules,80,525,302,0.1523809523809524,0.11736247344655067,0.19099215961244262,C1X,lineage-distribution
ubuntu,ProtectKernelTunables,ProtectKernelTunables,70,525,302,0.13333333333333333,0.09979996622806447,0.17594254937163376,C1X,lineage-distribution
ubuntu,ProtectProc,ProtectProc,35,525,302,0.06666666666666667,0.033252678369028496,0.09693151221422626,C1X,lineage-distribution
ubuntu,ProtectSystem,ProtectSystem,57,525,302,0.10857142857142857,0.07857113631049802,0.14569881346578362,C1X,lineage-distribution
ubuntu,RemoveIPC,RemoveIPC,31,525,302,0.05904761904761905,0.03278609558103541,0.09259458812260533,C1X,lineage-distribution
ubuntu,RestrictAddressFamilies_AF_INET_INET6,RestrictAddressFamilies,30,525,302,0.05714285714285714,0.034862285383062505,0.07920845082366908,C1X,lineage-distribution
ubuntu,RestrictAddressFamilies_AF_NETLINK,RestrictAddressFamilies,38,525,302,0.07238095238095238,0.041955602536997885,0.10090241683991681,C1X,lineage-distribution
ubuntu,RestrictAddressFamilies_AF_PACKET,RestrictAddressFamilies,69,525,302,0.13142857142857142,0.08506501457949074,0.170180920118079,C1X,lineage-distribution
ubuntu,RestrictAddressFamilies_AF_UNIX,RestrictAddressFamilies,3,525,302,0.005714285714285714,0.0,0.014218250298616727,C1X,lineage-distribution
ubuntu,RestrictAddressFamilies_OTHER,RestrictAddressFamilies,66,525,302,0.12571428571428572,0.08053601229424547,0.1632047477744807,C1X,lineage-distribution
ubuntu,RestrictNamespaces_cgroup,RestrictNamespaces,60,525,302,0.11428571428571428,0.07564910915066597,0.14757051224071394,C1X,lineage-distribution
ubuntu,RestrictNamespaces_ipc,RestrictNamespaces,60,525,302,0.11428571428571428,0.07610936207372002,0.1484687759431786,C1X,lineage-distribution
ubuntu,RestrictNamespaces_mnt,RestrictNamespaces,59,525,302,0.11238095238095239,0.07511581631066754,0.14548456975594623,C1X,lineage-distribution
ubuntu,RestrictNamespaces_net,RestrictNamespaces,59,525,302,0.11238095238095239,0.0758283861312048,0.14433107197693726,C1X,lineage-distribution
ubuntu,RestrictNamespaces_pid,RestrictNamespaces,60,525,302,0.11428571428571428,0.07638594632768363,0.1487348310492729,C1X,lineage-distribution
ubuntu,RestrictNamespaces_user,RestrictNamespaces,59,525,302,0.11238095238095239,0.07538688758618596,0.1456741228699848,C1X,lineage-distribution
ubuntu,RestrictNamespaces_uts,RestrictNamespaces,60,525,302,0.11428571428571428,0.0765624525071176,0.14875097318339098,C1X,lineage-distribution
ubuntu,RestrictRealtime,RestrictRealtime,76,525,302,0.14476190476190476,0.09931817739550089,0.1848046348214919,C1X,lineage-distribution
ubuntu,RestrictSUIDSGID,RestrictSUIDSGID,60,525,302,0.11428571428571428,0.07128287578134278,0.14909135111242078,C1X,lineage-distribution
ubuntu,RootDirectoryOrRootImage,RootDirectoryOrRootImage,0,525,302,0.0,0.0,0.0,C1X,lineage-distribution
ubuntu,SupplementaryGroups,SupplementaryGroups,124,525,302,0.2361904761904762,0.17360088169305504,0.3159125188536952,C1X,lineage-distribution
ubuntu,SystemCallArchitectures,SystemCallArchitectures,60,525,302,0.11428571428571428,0.06666666666666667,0.15625099269377382,C1X,lineage-distribution
ubuntu,SystemCallFilter_clock,SystemCallFilter,53,525,302,0.10095238095238095,0.06415863515019024,0.13343615941694728,C1X,lineage-distribution
ubuntu,SystemCallFilter_cpu_emulation,SystemCallFilter,55,525,302,0.10476190476190476,0.06359556199821588,0.13934457610523937,C1X,lineage-distribution
ubuntu,SystemCallFilter_debug,SystemCallFilter,55,525,302,0.10476190476190476,0.06547585456304418,0.13829976932649404,C1X,lineage-distribution
ubuntu,SystemCallFilter_module,SystemCallFilter,55,525,302,0.10476190476190476,0.06550119766971917,0.13916895760851553,C1X,lineage-distribution
ubuntu,SystemCallFilter_mount,SystemCallFilter,52,525,302,0.09904761904761905,0.06363636363636363,0.13117290523061392,C1X,lineage-distribution
ubuntu,SystemCallFilter_obsolete,SystemCallFilter,56,525,302,0.10666666666666667,0.06584666133546582,0.14086557117697973,C1X,lineage-distribution
ubuntu,SystemCallFilter_privileged,SystemCallFilter,16,525,302,0.030476190476190476,0.011382113821138212,0.05779271895960484,C1X,lineage-distribution
ubuntu,SystemCallFilter_raw_io,SystemCallFilter,54,525,302,0.10285714285714286,0.06359220262601536,0.13800494776321817,C1X,lineage-distribution
ubuntu,SystemCallFilter_reboot,SystemCallFilter,56,525,302,0.10666666666666667,0.06516174156321035,0.14143103128252382,C1X,lineage-distribution
ubuntu,SystemCallFilter_resources,SystemCallFilter,17,525,302,0.03238095238095238,0.012986411736411737,0.06041222529280155,C1X,lineage-distribution
ubuntu,SystemCallFilter_swap,SystemCallFilter,56,525,302,0.10666666666666667,0.06666309012875536,0.14211283373958392,C1X,lineage-distribution
ubuntu,UMask,UMask,8,525,302,0.015238095238095238,0.003991619147391102,0.031686543654365386,C1X,lineage-distribution
ubuntu,UserOrDynamicUser,UserOrDynamicUser,129,525,302,0.24571428571428572,0.1859627635370848,0.3216802393219212,C1X,lineage-distribution
